DT_GERACAO,HH_GERACAO,ANO_ELEICAO,CD_TIPO_ELEICAO,NM_TIPO_ELEICAO,NR_TURNO,CD_ELEICAO,DS_ELEICAO,DT_ELEICAO,TP_ABRANGENCIA,SG_UF,SG_UE,NM_UE,CD_CARGO,DS_CARGO,SQ_CANDIDATO,NR_CANDIDATO,NM_CANDIDATO,NM_URNA_CANDIDATO,NM_SOCIAL_CANDIDATO,NR_CPF_CANDIDATO,DS_EMAIL,CD_SITUACAO_CANDIDATURA,DS_SITUACAO_CANDIDATURA,TP_AGREMIACAO,NR_PARTIDO,SG_PARTIDO,NM_PARTIDO,NR_FEDERACAO,NM_FEDERACAO,SG_FEDERACAO,DS_COMPOSICAO_FEDERACAO,SQ_COLIGACAO,NM_COLIGACAO,DS_COMPOSICAO_COLIGACAO,SG_UF_NASCIMENTO,DT_NASCIMENTO,NR_TITULO_ELEITORAL_CANDIDATO,CD_GENERO,DS_GENERO,CD_GRAU_INSTRUCAO,DS_GRAU_INSTRUCAO,CD_ESTADO_CIVIL,DS_ESTADO_CIVIL,CD_COR_RACA,DS_COR_RACA,CD_OCUPACAO,DS_OCUPACAO,CD_SIT_TOT_TURNO,DS_SIT_TOT_TURNO
05/10/2026,10:14:11,2026,2,ELEIÇÃO ORDINÁRIA,1,6259,Eleições Gerais Estaduais 2026,04/10/2026,ESTADUAL,PR,PR,PARANÁ,6,DEPUTADO FEDERAL,160002532588,4050,MARIO SETO TAKEGUMA JUNIOR,MARIO CERTO,#NULO,6434321910,NÃO DIVULGÁVEL,-3,#NE,PARTIDO ISOLADO,40,PSB,PARTIDO SOCIALISTA BRASILEIRO,-1,#NULO,#NULO,#NULO,160001800094,PARTIDO ISOLADO,PSB,PR,07/01/1987,92467190698,2,MASCULINO,8,SUPERIOR COMPLETO,1,SOLTEIRO(A),4,AMARELA,132,PSICÓLOGO,4,NÃO ELEITO
05/10/2026,10:14:11,2026,2,ELEIÇÃO ORDINÁRIA,1,6259,Eleições Gerais Estaduais 2026,04/10/2026,ESTADUAL,PR,PR,PARANÁ,6,DEPUTADO FEDERAL,160002532589,4045,ANTÔNIO FERNANDO TEIGAO,FERNANDÃO,#NULO,30357934920,NÃO DIVULGÁVEL,-3,#NE,PARTIDO ISOLADO,40,PSB,PARTIDO SOCIALISTA BRASILEIRO,-1,#NULO,#NULO,#NULO,160001800094,PARTIDO ISOLADO,PSB,PR,21/10/1957,12790340663,2,MASCULINO,8,SUPERIOR COMPLETO,3,CASADO(A),1,BRANCA,257,EMPRESÁRIO,4,NÃO ELEITO
05/10/2026,10:14:11,2026,2,ELEIÇÃO ORDINÁRIA,1,6259,Eleições Gerais Estaduais 2026,04/10/2026,ESTADUAL,PR,PR,PARANÁ,6,DEPUTADO FEDERAL,160002532590,4000,CAMILLA DE MORAES GONDA,CAMILLA GONDA,#NULO,10555616924,NÃO DIVULGÁVEL,-3,#NE,PARTIDO ISOLADO,40,PSB,PARTIDO SOCIALISTA BRASILEIRO,-1,#NULO,#NULO,#NULO,160001800094,PARTIDO ISOLADO,PSB,PR,14/10/2000,115434590639,4,FEMININO,8,SUPERIOR COMPLETO,1,SOLTEIRO(A),1,BRANCA,278,VEREADOR,4,NÃO ELEITO
05/10/2026,10:14:11,2026,2,ELEIÇÃO ORDINÁRIA,1,6259,Eleições Gerais Estaduais 2026,04/10/2026,ESTADUAL,PR,PR,PARANÁ,6,DEPUTADO FEDERAL,160002532591,4070,CHARLESTON ROBERTO DE OLIVEIRA MAYER JUNIOR,CHARLESTON JÚNIOR INCLUSÃO,#NULO,10945908946,NÃO DIVULGÁVEL,-3,#NE,PARTIDO ISOLADO,40,PSB,PARTIDO SOCIALISTA BRASILEIRO,-1,#NULO,#NULO,#NULO,160001800094,PARTIDO ISOLADO,PSB,PR,05/07/2004,124740900612,2,MASCULINO,7,SUPERIOR INCOMPLETO,1,SOLTEIRO(A),1,BRANCA,931,"ESTUDANTE, BOLSISTA, ESTAGIÁRIO E ASSEMELHADOS",4,NÃO ELEITO
05/10/2026,10:14:11,2026,2,ELEIÇÃO ORDINÁRIA,1,6259,Eleições Gerais Estaduais 2026,04/10/2026,ESTADUAL,PR,PR,PARANÁ,6,DEPUTADO FEDERAL,160002532592,4077,OMAR RAIMUNDO PICHETH NETO,OMAR PICHETH,#NULO,82002045968,NÃO DIVULGÁVEL,-3,#NE,PARTIDO ISOLADO,40,PSB,PARTIDO SOCIALISTA BRASILEIRO,-1,#NULO,#NULO,#NULO,160001800094,PARTIDO ISOLADO,PSB,PR,28/07/1971,46300400663,2,MASCULINO,8,SUPERIOR COMPLETO,9,DIVORCIADO(A),1,BRANCA,278,VEREADOR,4,NÃO ELEITO
05/10/2026,10:14:11,2026,2,ELEIÇÃO ORDINÁRIA,1,6259,Eleições Gerais Estaduais 2026,04/10/2026,ESTADUAL,PR,PR,PARANÁ,6,DEPUTADO FEDERAL,160002532593,4023,ELEANGELA VASQUE CERVILHA,ELEANGELA,#NULO,619131977,NÃO DIVULGÁVEL,-3,#NE,PARTIDO ISOLADO,40,PSB,PARTIDO SOCIALISTA BRASILEIRO,-1,#NULO,#NULO,#NULO,160001800094,PARTIDO ISOLADO,PSB,RJ,14/07/1981,75382530698,4,FEMININO,8,SUPERIOR COMPLETO,3,CASADO(A),1,BRANCA,257,EMPRESÁRIO,4,NÃO ELEITO
05/10/2026,10:14:11,2026,2,ELEIÇÃO ORDINÁRIA,1,6259,Eleições Gerais Estaduais 2026,04/10/2026,ESTADUAL,PR,PR,PARANÁ,6,DEPUTADO FEDERAL,160002532594,4001,EDSON FERNANDO DA SILVA,EDSON FERNANDO,#NULO,49878662934,NÃO DIVULGÁVEL,-3,#NE,PARTIDO ISOLADO,40,PSB,PARTIDO SOCIALISTA BRASILEIRO,-1,#NULO,#NULO,#NULO,160001800094,PARTIDO ISOLADO,PSB,PR,08/11/1963,27137010655,2,MASCULINO,8,SUPERIOR COMPLETO,9,DIVORCIADO(A),1,BRANCA,292,AGENTE ADMINISTRATIVO,4,NÃO ELEITO
05/10/2026,10:14:11,2026,2,ELEIÇÃO ORDINÁRIA,1,6259,Eleições Gerais Estaduais 2026,04/10/2026,ESTADUAL,PR,PR,PARANÁ,6,DEPUTADO FEDERAL,160002532595,4002,ANDERSON TUCHINSKI DE OLIVEIRA,ANDERSON DEOLI,#NULO,1560642947,NÃO DIVULGÁVEL,-3,#NE,PARTIDO ISOLADO,40,PSB,PARTIDO SOCIALISTA BRASILEIRO,-1,#NULO,#NULO,#NULO,160001800094,PARTIDO ISOLADO,PSB,PR,04/04/1974,57697780671,2,MASCULINO,8,SUPERIOR COMPLETO,9,DIVORCIADO(A),1,BRANCA,125,ADMINISTRADOR,4,NÃO ELEITO
05/10/2026,10:14:11,2026,2,ELEIÇÃO ORDINÁRIA,1,6259,Eleições Gerais Estaduais 2026,04/10/2026,ESTADUAL,PR,PR,PARANÁ,6,DEPUTADO FEDERAL,160002532596,4040,LUCIANO DUCCI,LUCIANO DUCCI,#NULO,20732376068,NÃO DIVULGÁVEL,-3,#NE,PARTIDO ISOLADO,40,PSB,PARTIDO SOCIALISTA BRASILEIRO,-1,#NULO,#NULO,#NULO,160001800094,PARTIDO ISOLADO,PSB,PR,23/03/1955,2771270663,2,MASCULINO,8,SUPERIOR COMPLETO,3,CASADO(A),1,BRANCA,277,DEPUTADO,4,NÃO ELEITO
05/10/2026,10:14:11,2026,2,ELEIÇÃO ORDINÁRIA,1,6259,Eleições Gerais Estaduais 2026,04/10/2026,ESTADUAL,PR,PR,PARANÁ,6,DEPUTADO FEDERAL,160002532597,4055,THAIS GOMES FERREIRA,THAIS GOMES,#NULO,4468717963,NÃO DIVULGÁVEL,-3,#NE,PARTIDO ISOLADO,40,PSB,PARTIDO SOCIALISTA BRASILEIRO,-1,#NULO,#NULO,#NULO,160001800094,PARTIDO ISOLADO,PSB,PR,14/06/1985,82581800604,4,FEMININO,8,SUPERIOR COMPLETO,1,SOLTEIRO(A),1,BRANCA,233,POLICIAL MILITAR,4,NÃO ELEITO
05/10/2026,10:14:11,2026,2,ELEIÇÃO ORDINÁRIA,1,6259,Eleições Gerais Estaduais 2026,04/10/2026,ESTADUAL,PR,PR,PARANÁ,6,DEPUTADO FEDERAL,160002532598,4010,LUCAS SIQUEIRA DIONISIO,LUCAS SIQUEIRA,#NULO,9784740907,NÃO DIVULGÁVEL,-3,#NE,PARTIDO ISOLADO,40,PSB,PARTIDO SOCIALISTA BRASILEIRO,-1,#NULO,#NULO,#NULO,160001800094,PARTIDO ISOLADO,PSB,PR,31/12/1994,106146380663,2,MASCULINO,7,SUPERIOR INCOMPLETO,1,SOLTEIRO(A),1,BRANCA,301,DIRETOR DE EMPRESAS,4,NÃO ELEITO
05/10/2026,10:14:11,2026,2,ELEIÇÃO ORDINÁRIA,1,6259,Eleições Gerais Estaduais 2026,04/10/2026,ESTADUAL,PR,PR,PARANÁ,6,DEPUTADO FEDERAL,160002532599,4025,VANDERLEI CORDEIRO DE ARRUDA,SOLDADO ARRUDA,#NULO,5082194933,NÃO DIVULGÁVEL,-3,#NE,PARTIDO ISOLADO,40,PSB,PARTIDO SOCIALISTA BRASILEIRO,-1,#NULO,#NULO,#NULO,160001800094,PARTIDO ISOLADO,PSB,PR,17/08/1986,87346220620,2,MASCULINO,6,ENSINO MÉDIO COMPLETO,1,SOLTEIRO(A),1,BRANCA,233,POLICIAL MILITAR,4,NÃO ELEITO
05/10/2026,10:14:11,2026,2,ELEIÇÃO ORDINÁRIA,1,6259,Eleições Gerais Estaduais 2026,04/10/2026,ESTADUAL,PR,PR,PARANÁ,6,DEPUTADO FEDERAL,160002532600,4044,REJANE SOLDANI SOBREIRO,REJANE SOLDANI,#NULO,541625993,NÃO DIVULGÁVEL,-3,#NE,PARTIDO ISOLADO,40,PSB,PARTIDO SOCIALISTA BRASILEIRO,-1,#NULO,#NULO,#NULO,160001800094,PARTIDO ISOLADO,PSB,PR,01/07/1979,70954710620,4,FEMININO,8,SUPERIOR COMPLETO,9,DIVORCIADO(A),3,PARDA,999,OUTROS,4,NÃO ELEITO
05/10/2026,10:14:11,2026,2,ELEIÇÃO ORDINÁRIA,1,6259,Eleições Gerais Estaduais 2026,04/10/2026,ESTADUAL,PR,PR,PARANÁ,6,DEPUTADO FEDERAL,160002532601,4043,MARLI DIAS GONÇALVES,PROFESSORA MARLI GONÇALVES,#NULO,48956635900,NÃO DIVULGÁVEL,-3,#NE,PARTIDO ISOLADO,40,PSB,PARTIDO SOCIALISTA BRASILEIRO,-1,#NULO,#NULO,#NULO,160001800094,PARTIDO ISOLADO,PSB,PR,07/01/1963,22695110671,4,FEMININO,8,SUPERIOR COMPLETO,1,SOLTEIRO(A),3,PARDA,923,APOSENTADO (EXCETO SERVIDOR PÚBLICO),4,NÃO ELEITO
05/10/2026,10:14:11,2026,2,ELEIÇÃO ORDINÁRIA,1,6259,Eleições Gerais Estaduais 2026,04/10/2026,ESTADUAL,PR,PR,PARANÁ,6,DEPUTADO FEDERAL,160002532602,4030,CLODOMIR LUIZ ASCARI,CLODOMIR ASCARI,#NULO,52486478949,NÃO DIVULGÁVEL,-3,#NE,PARTIDO ISOLADO,40,PSB,PARTIDO SOCIALISTA BRASILEIRO,-1,#NULO,#NULO,#NULO,160001800094,PARTIDO ISOLADO,PSB,PR,23/01/1965,51470000647,2,MASCULINO,8,SUPERIOR COMPLETO,3,CASADO(A),1,BRANCA,101,ENGENHEIRO,4,NÃO ELEITO
05/10/2026,10:14:11,2026,2,ELEIÇÃO ORDINÁRIA,1,6259,Eleições Gerais Estaduais 2026,04/10/2026,ESTADUAL,PR,PR,PARANÁ,6,DEPUTADO FEDERAL,160002532603,4035,MARIA APARECIDA DA SILVA REIS PEREIRA,TIA CIDA,#NULO,27721680930,NÃO DIVULGÁVEL,-3,#NE,PARTIDO ISOLADO,40,PSB,PARTIDO SOCIALISTA BRASILEIRO,-1,#NULO,#NULO,#NULO,160001800094,PARTIDO ISOLADO,PSB,PR,22/03/1957,33141590620,4,FEMININO,8,SUPERIOR COMPLETO,3,CASADO(A),1,BRANCA,132,PSICÓLOGO,4,NÃO ELEITO
05/10/2026,10:14:11,2026,2,ELEIÇÃO ORDINÁRIA,1,6259,Eleições Gerais Estaduais 2026,04/10/2026,ESTADUAL,PR,PR,PARANÁ,6,DEPUTADO FEDERAL,160002532604,4015,ARIOVALDO RIBEIRO CARDOSO,ARI RIBEIRO,#NULO,71859195920,NÃO DIVULGÁVEL,-3,#NE,PARTIDO ISOLADO,40,PSB,PARTIDO SOCIALISTA BRASILEIRO,-1,#NULO,#NULO,#NULO,160001800094,PARTIDO ISOLADO,PSB,PR,10/02/1972,52778760620,2,MASCULINO,6,ENSINO MÉDIO COMPLETO,9,DIVORCIADO(A),1,BRANCA,999,OUTROS,4,NÃO ELEITO
05/10/2026,10:14:11,2026,2,ELEIÇÃO ORDINÁRIA,1,6259,Eleições Gerais Estaduais 2026,04/10/2026,ESTADUAL,PR,PR,PARANÁ,6,DEPUTADO FEDERAL,160002532605,4022,IVODE KLEBER MENDES PEDROSO,INVESTIGADOR KLEBER KOMBATE,#NULO,412359910,NÃO DIVULGÁVEL,-3,#NE,PARTIDO ISOLADO,40,PSB,PARTIDO SOCIALISTA BRASILEIRO,-1,#NULO,#NULO,#NULO,160001800094,PARTIDO ISOLADO,PSB,PR,27/11/1977,64317480604,2,MASCULINO,8,SUPERIOR COMPLETO,1,SOLTEIRO(A),1,BRANCA,232,POLICIAL CIVIL,4,NÃO ELEITO
05/10/2026,10:14:11,2026,2,ELEIÇÃO ORDINÁRIA,1,6259,Eleições Gerais Estaduais 2026,04/10/2026,ESTADUAL,PR,PR,PARANÁ,6,DEPUTADO FEDERAL,160002532606,4060,GUSTAVO HENRIQUE APOLONI AGUERA,PROFESSOR GUSTAVO AGUERA,#NULO,8942409946,NÃO DIVULGÁVEL,-3,#NE,PARTIDO ISOLADO,40,PSB,PARTIDO SOCIALISTA BRASILEIRO,-1,#NULO,#NULO,#NULO,160001800094,PARTIDO ISOLADO,PSB,PR,15/01/1994,98531550671,2,MASCULINO,8,SUPERIOR COMPLETO,1,SOLTEIRO(A),1,BRANCA,142,PROFESSOR DE ENSINO SUPERIOR,4,NÃO ELEITO
05/10/2026,10:14:11,2026,2,ELEIÇÃO ORDINÁRIA,1,6259,Eleições Gerais Estaduais 2026,04/10/2026,ESTADUAL,PR,PR,PARANÁ,6,DEPUTADO FEDERAL,160002532607,4088,JHONY HENRIQUE MARIANO DA CUNHA,LAMBE-LAMBE,#NULO,10237218992,NÃO DIVULGÁVEL,-3,#NE,PARTIDO ISOLADO,40,PSB,PARTIDO SOCIALISTA BRASILEIRO,-1,#NULO,#NULO,#NULO,160001800094,PARTIDO ISOLADO,PSB,PR,13/04/2000,112044520620,2,MASCULINO,6,ENSINO MÉDIO COMPLETO,3,CASADO(A),3,PARDA,999,OUTROS,4,NÃO ELEITO
05/10/2026,10:14:11,2026,2,ELEIÇÃO ORDINÁRIA,1,6259,Eleições Gerais Estaduais 2026,04/10/2026,ESTADUAL,PR,PR,PARANÁ,6,DEPUTADO FEDERAL,160002532608,4012,MARCELO DA ROSA,SOLITÁRIO,#NULO,526970960,NÃO DIVULGÁVEL,-3,#NE,PARTIDO ISOLADO,40,PSB,PARTIDO SOCIALISTA BRASILEIRO,-1,#NULO,#NULO,#NULO,160001800094,PARTIDO ISOLADO,PSB,PR,30/05/1980,75706370671,2,MASCULINO,3,ENSINO FUNDAMENTAL INCOMPLETO,1,SOLTEIRO(A),1,BRANCA,532,MOTORISTA DE VEÍCULOS DE TRANSPORTE DE CARGA,4,NÃO ELEITO
05/10/2026,10:14:11,2026,2,ELEIÇÃO ORDINÁRIA,1,6259,Eleições Gerais Estaduais 2026,04/10/2026,ESTADUAL,PR,PR,PARANÁ,6,DEPUTADO FEDERAL,160002532609,4004,GILSON MOREIRA DA SILVA,PR. GILSON DA AMBULÂNCIA,#NULO,771906960,NÃO DIVULGÁVEL,-3,#NE,PARTIDO ISOLADO,40,PSB,PARTIDO SOCIALISTA BRASILEIRO,-1,#NULO,#NULO,#NULO,160001800094,PARTIDO ISOLADO,PSB,PR,02/07/1978,69228030655,2,MASCULINO,6,ENSINO MÉDIO COMPLETO,3,CASADO(A),1,BRANCA,278,VEREADOR,4,NÃO ELEITO
05/10/2026,10:14:11,2026,2,ELEIÇÃO ORDINÁRIA,1,6259,Eleições Gerais Estaduais 2026,04/10/2026,ESTADUAL,PR,PR,PARANÁ,6,DEPUTADO FEDERAL,160002532610,4042,AMANDA MEDEIROS DIAS,DRA AMANDA MEDEIROS,#NULO,1016675909,NÃO DIVULGÁVEL,-3,#NE,PARTIDO ISOLADO,40,PSB,PARTIDO SOCIALISTA BRASILEIRO,-1,#NULO,#NULO,#NULO,160001800094,PARTIDO ISOLADO,PSB,PR,22/05/1992,97935330663,4,FEMININO,8,SUPERIOR COMPLETO,3,CASADO(A),1,BRANCA,111,MÉDICO,4,NÃO ELEITO
05/10/2026,10:14:11,2026,2,ELEIÇÃO ORDINÁRIA,1,6259,Eleições Gerais Estaduais 2026,04/10/2026,ESTADUAL,PR,PR,PARANÁ,6,DEPUTADO FEDERAL,160002532611,4066,MARILU CAROLESKI DO PRADO,ENFERMEIRA MARILU,#NULO,1913127974,NÃO DIVULGÁVEL,-3,#NE,PARTIDO ISOLADO,40,PSB,PARTIDO SOCIALISTA BRASILEIRO,-1,#NULO,#NULO,#NULO,160001800094,PARTIDO ISOLADO,PSB,PR,11/05/1976,66166260680,4,FEMININO,8,SUPERIOR COMPLETO,3,CASADO(A),1,BRANCA,113,ENFERMEIRO,4,NÃO ELEITO
05/10/2026,10:14:11,2026,2,ELEIÇÃO ORDINÁRIA,1,6259,Eleições Gerais Estaduais 2026,04/10/2026,ESTADUAL,PR,PR,PARANÁ,6,DEPUTADO FEDERAL,160002532612,4080,ELAINE CRISTINA FARIA MARINS,ELAINE MARINS,#NULO,826436951,NÃO DIVULGÁVEL,-3,#NE,PARTIDO ISOLADO,40,PSB,PARTIDO SOCIALISTA BRASILEIRO,-1,#NULO,#NULO,#NULO,160001800094,PARTIDO ISOLADO,PSB,PR,25/05/1978,65089430604,4,FEMININO,8,SUPERIOR COMPLETO,9,DIVORCIADO(A),3,PARDA,230,PEDAGOGO,4,NÃO ELEITO
05/10/2026,10:14:11,2026,2,ELEIÇÃO ORDINÁRIA,1,6259,Eleições Gerais Estaduais 2026,04/10/2026,ESTADUAL,PR,PR,PARANÁ,6,DEPUTADO FEDERAL,160002532613,4020,VALDIRIA IZIDORO LAUTON,DIRA,#NULO,5297862906,NÃO DIVULGÁVEL,-3,#NE,PARTIDO ISOLADO,40,PSB,PARTIDO SOCIALISTA BRASILEIRO,-1,#NULO,#NULO,#NULO,160001800094,PARTIDO ISOLADO,PSB,SP,20/10/1972,50516080663,4,FEMININO,6,ENSINO MÉDIO COMPLETO,3,CASADO(A),2,PRETA,999,OUTROS,4,NÃO ELEITO
05/10/2026,10:14:11,2026,2,ELEIÇÃO ORDINÁRIA,1,6259,Eleições Gerais Estaduais 2026,04/10/2026,ESTADUAL,PR,PR,PARANÁ,6,DEPUTADO FEDERAL,160002532614,4099,FRANCISMAR PRESTES LEAL,DR. FRANCISMAR,#NULO,57874484053,NÃO DIVULGÁVEL,-3,#NE,PARTIDO ISOLADO,40,PSB,PARTIDO SOCIALISTA BRASILEIRO,-1,#NULO,#NULO,#NULO,160001800094,PARTIDO ISOLADO,PSB,RS,17/09/1969,51800580469,2,MASCULINO,8,SUPERIOR COMPLETO,3,CASADO(A),1,BRANCA,111,MÉDICO,4,NÃO ELEITO
05/10/2026,10:14:11,2026,2,ELEIÇÃO ORDINÁRIA,1,6259,Eleições Gerais Estaduais 2026,04/10/2026,ESTADUAL,PR,PR,PARANÁ,6,DEPUTADO FEDERAL,160002532615,4041,JOÃO JOSÉ DOS SANTOS,JOTA JÚNIOR,#NULO,46701974953,NÃO DIVULGÁVEL,-3,#NE,PARTIDO ISOLADO,40,PSB,PARTIDO SOCIALISTA BRASILEIRO,-1,#NULO,#NULO,#NULO,160001800094,PARTIDO ISOLADO,PSB,SP,01/10/1962,46492970663,2,MASCULINO,5,ENSINO MÉDIO INCOMPLETO,1,SOLTEIRO(A),3,PARDA,999,OUTROS,4,NÃO ELEITO
05/10/2026,10:14:11,2026,2,ELEIÇÃO ORDINÁRIA,1,6259,Eleições Gerais Estaduais 2026,04/10/2026,ESTADUAL,PR,PR,PARANÁ,6,DEPUTADO FEDERAL,160002532616,4033,RÔMULO VERAS BEZERRA,RÔMULO VERAS,#NULO,36129061862,NÃO DIVULGÁVEL,-3,#NE,PARTIDO ISOLADO,40,PSB,PARTIDO SOCIALISTA BRASILEIRO,-1,#NULO,#NULO,#NULO,160001800094,PARTIDO ISOLADO,PSB,MA,22/04/1987,344042270183,2,MASCULINO,8,SUPERIOR COMPLETO,1,SOLTEIRO(A),2,PRETA,244,TÉCNICO EM EDIFICAÇÕES,4,NÃO ELEITO
05/10/2026,10:14:11,2026,2,ELEIÇÃO ORDINÁRIA,1,6259,Eleições Gerais Estaduais 2026,04/10/2026,ESTADUAL,PR,PR,PARANÁ,6,DEPUTADO FEDERAL,160002532617,4011,HAROLDO RODRIGUES FERREIRA,DR HAROLDO,#NULO,3948447187,NÃO DIVULGÁVEL,-3,#NE,PARTIDO ISOLADO,40,PSB,PARTIDO SOCIALISTA BRASILEIRO,-1,#NULO,#NULO,#NULO,160001800094,PARTIDO ISOLADO,PSB,MS,25/08/1945,19149950663,2,MASCULINO,8,SUPERIOR COMPLETO,3,CASADO(A),1,BRANCA,111,MÉDICO,4,NÃO ELEITO
05/10/2026,10:14:11,2026,2,ELEIÇÃO ORDINÁRIA,1,6259,Eleições Gerais Estaduais 2026,04/10/2026,ESTADUAL,PR,PR,PARANÁ,6,DEPUTADO FEDERAL,160002532618,4008,JOSE CARLOS MARQUES DA SILVA,CARLINHOS BANDA GARRAFÃO,#NULO,72934905934,NÃO DIVULGÁVEL,-3,#NE,PARTIDO ISOLADO,40,PSB,PARTIDO SOCIALISTA BRASILEIRO,-1,#NULO,#NULO,#NULO,160001800094,PARTIDO ISOLADO,PSB,PB,03/11/1971,54141480663,2,MASCULINO,8,SUPERIOR COMPLETO,3,CASADO(A),3,PARDA,164,MÚSICO,4,NÃO ELEITO
05/10/2026,10:14:11,2026,2,ELEIÇÃO ORDINÁRIA,1,6259,Eleições Gerais Estaduais 2026,04/10/2026,ESTADUAL,PR,PR,PARANÁ,6,DEPUTADO FEDERAL,160002532849,4450,GABRIEL SOUZA DA SILVA,GABRIEL PAVAN,#NULO,3263222996,NÃO DIVULGÁVEL,-3,#NE,FEDERAÇÃO,44,UNIÃO,UNIÃO BRASIL,104,FEDERAÇÃO UNIÃO PROGRESSISTA,44-UNIÃO/11-PP,44-UNIÃO/11-PP,160001800133,FEDERAÇÃO,FEDERAÇÃO UNIÃO PROGRESSISTA (44-UNIÃO / 11-PP),MS,08/09/1966,37159100906,2,MASCULINO,6,ENSINO MÉDIO COMPLETO,1,SOLTEIRO(A),1,BRANCA,246,"TÉCNICO DE OBRAS CIVIS, ESTRADAS, SANEAMENTO E ASSEMELHADOS",5,SUPLENTE
05/10/2026,10:14:11,2026,2,ELEIÇÃO ORDINÁRIA,1,6259,Eleições Gerais Estaduais 2026,04/10/2026,ESTADUAL,PR,PR,PARANÁ,6,DEPUTADO FEDERAL,160002532850,1133,THIAGO YOSHIO FINGSTAG KODAMA,THIAGO KODAMA,#NULO,4809488950,NÃO DIVULGÁVEL,-3,#NE,FEDERAÇÃO,11,PP,PROGRESSISTAS,104,FEDERAÇÃO UNIÃO PROGRESSISTA,44-UNIÃO/11-PP,44-UNIÃO/11-PP,160001800133,FEDERAÇÃO,FEDERAÇÃO UNIÃO PROGRESSISTA (44-UNIÃO / 11-PP),PR,06/02/1986,82301430639,2,MASCULINO,8,SUPERIOR COMPLETO,3,CASADO(A),1,BRANCA,298,SERVIDOR PÚBLICO MUNICIPAL,5,SUPLENTE
05/10/2026,10:14:11,2026,2,ELEIÇÃO ORDINÁRIA,1,6259,Eleições Gerais Estaduais 2026,04/10/2026,ESTADUAL,PR,PR,PARANÁ,6,DEPUTADO FEDERAL,160002532851,1111,ANTONIO WANDSCHEER,TONINHO WANDSCHEER,#NULO,18591035968,NÃO DIVULGÁVEL,-3,#NE,FEDERAÇÃO,11,PP,PROGRESSISTAS,104,FEDERAÇÃO UNIÃO PROGRESSISTA,44-UNIÃO/11-PP,44-UNIÃO/11-PP,160001800133,FEDERAÇÃO,FEDERAÇÃO UNIÃO PROGRESSISTA (44-UNIÃO / 11-PP),PR,31/08/1950,3951900612,2,MASCULINO,8,SUPERIOR COMPLETO,3,CASADO(A),1,BRANCA,277,DEPUTADO,2,ELEITO POR QP
05/10/2026,10:14:11,2026,2,ELEIÇÃO ORDINÁRIA,1,6259,Eleições Gerais Estaduais 2026,04/10/2026,ESTADUAL,PR,PR,PARANÁ,6,DEPUTADO FEDERAL,160002532852,4440,HERMES PARCIANELLO,HERMES FRANGÃO PARCIANELLO,#NULO,33496315920,NÃO DIVULGÁVEL,-3,#NE,FEDERAÇÃO,44,UNIÃO,UNIÃO BRASIL,104,FEDERAÇÃO UNIÃO PROGRESSISTA,44-UNIÃO/11-PP,44-UNIÃO/11-PP,160001800133,FEDERAÇÃO,FEDERAÇÃO UNIÃO PROGRESSISTA (44-UNIÃO / 11-PP),PR,25/04/1958,39650000663,2,MASCULINO,8,SUPERIOR COMPLETO,3,CASADO(A),1,BRANCA,124,CONTADOR,5,SUPLENTE
05/10/2026,10:14:11,2026,2,ELEIÇÃO ORDINÁRIA,1,6259,Eleições Gerais Estaduais 2026,04/10/2026,ESTADUAL,PR,PR,PARANÁ,6,DEPUTADO FEDERAL,160002532853,1123,ISABEL CRISTINA RAUEN SILVESTRI,CRISTINA SILVESTRI,#NULO,65480244949,NÃO DIVULGÁVEL,-3,#NE,FEDERAÇÃO,11,PP,PROGRESSISTAS,104,FEDERAÇÃO UNIÃO PROGRESSISTA,44-UNIÃO/11-PP,44-UNIÃO/11-PP,160001800133,FEDERAÇÃO,FEDERAÇÃO UNIÃO PROGRESSISTA (44-UNIÃO / 11-PP),PR,16/03/1957,14235020612,4,FEMININO,8,SUPERIOR COMPLETO,5,VIÚVO(A),1,BRANCA,277,DEPUTADO,5,SUPLENTE
05/10/2026,10:14:11,2026,2,ELEIÇÃO ORDINÁRIA,1,6259,Eleições Gerais Estaduais 2026,04/10/2026,ESTADUAL,PR,PR,PARANÁ,6,DEPUTADO FEDERAL,160002532854,1101,DANIELE ZIOBER SBORGI,DANI ZIOBER,#NULO,3025951982,NÃO DIVULGÁVEL,-3,#NE,FEDERAÇÃO,11,PP,PROGRESSISTAS,104,FEDERAÇÃO UNIÃO PROGRESSISTA,44-UNIÃO/11-PP,44-UNIÃO/11-PP,160001800133,FEDERAÇÃO,FEDERAÇÃO UNIÃO PROGRESSISTA (44-UNIÃO / 11-PP),PR,12/03/1979,70539520698,4,FEMININO,8,SUPERIOR COMPLETO,9,DIVORCIADO(A),1,BRANCA,118,FONOAUDIÓLOGO,5,SUPLENTE
05/10/2026,10:14:11,2026,2,ELEIÇÃO ORDINÁRIA,1,6259,Eleições Gerais Estaduais 2026,04/10/2026,ESTADUAL,PR,PR,PARANÁ,6,DEPUTADO FEDERAL,160002532855,4433,LUÍSA CANZIANI DOS SANTOS SILVEIRA,LUISA CANZIANI,#NULO,5823529910,NÃO DIVULGÁVEL,-3,#NE,FEDERAÇÃO,44,UNIÃO,UNIÃO BRASIL,104,FEDERAÇÃO UNIÃO PROGRESSISTA,44-UNIÃO/11-PP,44-UNIÃO/11-PP,160001800133,FEDERAÇÃO,FEDERAÇÃO UNIÃO PROGRESSISTA (44-UNIÃO / 11-PP),PR,11/04/1996,104406470604,4,FEMININO,8,SUPERIOR COMPLETO,1,SOLTEIRO(A),1,BRANCA,131,ADVOGADO,5,SUPLENTE
05/10/2026,10:14:11,2026,2,ELEIÇÃO ORDINÁRIA,1,6259,Eleições Gerais Estaduais 2026,04/10/2026,ESTADUAL,PR,PR,PARANÁ,6,DEPUTADO FEDERAL,160002532856,1120,MARCELO BELINATI MARTINS,MARCELO BELINATI,#NULO,87120313991,NÃO DIVULGÁVEL,-3,#NE,FEDERAÇÃO,11,PP,PROGRESSISTAS,104,FEDERAÇÃO UNIÃO PROGRESSISTA,44-UNIÃO/11-PP,44-UNIÃO/11-PP,160001800133,FEDERAÇÃO,FEDERAÇÃO UNIÃO PROGRESSISTA (44-UNIÃO / 11-PP),PR,22/07/1971,46740810639,2,MASCULINO,8,SUPERIOR COMPLETO,3,CASADO(A),1,BRANCA,111,MÉDICO,3,ELEITO POR MÉDIA
05/10/2026,10:14:11,2026,2,ELEIÇÃO ORDINÁRIA,1,6259,Eleições Gerais Estaduais 2026,04/10/2026,ESTADUAL,PR,PR,PARANÁ,6,DEPUTADO FEDERAL,160002532857,1151,RICARDO JOSE MAGALHÃES BARROS,RICARDO BARROS,#NULO,42478979934,NÃO DIVULGÁVEL,-3,#NE,FEDERAÇÃO,11,PP,PROGRESSISTAS,104,FEDERAÇÃO UNIÃO PROGRESSISTA,44-UNIÃO/11-PP,44-UNIÃO/11-PP,160001800133,FEDERAÇÃO,FEDERAÇÃO UNIÃO PROGRESSISTA (44-UNIÃO / 11-PP),PR,15/11/1959,17866770647,2,MASCULINO,8,SUPERIOR COMPLETO,3,CASADO(A),1,BRANCA,277,DEPUTADO,2,ELEITO POR QP
05/10/2026,10:14:11,2026,2,ELEIÇÃO ORDINÁRIA,1,6259,Eleições Gerais Estaduais 2026,04/10/2026,ESTADUAL,PR,PR,PARANÁ,6,DEPUTADO FEDERAL,160002532858,1199,SEBASTIÃO HENRIQUE DE MEDEIROS,TIÃO MEDEIROS,#NULO,4092237944,NÃO DIVULGÁVEL,-3,#NE,FEDERAÇÃO,11,PP,PROGRESSISTAS,104,FEDERAÇÃO UNIÃO PROGRESSISTA,44-UNIÃO/11-PP,44-UNIÃO/11-PP,160001800133,FEDERAÇÃO,FEDERAÇÃO UNIÃO PROGRESSISTA (44-UNIÃO / 11-PP),PR,08/01/1983,76485610671,2,MASCULINO,8,SUPERIOR COMPLETO,3,CASADO(A),1,BRANCA,277,DEPUTADO,2,ELEITO POR QP
05/10/2026,10:14:11,2026,2,ELEIÇÃO ORDINÁRIA,1,6259,Eleições Gerais Estaduais 2026,04/10/2026,ESTADUAL,PR,PR,PARANÁ,6,DEPUTADO FEDERAL,160002532859,4412,PAULO HENRIQUE COLETTI FERNANDES,PAULO LITRO,#NULO,7196225902,NÃO DIVULGÁVEL,-3,#NE,FEDERAÇÃO,44,UNIÃO,UNIÃO BRASIL,104,FEDERAÇÃO UNIÃO PROGRESSISTA,44-UNIÃO/11-PP,44-UNIÃO/11-PP,160001800133,FEDERAÇÃO,FEDERAÇÃO UNIÃO PROGRESSISTA (44-UNIÃO / 11-PP),PR,30/10/1991,94109140612,2,MASCULINO,8,SUPERIOR COMPLETO,3,CASADO(A),1,BRANCA,131,ADVOGADO,2,ELEITO POR QP
05/10/2026,10:14:11,2026,2,ELEIÇÃO ORDINÁRIA,1,6259,Eleições Gerais Estaduais 2026,04/10/2026,ESTADUAL,PR,PR,PARANÁ,6,DEPUTADO FEDERAL,160002532860,4467,JACIARA NOVAES MELLO,JACIARA NOVAES,#NULO,4282619902,NÃO DIVULGÁVEL,-3,#NE,FEDERAÇÃO,44,UNIÃO,UNIÃO BRASIL,104,FEDERAÇÃO UNIÃO PROGRESSISTA,44-UNIÃO/11-PP,44-UNIÃO/11-PP,160001800133,FEDERAÇÃO,FEDERAÇÃO UNIÃO PROGRESSISTA (44-UNIÃO / 11-PP),PR,01/03/1983,78098960639,4,FEMININO,8,SUPERIOR COMPLETO,1,SOLTEIRO(A),2,PRETA,171,JORNALISTA E REDATOR,5,SUPLENTE
05/10/2026,10:14:11,2026,2,ELEIÇÃO ORDINÁRIA,1,6259,Eleições Gerais Estaduais 2026,04/10/2026,ESTADUAL,PR,PR,PARANÁ,6,DEPUTADO FEDERAL,160002532861,1177,CRISTINA MARCIA SORIANO VELOSO ANDREACCI,DRA. CRIS VELOSO,#NULO,57625271900,NÃO DIVULGÁVEL,-3,#NE,FEDERAÇÃO,11,PP,PROGRESSISTAS,104,FEDERAÇÃO UNIÃO PROGRESSISTA,44-UNIÃO/11-PP,44-UNIÃO/11-PP,160001800133,FEDERAÇÃO,FEDERAÇÃO UNIÃO PROGRESSISTA (44-UNIÃO / 11-PP),PR,23/11/1964,3012350620,4,FEMININO,8,SUPERIOR COMPLETO,5,VIÚVO(A),1,BRANCA,111,MÉDICO,5,SUPLENTE
05/10/2026,10:14:11,2026,2,ELEIÇÃO ORDINÁRIA,1,6259,Eleições Gerais Estaduais 2026,04/10/2026,ESTADUAL,PR,PR,PARANÁ,6,DEPUTADO FEDERAL,160002532862,4477,FLAVIO DUBEN FERRARI,FLÁVIO FERRARI - FACA NA BOTA,#NULO,6118404992,NÃO DIVULGÁVEL,-3,#NE,FEDERAÇÃO,44,UNIÃO,UNIÃO BRASIL,104,FEDERAÇÃO UNIÃO PROGRESSISTA,44-UNIÃO/11-PP,44-UNIÃO/11-PP,160001800133,FEDERAÇÃO,FEDERAÇÃO UNIÃO PROGRESSISTA (44-UNIÃO / 11-PP),PR,11/10/1985,88398780612,2,MASCULINO,8,SUPERIOR COMPLETO,9,DIVORCIADO(A),1,BRANCA,171,JORNALISTA E REDATOR,5,SUPLENTE
05/10/2026,10:14:11,2026,2,ELEIÇÃO ORDINÁRIA,1,6259,Eleições Gerais Estaduais 2026,04/10/2026,ESTADUAL,PR,PR,PARANÁ,6,DEPUTADO FEDERAL,160002532863,4400,DIEGO ALEXSANDER GONÇALO PAULA GARCIA,DIEGO GARCIA,#NULO,4702291955,NÃO DIVULGÁVEL,-3,#NE,FEDERAÇÃO,44,UNIÃO,UNIÃO BRASIL,104,FEDERAÇÃO UNIÃO PROGRESSISTA,44-UNIÃO/11-PP,44-UNIÃO/11-PP,160001800133,FEDERAÇÃO,FEDERAÇÃO UNIÃO PROGRESSISTA (44-UNIÃO / 11-PP),PR,10/10/1984,80118710620,2,MASCULINO,8,SUPERIOR COMPLETO,3,CASADO(A),3,PARDA,277,DEPUTADO,5,SUPLENTE
05/10/2026,10:14:11,2026,2,ELEIÇÃO ORDINÁRIA,1,6259,Eleições Gerais Estaduais 2026,04/10/2026,ESTADUAL,PR,PR,PARANÁ,6,DEPUTADO FEDERAL,160002532864,4466,MARIA DE FATIMA CLARO NUNES,FÁTIMA NUNES,#NULO,66922364953,NÃO DIVULGÁVEL,-3,#NE,FEDERAÇÃO,44,UNIÃO,UNIÃO BRASIL,104,FEDERAÇÃO UNIÃO PROGRESSISTA,44-UNIÃO/11-PP,44-UNIÃO/11-PP,160001800133,FEDERAÇÃO,FEDERAÇÃO UNIÃO PROGRESSISTA (44-UNIÃO / 11-PP),PR,25/10/1969,44030550604,4,FEMININO,6,ENSINO MÉDIO COMPLETO,3,CASADO(A),1,BRANCA,257,EMPRESÁRIO,-1,#NULO
05/10/2026,10:14:11,2026,2,ELEIÇÃO ORDINÁRIA,1,6259,Eleições Gerais Estaduais 2026,04/10/2026,ESTADUAL,PR,PR,PARANÁ,6,DEPUTADO FEDERAL,160002532865,4456,EMERSON FERREIRA FRANÇA,SUB-TENENTE FRANÇA,#NULO,2214742930,NÃO DIVULGÁVEL,-3,#NE,FEDERAÇÃO,44,UNIÃO,UNIÃO BRASIL,104,FEDERAÇÃO UNIÃO PROGRESSISTA,44-UNIÃO/11-PP,44-UNIÃO/11-PP,160001800133,FEDERAÇÃO,FEDERAÇÃO UNIÃO PROGRESSISTA (44-UNIÃO / 11-PP),PR,15/05/1975,53460880604,2,MASCULINO,8,SUPERIOR COMPLETO,3,CASADO(A),1,BRANCA,233,POLICIAL MILITAR,5,SUPLENTE
05/10/2026,10:14:11,2026,2,ELEIÇÃO ORDINÁRIA,1,6259,Eleições Gerais Estaduais 2026,04/10/2026,ESTADUAL,PR,PR,PARANÁ,6,DEPUTADO FEDERAL,160002532866,1144,NAIANY BOLOGNESI HRUSCHKA SALVADORI,NAIANY HRUSCHKA,#NULO,4816468927,NÃO DIVULGÁVEL,-3,#NE,FEDERAÇÃO,11,PP,PROGRESSISTAS,104,FEDERAÇÃO UNIÃO PROGRESSISTA,44-UNIÃO/11-PP,44-UNIÃO/11-PP,160001800133,FEDERAÇÃO,FEDERAÇÃO UNIÃO PROGRESSISTA (44-UNIÃO / 11-PP),PR,24/06/1984,77624910620,4,FEMININO,8,SUPERIOR COMPLETO,3,CASADO(A),1,BRANCA,602,PECUARISTA,5,SUPLENTE
05/10/2026,10:14:11,2026,2,ELEIÇÃO ORDINÁRIA,1,6259,Eleições Gerais Estaduais 2026,04/10/2026,ESTADUAL,PR,PR,PARANÁ,6,DEPUTADO FEDERAL,160002532867,1103,JULIETA MARIA BRAGA CORTES FIALHO DOS REIS,JULIETA REIS,#NULO,18614132972,NÃO DIVULGÁVEL,-3,#NE,FEDERAÇÃO,11,PP,PROGRESSISTAS,104,FEDERAÇÃO UNIÃO PROGRESSISTA,44-UNIÃO/11-PP,44-UNIÃO/11-PP,160001800133,FEDERAÇÃO,FEDERAÇÃO UNIÃO PROGRESSISTA (44-UNIÃO / 11-PP),PR,29/08/1947,2344650639,4,FEMININO,8,SUPERIOR COMPLETO,5,VIÚVO(A),1,BRANCA,923,APOSENTADO (EXCETO SERVIDOR PÚBLICO),5,SUPLENTE
05/10/2026,10:14:11,2026,2,ELEIÇÃO ORDINÁRIA,1,6259,Eleições Gerais Estaduais 2026,04/10/2026,ESTADUAL,PR,PR,PARANÁ,6,DEPUTADO FEDERAL,160002532868,1190,GERSON DE JESUS MONTEIRO JUNIOR,SOLDADO GERSON,#NULO,8255996958,NÃO DIVULGÁVEL,-3,#NE,FEDERAÇÃO,11,PP,PROGRESSISTAS,104,FEDERAÇÃO UNIÃO PROGRESSISTA,44-UNIÃO/11-PP,44-UNIÃO/11-PP,160001800133,FEDERAÇÃO,FEDERAÇÃO UNIÃO PROGRESSISTA (44-UNIÃO / 11-PP),PR,13/06/1990,100401720647,2,MASCULINO,8,SUPERIOR COMPLETO,3,CASADO(A),1,BRANCA,233,POLICIAL MILITAR,5,SUPLENTE
05/10/2026,10:14:11,2026,2,ELEIÇÃO ORDINÁRIA,1,6259,Eleições Gerais Estaduais 2026,04/10/2026,ESTADUAL,PR,PR,PARANÁ,6,DEPUTADO FEDERAL,160002532869,1100,ALEXANDRE DE FREITAS,ALEXANDRE ROLLER,#NULO,3480374905,NÃO DIVULGÁVEL,-3,#NE,FEDERAÇÃO,11,PP,PROGRESSISTAS,104,FEDERAÇÃO UNIÃO PROGRESSISTA,44-UNIÃO/11-PP,44-UNIÃO/11-PP,160001800133,FEDERAÇÃO,FEDERAÇÃO UNIÃO PROGRESSISTA (44-UNIÃO / 11-PP),PR,27/05/1978,70867680620,2,MASCULINO,6,ENSINO MÉDIO COMPLETO,9,DIVORCIADO(A),2,PRETA,235,PROFESSOR E INSTRUTOR DE FORMAÇÃO PROFISSIONAL,-1,#NULO
05/10/2026,10:14:11,2026,2,ELEIÇÃO ORDINÁRIA,1,6259,Eleições Gerais Estaduais 2026,04/10/2026,ESTADUAL,PR,PR,PARANÁ,6,DEPUTADO FEDERAL,160002532870,1155,MARCELO SETIM DAL NEGRO DA ROCHA,MARCELO DAL NEGRO,#NULO,9952319908,NÃO DIVULGÁVEL,-3,#NE,FEDERAÇÃO,11,PP,PROGRESSISTAS,104,FEDERAÇÃO UNIÃO PROGRESSISTA,44-UNIÃO/11-PP,44-UNIÃO/11-PP,160001800133,FEDERAÇÃO,FEDERAÇÃO UNIÃO PROGRESSISTA (44-UNIÃO / 11-PP),PR,27/11/1994,101595060698,2,MASCULINO,6,ENSINO MÉDIO COMPLETO,1,SOLTEIRO(A),1,BRANCA,257,EMPRESÁRIO,5,SUPLENTE
05/10/2026,10:14:11,2026,2,ELEIÇÃO ORDINÁRIA,1,6259,Eleições Gerais Estaduais 2026,04/10/2026,ESTADUAL,PR,PR,PARANÁ,6,DEPUTADO FEDERAL,160002532871,4411,ELISANGELA REZENDE SALDIVAR,ELIS SALDIVAR,#NULO,94622817934,NÃO DIVULGÁVEL,-3,#NE,FEDERAÇÃO,44,UNIÃO,UNIÃO BRASIL,104,FEDERAÇÃO UNIÃO PROGRESSISTA,44-UNIÃO/11-PP,44-UNIÃO/11-PP,160001800133,FEDERAÇÃO,FEDERAÇÃO UNIÃO PROGRESSISTA (44-UNIÃO / 11-PP),PR,05/02/1974,64813280620,4,FEMININO,8,SUPERIOR COMPLETO,1,SOLTEIRO(A),1,BRANCA,298,SERVIDOR PÚBLICO MUNICIPAL,5,SUPLENTE
05/10/2026,10:14:11,2026,2,ELEIÇÃO ORDINÁRIA,1,6259,Eleições Gerais Estaduais 2026,04/10/2026,ESTADUAL,PR,PR,PARANÁ,6,DEPUTADO FEDERAL,160002532872,4488,HILTON SANTIN ROVEDA,SANTIN ROVEDA,#NULO,3041940930,NÃO DIVULGÁVEL,-3,#NE,FEDERAÇÃO,44,UNIÃO,UNIÃO BRASIL,104,FEDERAÇÃO UNIÃO PROGRESSISTA,44-UNIÃO/11-PP,44-UNIÃO/11-PP,160001800133,FEDERAÇÃO,FEDERAÇÃO UNIÃO PROGRESSISTA (44-UNIÃO / 11-PP),PR,26/12/1981,67111350612,2,MASCULINO,8,SUPERIOR COMPLETO,3,CASADO(A),1,BRANCA,257,EMPRESÁRIO,5,SUPLENTE
05/10/2026,10:14:11,2026,2,ELEIÇÃO ORDINÁRIA,1,6259,Eleições Gerais Estaduais 2026,04/10/2026,ESTADUAL,PR,PR,PARANÁ,6,DEPUTADO FEDERAL,160002532873,1121,EMANUEL DE LIMA CAVALAR,EMANUEL CAVALAR,#NULO,6079335930,NÃO DIVULGÁVEL,-3,#NE,FEDERAÇÃO,11,PP,PROGRESSISTAS,104,FEDERAÇÃO UNIÃO PROGRESSISTA,44-UNIÃO/11-PP,44-UNIÃO/11-PP,160001800133,FEDERAÇÃO,FEDERAÇÃO UNIÃO PROGRESSISTA (44-UNIÃO / 11-PP),PR,25/02/1996,103649610612,2,MASCULINO,8,SUPERIOR COMPLETO,1,SOLTEIRO(A),1,BRANCA,234,PRODUTOR AGROPECUÁRIO,5,SUPLENTE
05/10/2026,10:14:11,2026,2,ELEIÇÃO ORDINÁRIA,1,6259,Eleições Gerais Estaduais 2026,04/10/2026,ESTADUAL,PR,PR,PARANÁ,6,DEPUTADO FEDERAL,160002532874,1122,DILCEU JOÃO SPERAFICO,DILCEU SPERAFICO,#NULO,11979216991,NÃO DIVULGÁVEL,-3,#NE,FEDERAÇÃO,11,PP,PROGRESSISTAS,104,FEDERAÇÃO UNIÃO PROGRESSISTA,44-UNIÃO/11-PP,44-UNIÃO/11-PP,160001800133,FEDERAÇÃO,FEDERAÇÃO UNIÃO PROGRESSISTA (44-UNIÃO / 11-PP),RS,26/01/1948,20830410663,2,MASCULINO,8,SUPERIOR COMPLETO,3,CASADO(A),1,BRANCA,602,PECUARISTA,5,SUPLENTE
05/10/2026,10:14:11,2026,2,ELEIÇÃO ORDINÁRIA,1,6259,Eleições Gerais Estaduais 2026,04/10/2026,ESTADUAL,PR,PR,PARANÁ,6,DEPUTADO FEDERAL,160002532875,1110,JOSELITO CANTO,JOCELITO CANTO,#NULO,52646122934,NÃO DIVULGÁVEL,-3,#NE,FEDERAÇÃO,11,PP,PROGRESSISTAS,104,FEDERAÇÃO UNIÃO PROGRESSISTA,44-UNIÃO/11-PP,44-UNIÃO/11-PP,160001800133,FEDERAÇÃO,FEDERAÇÃO UNIÃO PROGRESSISTA (44-UNIÃO / 11-PP),RS,08/01/1965,28445380647,2,MASCULINO,5,ENSINO MÉDIO INCOMPLETO,9,DIVORCIADO(A),1,BRANCA,166,LOCUTOR E COMENTARISTA DE RÁDIO E TELEVISÃO E RADIALISTA,5,SUPLENTE
05/10/2026,10:14:11,2026,2,ELEIÇÃO ORDINÁRIA,1,6259,Eleições Gerais Estaduais 2026,04/10/2026,ESTADUAL,PR,PR,PARANÁ,6,DEPUTADO FEDERAL,160002532876,4455,GERALDO GABRIEL MENDES,GERALDO MENDES,#NULO,5025019958,NÃO DIVULGÁVEL,-3,#NE,FEDERAÇÃO,44,UNIÃO,UNIÃO BRASIL,104,FEDERAÇÃO UNIÃO PROGRESSISTA,44-UNIÃO/11-PP,44-UNIÃO/11-PP,160001800133,FEDERAÇÃO,FEDERAÇÃO UNIÃO PROGRESSISTA (44-UNIÃO / 11-PP),SC,05/12/1985,86547990620,2,MASCULINO,5,ENSINO MÉDIO INCOMPLETO,3,CASADO(A),1,BRANCA,277,DEPUTADO,-1,#NULO
05/10/2026,10:14:11,2026,2,ELEIÇÃO ORDINÁRIA,1,6259,Eleições Gerais Estaduais 2026,04/10/2026,ESTADUAL,PR,PR,PARANÁ,6,DEPUTADO FEDERAL,160002532877,4422,MARISA LOBO FRANCO FERREIRA ALVES,MARISA LOBO - PSICÓLOGA CRISTÃ,#NULO,4497549879,NÃO DIVULGÁVEL,-3,#NE,FEDERAÇÃO,44,UNIÃO,UNIÃO BRASIL,104,FEDERAÇÃO UNIÃO PROGRESSISTA,44-UNIÃO/11-PP,44-UNIÃO/11-PP,160001800133,FEDERAÇÃO,FEDERAÇÃO UNIÃO PROGRESSISTA (44-UNIÃO / 11-PP),SP,09/06/1963,15689860671,4,FEMININO,8,SUPERIOR COMPLETO,3,CASADO(A),1,BRANCA,132,PSICÓLOGO,5,SUPLENTE
05/10/2026,10:14:11,2026,2,ELEIÇÃO ORDINÁRIA,1,6259,Eleições Gerais Estaduais 2026,04/10/2026,ESTADUAL,PR,PR,PARANÁ,6,DEPUTADO FEDERAL,160002532878,4444,MATHEUS ARAUJO LAIOLA,DELEGADO MATHEUS LAIOLA,#NULO,22651912808,NÃO DIVULGÁVEL,-3,#NE,FEDERAÇÃO,44,UNIÃO,UNIÃO BRASIL,104,FEDERAÇÃO UNIÃO PROGRESSISTA,44-UNIÃO/11-PP,44-UNIÃO/11-PP,160001800133,FEDERAÇÃO,FEDERAÇÃO UNIÃO PROGRESSISTA (44-UNIÃO / 11-PP),SP,24/12/1982,304138000124,2,MASCULINO,8,SUPERIOR COMPLETO,9,DIVORCIADO(A),1,BRANCA,232,POLICIAL CIVIL,2,ELEITO POR QP
05/10/2026,10:14:11,2026,2,ELEIÇÃO ORDINÁRIA,1,6259,Eleições Gerais Estaduais 2026,04/10/2026,ESTADUAL,PR,PR,PARANÁ,6,DEPUTADO FEDERAL,160002532879,4447,JOSÉ RENATO ROSALINO DA SILVA,PASTOR RENATO,#NULO,26062583803,NÃO DIVULGÁVEL,-3,#NE,FEDERAÇÃO,44,UNIÃO,UNIÃO BRASIL,104,FEDERAÇÃO UNIÃO PROGRESSISTA,44-UNIÃO/11-PP,44-UNIÃO/11-PP,160001800133,FEDERAÇÃO,FEDERAÇÃO UNIÃO PROGRESSISTA (44-UNIÃO / 11-PP),SP,04/05/1976,182343700175,2,MASCULINO,3,ENSINO FUNDAMENTAL INCOMPLETO,3,CASADO(A),2,PRETA,999,OUTROS,-1,#NULO
05/10/2026,10:14:11,2026,2,ELEIÇÃO ORDINÁRIA,1,6259,Eleições Gerais Estaduais 2026,04/10/2026,ESTADUAL,PR,PR,PARANÁ,6,DEPUTADO FEDERAL,160002536497,1311,GILVAN AGUIAR DA SILVA,GILVAN FEDERAL,#NULO,90204859115,NÃO DIVULGÁVEL,-3,#NE,FEDERAÇÃO,13,PT,PARTIDO DOS TRABALHADORES,101,FEDERAÇÃO BRASIL DA ESPERANÇA - FE BRASIL,13-PT/65-PC do B/43-PV,13-PT/65-PC do B/43-PV,160001800290,FEDERAÇÃO,FEDERAÇÃO BRASIL DA ESPERANÇA - FE BRASIL (13-PT / 65-PC do B / 43-PV),DF,20/05/1980,14428222097,2,MASCULINO,8,SUPERIOR COMPLETO,3,CASADO(A),3,PARDA,296,SERVIDOR PÚBLICO FEDERAL,5,SUPLENTE
05/10/2026,10:14:11,2026,2,ELEIÇÃO ORDINÁRIA,1,6259,Eleições Gerais Estaduais 2026,04/10/2026,ESTADUAL,PR,PR,PARANÁ,6,DEPUTADO FEDERAL,160002536498,6565,AMABILE LEITE MARCHI,PROFESSORA AMÁBILE,#NULO,69358486104,NÃO DIVULGÁVEL,-3,#NE,FEDERAÇÃO,65,PCDOB,PARTIDO COMUNISTA DO BRASIL,101,FEDERAÇÃO BRASIL DA ESPERANÇA - FE BRASIL,13-PT/65-PC do B/43-PV,13-PT/65-PC do B/43-PV,160001800290,FEDERAÇÃO,FEDERAÇÃO BRASIL DA ESPERANÇA - FE BRASIL (13-PT / 65-PC do B / 43-PV),MS,07/07/1983,25676711872,4,FEMININO,8,SUPERIOR COMPLETO,1,SOLTEIRO(A),1,BRANCA,235,PROFESSOR E INSTRUTOR DE FORMAÇÃO PROFISSIONAL,5,SUPLENTE
05/10/2026,10:14:11,2026,2,ELEIÇÃO ORDINÁRIA,1,6259,Eleições Gerais Estaduais 2026,04/10/2026,ESTADUAL,PR,PR,PARANÁ,6,DEPUTADO FEDERAL,160002536499,1300,ARILSON MAROLDI CHIORATO,ARILSON CHIORATO,#NULO,1989953930,NÃO DIVULGÁVEL,-3,#NE,FEDERAÇÃO,13,PT,PARTIDO DOS TRABALHADORES,101,FEDERAÇÃO BRASIL DA ESPERANÇA - FE BRASIL,13-PT/65-PC do B/43-PV,13-PT/65-PC do B/43-PV,160001800290,FEDERAÇÃO,FEDERAÇÃO BRASIL DA ESPERANÇA - FE BRASIL (13-PT / 65-PC do B / 43-PV),PR,01/01/1978,58990790680,2,MASCULINO,8,SUPERIOR COMPLETO,3,CASADO(A),1,BRANCA,277,DEPUTADO,3,ELEITO POR MÉDIA
05/10/2026,10:14:11,2026,2,ELEIÇÃO ORDINÁRIA,1,6259,Eleições Gerais Estaduais 2026,04/10/2026,ESTADUAL,PR,PR,PARANÁ,6,DEPUTADO FEDERAL,160002536500,1326,JULIO CESAR DE PAULA RODRIGUES,PROFESSOR JULIO RODRIGUES,#NULO,4652766955,NÃO DIVULGÁVEL,-3,#NE,FEDERAÇÃO,13,PT,PARTIDO DOS TRABALHADORES,101,FEDERAÇÃO BRASIL DA ESPERANÇA - FE BRASIL,13-PT/65-PC do B/43-PV,13-PT/65-PC do B/43-PV,160001800290,FEDERAÇÃO,FEDERAÇÃO BRASIL DA ESPERANÇA - FE BRASIL (13-PT / 65-PC do B / 43-PV),PR,30/10/1985,81322870698,2,MASCULINO,8,SUPERIOR COMPLETO,3,CASADO(A),1,BRANCA,266,PROFESSOR DE ENSINO MÉDIO,5,SUPLENTE
05/10/2026,10:14:11,2026,2,ELEIÇÃO ORDINÁRIA,1,6259,Eleições Gerais Estaduais 2026,04/10/2026,ESTADUAL,PR,PR,PARANÁ,6,DEPUTADO FEDERAL,160002536501,1340,MARCIO MAURI KIELLER GONÇALVES,MARCIO KIELLER,#NULO,74477234953,NÃO DIVULGÁVEL,-3,#NE,FEDERAÇÃO,13,PT,PARTIDO DOS TRABALHADORES,101,FEDERAÇÃO BRASIL DA ESPERANÇA - FE BRASIL,13-PT/65-PC do B/43-PV,13-PT/65-PC do B/43-PV,160001800290,FEDERAÇÃO,FEDERAÇÃO BRASIL DA ESPERANÇA - FE BRASIL (13-PT / 65-PC do B / 43-PV),PR,29/01/1970,43581800639,2,MASCULINO,8,SUPERIOR COMPLETO,1,SOLTEIRO(A),1,BRANCA,395,BANCÁRIO E ECONOMIÁRIO,5,SUPLENTE
05/10/2026,10:14:11,2026,2,ELEIÇÃO ORDINÁRIA,1,6259,Eleições Gerais Estaduais 2026,04/10/2026,ESTADUAL,PR,PR,PARANÁ,6,DEPUTADO FEDERAL,160002536502,1330,MARLEI FERNANDES DE CARVALHO,MARLEI FERNANDES,#NULO,80392032953,NÃO DIVULGÁVEL,-3,#NE,FEDERAÇÃO,13,PT,PARTIDO DOS TRABALHADORES,101,FEDERAÇÃO BRASIL DA ESPERANÇA - FE BRASIL,13-PT/65-PC do B/43-PV,13-PT/65-PC do B/43-PV,160001800290,FEDERAÇÃO,FEDERAÇÃO BRASIL DA ESPERANÇA - FE BRASIL (13-PT / 65-PC do B / 43-PV),PR,04/09/1967,20005490604,4,FEMININO,8,SUPERIOR COMPLETO,9,DIVORCIADO(A),1,BRANCA,266,PROFESSOR DE ENSINO MÉDIO,5,SUPLENTE
05/10/2026,10:14:11,2026,2,ELEIÇÃO ORDINÁRIA,1,6259,Eleições Gerais Estaduais 2026,04/10/2026,ESTADUAL,PR,PR,PARANÁ,6,DEPUTADO FEDERAL,160002536503,6500,ANTONIO BERNARDO DA SILVA,TONINHO DA INSTALBOMBAS,#NULO,54165890944,NÃO DIVULGÁVEL,-3,#NE,FEDERAÇÃO,65,PCDOB,PARTIDO COMUNISTA DO BRASIL,101,FEDERAÇÃO BRASIL DA ESPERANÇA - FE BRASIL,13-PT/65-PC do B/43-PV,13-PT/65-PC do B/43-PV,160001800290,FEDERAÇÃO,FEDERAÇÃO BRASIL DA ESPERANÇA - FE BRASIL (13-PT / 65-PC do B / 43-PV),PR,11/07/1965,15374730647,2,MASCULINO,4,ENSINO FUNDAMENTAL COMPLETO,3,CASADO(A),3,PARDA,541,MECÂNICO DE MANUTENÇÃO,5,SUPLENTE
05/10/2026,10:14:11,2026,2,ELEIÇÃO ORDINÁRIA,1,6259,Eleições Gerais Estaduais 2026,04/10/2026,ESTADUAL,PR,PR,PARANÁ,6,DEPUTADO FEDERAL,160002536504,1365,CÉLIO LEANDRO RODRIGUES,CÉLIO RODRIGUES E COLETIVO,#NULO,86475371904,NÃO DIVULGÁVEL,-3,#NE,FEDERAÇÃO,13,PT,PARTIDO DOS TRABALHADORES,101,FEDERAÇÃO BRASIL DA ESPERANÇA - FE BRASIL,13-PT/65-PC do B/43-PV,13-PT/65-PC do B/43-PV,160001800290,FEDERAÇÃO,FEDERAÇÃO BRASIL DA ESPERANÇA - FE BRASIL (13-PT / 65-PC do B / 43-PV),PR,25/04/1972,54082110604,2,MASCULINO,8,SUPERIOR COMPLETO,3,CASADO(A),1,BRANCA,601,AGRICULTOR,5,SUPLENTE
05/10/2026,10:14:11,2026,2,ELEIÇÃO ORDINÁRIA,1,6259,Eleições Gerais Estaduais 2026,04/10/2026,ESTADUAL,PR,PR,PARANÁ,6,DEPUTADO FEDERAL,160002536505,4343,ALIEL MACHADO BARK,ALIEL MACHADO,#NULO,6908052923,NÃO DIVULGÁVEL,-3,#NE,FEDERAÇÃO,43,PV,PARTIDO VERDE,101,FEDERAÇÃO BRASIL DA ESPERANÇA - FE BRASIL,13-PT/65-PC do B/43-PV,13-PT/65-PC do B/43-PV,160001800290,FEDERAÇÃO,FEDERAÇÃO BRASIL DA ESPERANÇA - FE BRASIL (13-PT / 65-PC do B / 43-PV),PR,26/02/1989,91827830639,2,MASCULINO,7,SUPERIOR INCOMPLETO,3,CASADO(A),1,BRANCA,277,DEPUTADO,2,ELEITO POR QP
05/10/2026,10:14:11,2026,2,ELEIÇÃO ORDINÁRIA,1,6259,Eleições Gerais Estaduais 2026,04/10/2026,ESTADUAL,PR,PR,PARANÁ,6,DEPUTADO FEDERAL,160002536506,1345,ANDRE LUIZ VARGAS ILARIO,ANDRÉ VARGAS,#NULO,49750950925,NÃO DIVULGÁVEL,-3,#NE,FEDERAÇÃO,13,PT,PARTIDO DOS TRABALHADORES,101,FEDERAÇÃO BRASIL DA ESPERANÇA - FE BRASIL,13-PT/65-PC do B/43-PV,13-PT/65-PC do B/43-PV,160001800290,FEDERAÇÃO,FEDERAÇÃO BRASIL DA ESPERANÇA - FE BRASIL (13-PT / 65-PC do B / 43-PV),PR,02/03/1964,42716320620,2,MASCULINO,6,ENSINO MÉDIO COMPLETO,3,CASADO(A),1,BRANCA,601,AGRICULTOR,5,SUPLENTE
05/10/2026,10:14:11,2026,2,ELEIÇÃO ORDINÁRIA,1,6259,Eleições Gerais Estaduais 2026,04/10/2026,ESTADUAL,PR,PR,PARANÁ,6,DEPUTADO FEDERAL,160002536507,1321,EDUARDO ANTONIO GUADAGNIN DOS SANTOS,EDUARDO GUADAGNIN,#NULO,66724554934,NÃO DIVULGÁVEL,-3,#NE,FEDERAÇÃO,13,PT,PARTIDO DOS TRABALHADORES,101,FEDERAÇÃO BRASIL DA ESPERANÇA - FE BRASIL,13-PT/65-PC do B/43-PV,13-PT/65-PC do B/43-PV,160001800290,FEDERAÇÃO,FEDERAÇÃO BRASIL DA ESPERANÇA - FE BRASIL (13-PT / 65-PC do B / 43-PV),PR,02/04/1969,46666510663,2,MASCULINO,8,SUPERIOR COMPLETO,3,CASADO(A),1,BRANCA,101,ENGENHEIRO,5,SUPLENTE
05/10/2026,10:14:11,2026,2,ELEIÇÃO ORDINÁRIA,1,6259,Eleições Gerais Estaduais 2026,04/10/2026,ESTADUAL,PR,PR,PARANÁ,6,DEPUTADO FEDERAL,160002536508,1399,ADRIANA APARECIDA PEREIRA DE ARAUJO,ADRIANA ARAUJO,#NULO,97509655900,NÃO DIVULGÁVEL,-3,#NE,FEDERAÇÃO,13,PT,PARTIDO DOS TRABALHADORES,101,FEDERAÇÃO BRASIL DA ESPERANÇA - FE BRASIL,13-PT/65-PC do B/43-PV,13-PT/65-PC do B/43-PV,160001800290,FEDERAÇÃO,FEDERAÇÃO BRASIL DA ESPERANÇA - FE BRASIL (13-PT / 65-PC do B / 43-PV),PR,02/06/1975,55478910639,4,FEMININO,6,ENSINO MÉDIO COMPLETO,9,DIVORCIADO(A),1,BRANCA,171,JORNALISTA E REDATOR,5,SUPLENTE
05/10/2026,10:14:11,2026,2,ELEIÇÃO ORDINÁRIA,1,6259,Eleições Gerais Estaduais 2026,04/10/2026,ESTADUAL,PR,PR,PARANÁ,6,DEPUTADO FEDERAL,160002536509,4300,CLEUSA ROSANE RIBAS FERREIRA,ROSANE FERREIRA,#NULO,53210026904,NÃO DIVULGÁVEL,-3,#NE,FEDERAÇÃO,43,PV,PARTIDO VERDE,101,FEDERAÇÃO BRASIL DA ESPERANÇA - FE BRASIL,13-PT/65-PC do B/43-PV,13-PT/65-PC do B/43-PV,160001800290,FEDERAÇÃO,FEDERAÇÃO BRASIL DA ESPERANÇA - FE BRASIL (13-PT / 65-PC do B / 43-PV),PR,31/07/1963,15800750604,4,FEMININO,8,SUPERIOR COMPLETO,3,CASADO(A),1,BRANCA,922,SERVIDOR PÚBLICO CIVIL APOSENTADO,5,SUPLENTE
05/10/2026,10:14:11,2026,2,ELEIÇÃO ORDINÁRIA,1,6259,Eleições Gerais Estaduais 2026,04/10/2026,ESTADUAL,PR,PR,PARANÁ,6,DEPUTADO FEDERAL,160002536510,1303,TEREZINHA DOS SANTOS DAIPRAI,PROFESSORA TEREZINHA,#NULO,58107436920,NÃO DIVULGÁVEL,-3,#NE,FEDERAÇÃO,13,PT,PARTIDO DOS TRABALHADORES,101,FEDERAÇÃO BRASIL DA ESPERANÇA - FE BRASIL,13-PT/65-PC do B/43-PV,13-PT/65-PC do B/43-PV,160001800290,FEDERAÇÃO,FEDERAÇÃO BRASIL DA ESPERANÇA - FE BRASIL (13-PT / 65-PC do B / 43-PV),PR,10/08/1966,864420604,4,FEMININO,8,SUPERIOR COMPLETO,3,CASADO(A),3,PARDA,266,PROFESSOR DE ENSINO MÉDIO,5,SUPLENTE
05/10/2026,10:14:11,2026,2,ELEIÇÃO ORDINÁRIA,1,6259,Eleições Gerais Estaduais 2026,04/10/2026,ESTADUAL,PR,PR,PARANÁ,6,DEPUTADO FEDERAL,160002536511,1324,CAROLINE FELISBINO DA SILVA,CAROL SILVA,#NULO,7485226975,NÃO DIVULGÁVEL,-3,#NE,FEDERAÇÃO,13,PT,PARTIDO DOS TRABALHADORES,101,FEDERAÇÃO BRASIL DA ESPERANÇA - FE BRASIL,13-PT/65-PC do B/43-PV,13-PT/65-PC do B/43-PV,160001800290,FEDERAÇÃO,FEDERAÇÃO BRASIL DA ESPERANÇA - FE BRASIL (13-PT / 65-PC do B / 43-PV),PR,16/01/1992,99950780620,4,FEMININO,7,SUPERIOR INCOMPLETO,1,SOLTEIRO(A),2,PRETA,999,OUTROS,5,SUPLENTE
05/10/2026,10:14:11,2026,2,ELEIÇÃO ORDINÁRIA,1,6259,Eleições Gerais Estaduais 2026,04/10/2026,ESTADUAL,PR,PR,PARANÁ,6,DEPUTADO FEDERAL,160002536512,1363,ANA CAROLINA MOURA MELO DARTORA,CAROL DARTORA,#NULO,4310202993,NÃO DIVULGÁVEL,-3,#NE,FEDERAÇÃO,13,PT,PARTIDO DOS TRABALHADORES,101,FEDERAÇÃO BRASIL DA ESPERANÇA - FE BRASIL,13-PT/65-PC do B/43-PV,13-PT/65-PC do B/43-PV,160001800290,FEDERAÇÃO,FEDERAÇÃO BRASIL DA ESPERANÇA - FE BRASIL (13-PT / 65-PC do B / 43-PV),PR,01/05/1983,77881920639,4,FEMININO,8,SUPERIOR COMPLETO,9,DIVORCIADO(A),2,PRETA,266,PROFESSOR DE ENSINO MÉDIO,2,ELEITO POR QP
05/10/2026,10:14:11,2026,2,ELEIÇÃO ORDINÁRIA,1,6259,Eleições Gerais Estaduais 2026,04/10/2026,ESTADUAL,PR,PR,PARANÁ,6,DEPUTADO FEDERAL,160002536513,1367,EDUARDO GUILHERME REINER,EDUARDO REINER,#NULO,4443881921,NÃO DIVULGÁVEL,-3,#NE,FEDERAÇÃO,13,PT,PARTIDO DOS TRABALHADORES,101,FEDERAÇÃO BRASIL DA ESPERANÇA - FE BRASIL,13-PT/65-PC do B/43-PV,13-PT/65-PC do B/43-PV,160001800290,FEDERAÇÃO,FEDERAÇÃO BRASIL DA ESPERANÇA - FE BRASIL (13-PT / 65-PC do B / 43-PV),PR,22/03/1984,82433040663,2,MASCULINO,8,SUPERIOR COMPLETO,1,SOLTEIRO(A),1,BRANCA,999,OUTROS,5,SUPLENTE
05/10/2026,10:14:11,2026,2,ELEIÇÃO ORDINÁRIA,1,6259,Eleições Gerais Estaduais 2026,04/10/2026,ESTADUAL,PR,PR,PARANÁ,6,DEPUTADO FEDERAL,160002536514,1315,MICHELE DE FATIMA NASCIMENTO,PROFESSORA MICHELE,#NULO,2591791910,NÃO DIVULGÁVEL,-3,#NE,FEDERAÇÃO,13,PT,PARTIDO DOS TRABALHADORES,101,FEDERAÇÃO BRASIL DA ESPERANÇA - FE BRASIL,13-PT/65-PC do B/43-PV,13-PT/65-PC do B/43-PV,160001800290,FEDERAÇÃO,FEDERAÇÃO BRASIL DA ESPERANÇA - FE BRASIL (13-PT / 65-PC do B / 43-PV),PR,16/11/1978,70914290604,4,FEMININO,8,SUPERIOR COMPLETO,1,SOLTEIRO(A),1,BRANCA,265,PROFESSOR DE ENSINO FUNDAMENTAL,5,SUPLENTE
05/10/2026,10:14:11,2026,2,ELEIÇÃO ORDINÁRIA,1,6259,Eleições Gerais Estaduais 2026,04/10/2026,ESTADUAL,PR,PR,PARANÁ,6,DEPUTADO FEDERAL,160002536515,1341,CLEVERSON PINGOS BUENO,POLACO DO PT,#NULO,5793341986,NÃO DIVULGÁVEL,-3,#NE,FEDERAÇÃO,13,PT,PARTIDO DOS TRABALHADORES,101,FEDERAÇÃO BRASIL DA ESPERANÇA - FE BRASIL,13-PT/65-PC do B/43-PV,13-PT/65-PC do B/43-PV,160001800290,FEDERAÇÃO,FEDERAÇÃO BRASIL DA ESPERANÇA - FE BRASIL (13-PT / 65-PC do B / 43-PV),PR,22/03/1983,79852420647,2,MASCULINO,3,ENSINO FUNDAMENTAL INCOMPLETO,1,SOLTEIRO(A),1,BRANCA,923,APOSENTADO (EXCETO SERVIDOR PÚBLICO),5,SUPLENTE
05/10/2026,10:14:11,2026,2,ELEIÇÃO ORDINÁRIA,1,6259,Eleições Gerais Estaduais 2026,04/10/2026,ESTADUAL,PR,PR,PARANÁ,6,DEPUTADO FEDERAL,160002536516,1313,ANA JULIA PIRES RIBEIRO,ANA JÚLIA,#NULO,10404221955,NÃO DIVULGÁVEL,-3,#NE,FEDERAÇÃO,13,PT,PARTIDO DOS TRABALHADORES,101,FEDERAÇÃO BRASIL DA ESPERANÇA - FE BRASIL,13-PT/65-PC do B/43-PV,13-PT/65-PC do B/43-PV,160001800290,FEDERAÇÃO,FEDERAÇÃO BRASIL DA ESPERANÇA - FE BRASIL (13-PT / 65-PC do B / 43-PV),PR,30/06/2000,109171660671,4,FEMININO,8,SUPERIOR COMPLETO,1,SOLTEIRO(A),1,BRANCA,131,ADVOGADO,2,ELEITO POR QP
05/10/2026,10:14:11,2026,2,ELEIÇÃO ORDINÁRIA,1,6259,Eleições Gerais Estaduais 2026,04/10/2026,ESTADUAL,PR,PR,PARANÁ,6,DEPUTADO FEDERAL,160002536517,1312,ELTON CARLOS WELTER,WELTER,#NULO,68145888972,NÃO DIVULGÁVEL,-3,#NE,FEDERAÇÃO,13,PT,PARTIDO DOS TRABALHADORES,101,FEDERAÇÃO BRASIL DA ESPERANÇA - FE BRASIL,13-PT/65-PC do B/43-PV,13-PT/65-PC do B/43-PV,160001800290,FEDERAÇÃO,FEDERAÇÃO BRASIL DA ESPERANÇA - FE BRASIL (13-PT / 65-PC do B / 43-PV),PR,23/11/1968,43341150620,2,MASCULINO,8,SUPERIOR COMPLETO,3,CASADO(A),1,BRANCA,601,AGRICULTOR,5,SUPLENTE
05/10/2026,10:14:11,2026,2,ELEIÇÃO ORDINÁRIA,1,6259,Eleições Gerais Estaduais 2026,04/10/2026,ESTADUAL,PR,PR,PARANÁ,6,DEPUTADO FEDERAL,160002536518,1322,UALIID HUSSEIN ALI MOHD RABAH,UALID RABAH,#NULO,55469337987,NÃO DIVULGÁVEL,-3,#NE,FEDERAÇÃO,13,PT,PARTIDO DOS TRABALHADORES,101,FEDERAÇÃO BRASIL DA ESPERANÇA - FE BRASIL,13-PT/65-PC do B/43-PV,13-PT/65-PC do B/43-PV,160001800290,FEDERAÇÃO,FEDERAÇÃO BRASIL DA ESPERANÇA - FE BRASIL (13-PT / 65-PC do B / 43-PV),PR,11/12/1966,20604750604,2,MASCULINO,7,SUPERIOR INCOMPLETO,3,CASADO(A),1,BRANCA,257,EMPRESÁRIO,5,SUPLENTE
05/10/2026,10:14:11,2026,2,ELEIÇÃO ORDINÁRIA,1,6259,Eleições Gerais Estaduais 2026,04/10/2026,ESTADUAL,PR,PR,PARANÁ,6,DEPUTADO FEDERAL,160002536519,1310,JOSE CARLOS BECKER DE OLIVEIRA E SILVA,ZECA DIRCEU,#NULO,3098871946,NÃO DIVULGÁVEL,-3,#NE,FEDERAÇÃO,13,PT,PARTIDO DOS TRABALHADORES,101,FEDERAÇÃO BRASIL DA ESPERANÇA - FE BRASIL,13-PT/65-PC do B/43-PV,13-PT/65-PC do B/43-PV,160001800290,FEDERAÇÃO,FEDERAÇÃO BRASIL DA ESPERANÇA - FE BRASIL (13-PT / 65-PC do B / 43-PV),PR,21/06/1978,62543650620,2,MASCULINO,8,SUPERIOR COMPLETO,1,SOLTEIRO(A),1,BRANCA,277,DEPUTADO,2,ELEITO POR QP
05/10/2026,10:14:11,2026,2,ELEIÇÃO ORDINÁRIA,1,6259,Eleições Gerais Estaduais 2026,04/10/2026,ESTADUAL,PR,PR,PARANÁ,6,DEPUTADO FEDERAL,160002536520,1331,ANTONIO TADEU VENERI,TADEU VENERI,#NULO,18438660991,NÃO DIVULGÁVEL,-3,#NE,FEDERAÇÃO,13,PT,PARTIDO DOS TRABALHADORES,101,FEDERAÇÃO BRASIL DA ESPERANÇA - FE BRASIL,13-PT/65-PC do B/43-PV,13-PT/65-PC do B/43-PV,160001800290,FEDERAÇÃO,FEDERAÇÃO BRASIL DA ESPERANÇA - FE BRASIL (13-PT / 65-PC do B / 43-PV),PR,10/02/1953,5012010655,2,MASCULINO,7,SUPERIOR INCOMPLETO,3,CASADO(A),1,BRANCA,923,APOSENTADO (EXCETO SERVIDOR PÚBLICO),5,SUPLENTE
05/10/2026,10:14:11,2026,2,ELEIÇÃO ORDINÁRIA,1,6259,Eleições Gerais Estaduais 2026,04/10/2026,ESTADUAL,PR,PR,PARANÁ,6,DEPUTADO FEDERAL,160002536521,1323,LUCIANA GUZELLA RAFAGNIN,LUCIANA RAFAGNIN,#NULO,60298278987,NÃO DIVULGÁVEL,-3,#NE,FEDERAÇÃO,13,PT,PARTIDO DOS TRABALHADORES,101,FEDERAÇÃO BRASIL DA ESPERANÇA - FE BRASIL,13-PT/65-PC do B/43-PV,13-PT/65-PC do B/43-PV,160001800290,FEDERAÇÃO,FEDERAÇÃO BRASIL DA ESPERANÇA - FE BRASIL (13-PT / 65-PC do B / 43-PV),RS,10/09/1965,44473830647,4,FEMININO,8,SUPERIOR COMPLETO,3,CASADO(A),1,BRANCA,277,DEPUTADO,5,SUPLENTE
05/10/2026,10:14:11,2026,2,ELEIÇÃO ORDINÁRIA,1,6259,Eleições Gerais Estaduais 2026,04/10/2026,ESTADUAL,PR,PR,PARANÁ,6,DEPUTADO FEDERAL,160002536522,1333,RENATO DE ALMEIDA FREITAS JUNIOR,RENATO FREITAS,#NULO,3718148986,NÃO DIVULGÁVEL,-3,#NE,FEDERAÇÃO,13,PT,PARTIDO DOS TRABALHADORES,101,FEDERAÇÃO BRASIL DA ESPERANÇA - FE BRASIL,13-PT/65-PC do B/43-PV,13-PT/65-PC do B/43-PV,160001800290,FEDERAÇÃO,FEDERAÇÃO BRASIL DA ESPERANÇA - FE BRASIL (13-PT / 65-PC do B / 43-PV),SP,12/12/1983,79056420639,2,MASCULINO,8,SUPERIOR COMPLETO,1,SOLTEIRO(A),2,PRETA,277,DEPUTADO,2,ELEITO POR QP
05/10/2026,10:14:11,2026,2,ELEIÇÃO ORDINÁRIA,1,6259,Eleições Gerais Estaduais 2026,04/10/2026,ESTADUAL,PR,PR,PARANÁ,6,DEPUTADO FEDERAL,160002540759,1026,ACSA BONJARDIM SILVA LOPES,ACSA BONJARDIM,#NULO,8657910900,NÃO DIVULGÁVEL,-3,#NE,PARTIDO ISOLADO,10,REPUBLICANOS,REPUBLICANOS,-1,#NULO,#NULO,#NULO,160001800503,PARTIDO ISOLADO,REPUBLICANOS,SP,07/03/1993,98870050604,4,FEMININO,8,SUPERIOR COMPLETO,3,CASADO(A),1,BRANCA,230,PEDAGOGO,5,SUPLENTE
05/10/2026,10:14:11,2026,2,ELEIÇÃO ORDINÁRIA,1,6259,Eleições Gerais Estaduais 2026,04/10/2026,ESTADUAL,PR,PR,PARANÁ,6,DEPUTADO FEDERAL,160002540760,1066,JORGE DAVID DERBLI PINTO,JORGE DERBLI,#NULO,41148479953,NÃO DIVULGÁVEL,-3,#NE,PARTIDO ISOLADO,10,REPUBLICANOS,REPUBLICANOS,-1,#NULO,#NULO,#NULO,160001800503,PARTIDO ISOLADO,REPUBLICANOS,PR,20/06/1961,11825030604,2,MASCULINO,6,ENSINO MÉDIO COMPLETO,3,CASADO(A),1,BRANCA,257,EMPRESÁRIO,5,SUPLENTE
05/10/2026,10:14:11,2026,2,ELEIÇÃO ORDINÁRIA,1,6259,Eleições Gerais Estaduais 2026,04/10/2026,ESTADUAL,PR,PR,PARANÁ,6,DEPUTADO FEDERAL,160002540761,1055,PEDRO LUIZ CHIMENTAO,CHIMENTÃO,#NULO,45371326987,NÃO DIVULGÁVEL,-3,#NE,PARTIDO ISOLADO,10,REPUBLICANOS,REPUBLICANOS,-1,#NULO,#NULO,#NULO,160001800503,PARTIDO ISOLADO,REPUBLICANOS,PR,29/06/1962,13654330604,2,MASCULINO,6,ENSINO MÉDIO COMPLETO,3,CASADO(A),1,BRANCA,601,AGRICULTOR,5,SUPLENTE
05/10/2026,10:14:11,2026,2,ELEIÇÃO ORDINÁRIA,1,6259,Eleições Gerais Estaduais 2026,04/10/2026,ESTADUAL,PR,PR,PARANÁ,6,DEPUTADO FEDERAL,160002540762,1010,MERI JANE VIDAL MARTINS,MERI MARTINS,#NULO,85525820749,NÃO DIVULGÁVEL,-3,#NE,PARTIDO ISOLADO,10,REPUBLICANOS,REPUBLICANOS,-1,#NULO,#NULO,#NULO,160001800503,PARTIDO ISOLADO,REPUBLICANOS,RJ,28/09/1965,1844322860,4,FEMININO,8,SUPERIOR COMPLETO,3,CASADO(A),1,BRANCA,134,ASSISTENTE SOCIAL,5,SUPLENTE
05/10/2026,10:14:11,2026,2,ELEIÇÃO ORDINÁRIA,1,6259,Eleições Gerais Estaduais 2026,04/10/2026,ESTADUAL,PR,PR,PARANÁ,6,DEPUTADO FEDERAL,160002540763,1022,CARLOS EDUARDO NERES LOURENCO,PASTOR CARLOS EDUARDO,#NULO,66956358972,NÃO DIVULGÁVEL,-3,#NE,PARTIDO ISOLADO,10,REPUBLICANOS,REPUBLICANOS,-1,#NULO,#NULO,#NULO,160001800503,PARTIDO ISOLADO,REPUBLICANOS,SP,26/01/1972,51949240655,2,MASCULINO,8,SUPERIOR COMPLETO,3,CASADO(A),1,BRANCA,131,ADVOGADO,5,SUPLENTE
05/10/2026,10:14:11,2026,2,ELEIÇÃO ORDINÁRIA,1,6259,Eleições Gerais Estaduais 2026,04/10/2026,ESTADUAL,PR,PR,PARANÁ,6,DEPUTADO FEDERAL,160002540764,1004,HERMESON NOBREGA BARROS DE OLIVEIRA,GENERAL HERMESON,#NULO,98104608720,NÃO DIVULGÁVEL,-3,#NE,PARTIDO ISOLADO,10,REPUBLICANOS,REPUBLICANOS,-1,#NULO,#NULO,#NULO,160001800503,PARTIDO ISOLADO,REPUBLICANOS,RJ,07/02/1968,33934180353,2,MASCULINO,8,SUPERIOR COMPLETO,3,CASADO(A),1,BRANCA,295,MEMBRO DAS FORÇAS ARMADAS,5,SUPLENTE
05/10/2026,10:14:11,2026,2,ELEIÇÃO ORDINÁRIA,1,6259,Eleições Gerais Estaduais 2026,04/10/2026,ESTADUAL,PR,PR,PARANÁ,6,DEPUTADO FEDERAL,160002540765,1051,GISELE CAMARGO FILGUEIRA,GISELE CAMARGO,#NULO,3650953978,NÃO DIVULGÁVEL,-3,#NE,PARTIDO ISOLADO,10,REPUBLICANOS,REPUBLICANOS,-1,#NULO,#NULO,#NULO,160001800503,PARTIDO ISOLADO,REPUBLICANOS,PR,30/12/1982,79074160620,4,FEMININO,8,SUPERIOR COMPLETO,9,DIVORCIADO(A),1,BRANCA,257,EMPRESÁRIO,5,SUPLENTE
05/10/2026,10:14:11,2026,2,ELEIÇÃO ORDINÁRIA,1,6259,Eleições Gerais Estaduais 2026,04/10/2026,ESTADUAL,PR,PR,PARANÁ,6,DEPUTADO FEDERAL,160002540766,1077,MARCIO JOSE PACHECO RAMOS,MARCIO PACHECO,#NULO,1643500988,NÃO DIVULGÁVEL,-3,#NE,PARTIDO ISOLADO,10,REPUBLICANOS,REPUBLICANOS,-1,#NULO,#NULO,#NULO,160001800503,PARTIDO ISOLADO,REPUBLICANOS,PR,06/04/1977,85318340655,2,MASCULINO,8,SUPERIOR COMPLETO,3,CASADO(A),1,BRANCA,277,DEPUTADO,5,SUPLENTE
05/10/2026,10:14:11,2026,2,ELEIÇÃO ORDINÁRIA,1,6259,Eleições Gerais Estaduais 2026,04/10/2026,ESTADUAL,PR,PR,PARANÁ,6,DEPUTADO FEDERAL,160002540767,1080,LUIZ GUSTAVO TORRES,GUSTAVO TORRES,#NULO,773876944,NÃO DIVULGÁVEL,-3,#NE,PARTIDO ISOLADO,10,REPUBLICANOS,REPUBLICANOS,-1,#NULO,#NULO,#NULO,160001800503,PARTIDO ISOLADO,REPUBLICANOS,PR,28/02/1980,67431620639,2,MASCULINO,7,SUPERIOR INCOMPLETO,1,SOLTEIRO(A),1,BRANCA,278,VEREADOR,5,SUPLENTE
05/10/2026,10:14:11,2026,2,ELEIÇÃO ORDINÁRIA,1,6259,Eleições Gerais Estaduais 2026,04/10/2026,ESTADUAL,PR,PR,PARANÁ,6,DEPUTADO FEDERAL,160002540768,1023,NEWTON BONIN,NEWTON BONIN,#NULO,36131903972,NÃO DIVULGÁVEL,-3,#NE,PARTIDO ISOLADO,10,REPUBLICANOS,REPUBLICANOS,-1,#NULO,#NULO,#NULO,160001800503,PARTIDO ISOLADO,REPUBLICANOS,PR,29/08/1960,4583010698,2,MASCULINO,7,SUPERIOR INCOMPLETO,3,CASADO(A),1,BRANCA,257,EMPRESÁRIO,3,ELEITO POR MÉDIA
05/10/2026,10:14:11,2026,2,ELEIÇÃO ORDINÁRIA,1,6259,Eleições Gerais Estaduais 2026,04/10/2026,ESTADUAL,PR,PR,PARANÁ,6,DEPUTADO FEDERAL,160002540769,1000,PEDRO DEBONI LUPION MELLO,PEDRO LUPION,#NULO,4328943901,NÃO DIVULGÁVEL,-3,#NE,PARTIDO ISOLADO,10,REPUBLICANOS,REPUBLICANOS,-1,#NULO,#NULO,#NULO,160001800503,PARTIDO ISOLADO,REPUBLICANOS,PR,04/06/1983,82409980663,2,MASCULINO,8,SUPERIOR COMPLETO,3,CASADO(A),1,BRANCA,277,DEPUTADO,2,ELEITO POR QP
05/10/2026,10:14:11,2026,2,ELEIÇÃO ORDINÁRIA,1,6259,Eleições Gerais Estaduais 2026,04/10/2026,ESTADUAL,PR,PR,PARANÁ,6,DEPUTADO FEDERAL,160002540770,1043,DIOGO ROBERTO HUTT,DIOGO HUTT DA TV,#NULO,3779396920,NÃO DIVULGÁVEL,-3,#NE,PARTIDO ISOLADO,10,REPUBLICANOS,REPUBLICANOS,-1,#NULO,#NULO,#NULO,160001800503,PARTIDO ISOLADO,REPUBLICANOS,PR,30/11/1983,78345810620,2,MASCULINO,8,SUPERIOR COMPLETO,9,DIVORCIADO(A),1,BRANCA,131,ADVOGADO,5,SUPLENTE
05/10/2026,10:14:11,2026,2,ELEIÇÃO ORDINÁRIA,1,6259,Eleições Gerais Estaduais 2026,04/10/2026,ESTADUAL,PR,PR,PARANÁ,6,DEPUTADO FEDERAL,160002540771,1044,ROGERIO MENDES DOS SANTOS,MENDES,#NULO,73555061968,NÃO DIVULGÁVEL,-3,#NE,PARTIDO ISOLADO,10,REPUBLICANOS,REPUBLICANOS,-1,#NULO,#NULO,#NULO,160001800503,PARTIDO ISOLADO,REPUBLICANOS,PR,13/07/1967,51214130604,2,MASCULINO,7,SUPERIOR INCOMPLETO,3,CASADO(A),1,BRANCA,257,EMPRESÁRIO,5,SUPLENTE
05/10/2026,10:14:11,2026,2,ELEIÇÃO ORDINÁRIA,1,6259,Eleições Gerais Estaduais 2026,04/10/2026,ESTADUAL,PR,PR,PARANÁ,6,DEPUTADO FEDERAL,160002540772,1045,RANIERI ALBERTON MARCHIORO,DR. RANIERI,#NULO,58866760900,NÃO DIVULGÁVEL,-3,#NE,PARTIDO ISOLADO,10,REPUBLICANOS,REPUBLICANOS,-1,#NULO,#NULO,#NULO,160001800503,PARTIDO ISOLADO,REPUBLICANOS,PR,16/05/1965,59507020604,2,MASCULINO,8,SUPERIOR COMPLETO,3,CASADO(A),1,BRANCA,115,ODONTÓLOGO,5,SUPLENTE
05/10/2026,10:14:11,2026,2,ELEIÇÃO ORDINÁRIA,1,6259,Eleições Gerais Estaduais 2026,04/10/2026,ESTADUAL,PR,PR,PARANÁ,6,DEPUTADO FEDERAL,160002540773,1020,EDER EDUARDO BUBLITZ,EDER BUBLITZ,#NULO,3547629900,NÃO DIVULGÁVEL,-3,#NE,PARTIDO ISOLADO,10,REPUBLICANOS,REPUBLICANOS,-1,#NULO,#NULO,#NULO,160001800503,PARTIDO ISOLADO,REPUBLICANOS,PR,08/01/1982,73216230620,2,MASCULINO,8,SUPERIOR COMPLETO,3,CASADO(A),1,BRANCA,255,ZOOTECNISTA,5,SUPLENTE
05/10/2026,10:14:11,2026,2,ELEIÇÃO ORDINÁRIA,1,6259,Eleições Gerais Estaduais 2026,04/10/2026,ESTADUAL,PR,PR,PARANÁ,6,DEPUTADO FEDERAL,160002540774,1025,NEUZA MARIA VIGANO,NEUZA VIGANÓ,#NULO,34069283900,NÃO DIVULGÁVEL,-3,#NE,PARTIDO ISOLADO,10,REPUBLICANOS,REPUBLICANOS,-1,#NULO,#NULO,#NULO,160001800503,PARTIDO ISOLADO,REPUBLICANOS,PR,25/10/1956,54706640655,4,FEMININO,6,ENSINO MÉDIO COMPLETO,3,CASADO(A),1,BRANCA,234,PRODUTOR AGROPECUÁRIO,5,SUPLENTE
05/10/2026,10:14:11,2026,2,ELEIÇÃO ORDINÁRIA,1,6259,Eleições Gerais Estaduais 2026,04/10/2026,ESTADUAL,PR,PR,PARANÁ,6,DEPUTADO FEDERAL,160002540775,1007,EMERSON MIGUEL PETRIV,BOCA ABERTA,#NULO,84116730904,NÃO DIVULGÁVEL,-3,#NE,PARTIDO ISOLADO,10,REPUBLICANOS,REPUBLICANOS,-1,#NULO,#NULO,#NULO,160001800503,PARTIDO ISOLADO,REPUBLICANOS,PR,07/08/1971,49367040680,2,MASCULINO,5,ENSINO MÉDIO INCOMPLETO,3,CASADO(A),1,BRANCA,411,VENDEDOR DE COMÉRCIO VAREJISTA E ATACADISTA,4,NÃO ELEITO
05/10/2026,10:14:11,2026,2,ELEIÇÃO ORDINÁRIA,1,6259,Eleições Gerais Estaduais 2026,04/10/2026,ESTADUAL,PR,PR,PARANÁ,6,DEPUTADO FEDERAL,160002540776,1011,ALEXANDRE LEPREVOST,ALEXANDRE LEPREVOST,#NULO,4415962904,NÃO DIVULGÁVEL,-3,#NE,PARTIDO ISOLADO,10,REPUBLICANOS,REPUBLICANOS,-1,#NULO,#NULO,#NULO,160001800503,PARTIDO ISOLADO,REPUBLICANOS,PR,08/11/1983,79413650604,2,MASCULINO,8,SUPERIOR COMPLETO,1,SOLTEIRO(A),1,BRANCA,257,EMPRESÁRIO,5,SUPLENTE
05/10/2026,10:14:11,2026,2,ELEIÇÃO ORDINÁRIA,1,6259,Eleições Gerais Estaduais 2026,04/10/2026,ESTADUAL,PR,PR,PARANÁ,6,DEPUTADO FEDERAL,160002540777,1099,JANAINA LOPES FAGUNDES DOS SANTOS,JANAINA BOMBEIRA,#NULO,6662546992,NÃO DIVULGÁVEL,-3,#NE,PARTIDO ISOLADO,10,REPUBLICANOS,REPUBLICANOS,-1,#NULO,#NULO,#NULO,160001800503,PARTIDO ISOLADO,REPUBLICANOS,PR,20/01/1988,88723110698,4,FEMININO,8,SUPERIOR COMPLETO,1,SOLTEIRO(A),1,BRANCA,258,BOMBEIRO MILITAR,5,SUPLENTE
05/10/2026,10:14:11,2026,2,ELEIÇÃO ORDINÁRIA,1,6259,Eleições Gerais Estaduais 2026,04/10/2026,ESTADUAL,PR,PR,PARANÁ,6,DEPUTADO FEDERAL,160002540778,1060,ARION ZANDONA FILHO,DR. ARION ZANDONÁ FILHO,#NULO,39472906915,NÃO DIVULGÁVEL,-3,#NE,PARTIDO ISOLADO,10,REPUBLICANOS,REPUBLICANOS,-1,#NULO,#NULO,#NULO,160001800503,PARTIDO ISOLADO,REPUBLICANOS,PR,27/12/1960,5363490671,2,MASCULINO,8,SUPERIOR COMPLETO,3,CASADO(A),1,BRANCA,142,PROFESSOR DE ENSINO SUPERIOR,5,SUPLENTE
05/10/2026,10:14:11,2026,2,ELEIÇÃO ORDINÁRIA,1,6259,Eleições Gerais Estaduais 2026,04/10/2026,ESTADUAL,PR,PR,PARANÁ,6,DEPUTADO FEDERAL,160002540779,1033,SUZANA MARGARIDA RABELO,ENFERMEIRA SUZANA RABELO,#NULO,20635996880,NÃO DIVULGÁVEL,-3,#NE,PARTIDO ISOLADO,10,REPUBLICANOS,REPUBLICANOS,-1,#NULO,#NULO,#NULO,160001800503,PARTIDO ISOLADO,REPUBLICANOS,MS,25/03/1974,75352540604,4,FEMININO,8,SUPERIOR COMPLETO,9,DIVORCIADO(A),3,PARDA,113,ENFERMEIRO,5,SUPLENTE
05/10/2026,10:14:11,2026,2,ELEIÇÃO ORDINÁRIA,1,6259,Eleições Gerais Estaduais 2026,04/10/2026,ESTADUAL,PR,PR,PARANÁ,6,DEPUTADO FEDERAL,160002540780,1001,JANAINA NAUMANN,JANAÍNA NAUMANN,#NULO,134584007,NÃO DIVULGÁVEL,-3,#NE,PARTIDO ISOLADO,10,REPUBLICANOS,REPUBLICANOS,-1,#NULO,#NULO,#NULO,160001800503,PARTIDO ISOLADO,REPUBLICANOS,RS,25/03/1982,76242290434,4,FEMININO,8,SUPERIOR COMPLETO,3,CASADO(A),1,BRANCA,264,BIOMÉDICO,5,SUPLENTE
05/10/2026,10:14:11,2026,2,ELEIÇÃO ORDINÁRIA,1,6259,Eleições Gerais Estaduais 2026,04/10/2026,ESTADUAL,PR,PR,PARANÁ,6,DEPUTADO FEDERAL,160002540781,1088,JOEL XAVIER,JOEL XAVIER,#NULO,17137039987,NÃO DIVULGÁVEL,-3,#NE,PARTIDO ISOLADO,10,REPUBLICANOS,REPUBLICANOS,-1,#NULO,#NULO,#NULO,160001800503,PARTIDO ISOLADO,REPUBLICANOS,SC,27/08/1953,44278480698,2,MASCULINO,6,ENSINO MÉDIO COMPLETO,3,CASADO(A),1,BRANCA,257,EMPRESÁRIO,5,SUPLENTE
05/10/2026,10:14:11,2026,2,ELEIÇÃO ORDINÁRIA,1,6259,Eleições Gerais Estaduais 2026,04/10/2026,ESTADUAL,PR,PR,PARANÁ,6,DEPUTADO FEDERAL,160002540782,1512,SERGIO DE SOUZA,SERGIO SOUZA,#NULO,75687658904,NÃO DIVULGÁVEL,-3,#NE,PARTIDO ISOLADO,15,MDB,MOVIMENTO DEMOCRÁTICO BRASILEIRO,-1,#NULO,#NULO,#NULO,160001800504,PARTIDO ISOLADO,MDB,PR,13/03/1971,48226600620,2,MASCULINO,8,SUPERIOR COMPLETO,3,CASADO(A),1,BRANCA,131,ADVOGADO,2,ELEITO POR QP
05/10/2026,10:14:11,2026,2,ELEIÇÃO ORDINÁRIA,1,6259,Eleições Gerais Estaduais 2026,04/10/2026,ESTADUAL,PR,PR,PARANÁ,6,DEPUTADO FEDERAL,160002540783,1526,AIRTON JOSE DE JESUS,AIRTON JOSÉ,#NULO,45973440982,NÃO DIVULGÁVEL,-3,#NE,PARTIDO ISOLADO,15,MDB,MOVIMENTO DEMOCRÁTICO BRASILEIRO,-1,#NULO,#NULO,#NULO,160001800504,PARTIDO ISOLADO,MDB,PR,20/04/1964,14773690647,2,MASCULINO,8,SUPERIOR COMPLETO,3,CASADO(A),1,BRANCA,131,ADVOGADO,5,SUPLENTE
05/10/2026,10:14:11,2026,2,ELEIÇÃO ORDINÁRIA,1,6259,Eleições Gerais Estaduais 2026,04/10/2026,ESTADUAL,PR,PR,PARANÁ,6,DEPUTADO FEDERAL,160002540784,1522,RICARDO APARECIDO MAIA KOTSIFAS,RICARDO MAIA,#NULO,39032850997,NÃO DIVULGÁVEL,-3,#NE,PARTIDO ISOLADO,15,MDB,MOVIMENTO DEMOCRÁTICO BRASILEIRO,-1,#NULO,#NULO,#NULO,160001800504,PARTIDO ISOLADO,MDB,MG,24/09/1960,17980910671,2,MASCULINO,7,SUPERIOR INCOMPLETO,3,CASADO(A),1,BRANCA,166,LOCUTOR E COMENTARISTA DE RÁDIO E TELEVISÃO E RADIALISTA,5,SUPLENTE
05/10/2026,10:14:11,2026,2,ELEIÇÃO ORDINÁRIA,1,6259,Eleições Gerais Estaduais 2026,04/10/2026,ESTADUAL,PR,PR,PARANÁ,6,DEPUTADO FEDERAL,160002540785,1590,MARIA ANGELA SILVEIRA BENATTI,MALY BENATTI,#NULO,78810760972,NÃO DIVULGÁVEL,-3,#NE,PARTIDO ISOLADO,15,MDB,MOVIMENTO DEMOCRÁTICO BRASILEIRO,-1,#NULO,#NULO,#NULO,160001800504,PARTIDO ISOLADO,MDB,SP,13/11/1955,19570800655,4,FEMININO,8,SUPERIOR COMPLETO,3,CASADO(A),1,BRANCA,266,PROFESSOR DE ENSINO MÉDIO,5,SUPLENTE
05/10/2026,10:14:11,2026,2,ELEIÇÃO ORDINÁRIA,1,6259,Eleições Gerais Estaduais 2026,04/10/2026,ESTADUAL,PR,PR,PARANÁ,6,DEPUTADO FEDERAL,160002540786,1566,GEORGE LUIZ DE OLIVEIRA,GEORGE OLIVEIRA,#NULO,68669178915,NÃO DIVULGÁVEL,-3,#NE,PARTIDO ISOLADO,15,MDB,MOVIMENTO DEMOCRÁTICO BRASILEIRO,-1,#NULO,#NULO,#NULO,160001800504,PARTIDO ISOLADO,MDB,PR,23/04/1971,51947760655,2,MASCULINO,6,ENSINO MÉDIO COMPLETO,9,DIVORCIADO(A),1,BRANCA,257,EMPRESÁRIO,4,NÃO ELEITO
05/10/2026,10:14:11,2026,2,ELEIÇÃO ORDINÁRIA,1,6259,Eleições Gerais Estaduais 2026,04/10/2026,ESTADUAL,PR,PR,PARANÁ,6,DEPUTADO FEDERAL,160002540787,1551,THIAGO PEREIRA BRUGER,THIAGO BRUGER,#NULO,11931261938,NÃO DIVULGÁVEL,-3,#NE,PARTIDO ISOLADO,15,MDB,MOVIMENTO DEMOCRÁTICO BRASILEIRO,-1,#NULO,#NULO,#NULO,160001800504,PARTIDO ISOLADO,MDB,PR,05/11/1998,111461000663,2,MASCULINO,7,SUPERIOR INCOMPLETO,3,CASADO(A),1,BRANCA,257,EMPRESÁRIO,5,SUPLENTE
05/10/2026,10:14:11,2026,2,ELEIÇÃO ORDINÁRIA,1,6259,Eleições Gerais Estaduais 2026,04/10/2026,ESTADUAL,PR,PR,PARANÁ,6,DEPUTADO FEDERAL,160002540788,1519,MANOEL AUGUSTO GOLLUB INOCENCIO,MANOS BEER,#NULO,5748086980,NÃO DIVULGÁVEL,-3,#NE,PARTIDO ISOLADO,15,MDB,MOVIMENTO DEMOCRÁTICO BRASILEIRO,-1,#NULO,#NULO,#NULO,160001800504,PARTIDO ISOLADO,MDB,PR,01/05/1987,86032940612,2,MASCULINO,8,SUPERIOR COMPLETO,1,SOLTEIRO(A),1,BRANCA,257,EMPRESÁRIO,5,SUPLENTE
05/10/2026,10:14:11,2026,2,ELEIÇÃO ORDINÁRIA,1,6259,Eleições Gerais Estaduais 2026,04/10/2026,ESTADUAL,PR,PR,PARANÁ,6,DEPUTADO FEDERAL,160002540789,1533,ELIO CEZAR ALVES DOS SANTOS,FUBÁ,#NULO,70177155949,NÃO DIVULGÁVEL,-3,#NE,PARTIDO ISOLADO,15,MDB,MOVIMENTO DEMOCRÁTICO BRASILEIRO,-1,#NULO,#NULO,#NULO,160001800504,PARTIDO ISOLADO,MDB,PR,01/04/1971,53087620639,2,MASCULINO,8,SUPERIOR COMPLETO,3,CASADO(A),1,BRANCA,999,OUTROS,5,SUPLENTE
05/10/2026,10:14:11,2026,2,ELEIÇÃO ORDINÁRIA,1,6259,Eleições Gerais Estaduais 2026,04/10/2026,ESTADUAL,PR,PR,PARANÁ,6,DEPUTADO FEDERAL,160002540790,1505,ALOISIO JUSTINO DO NASCIMENTO,ALOISIO NASCIMENTO,#NULO,2059271908,NÃO DIVULGÁVEL,-3,#NE,PARTIDO ISOLADO,15,MDB,MOVIMENTO DEMOCRÁTICO BRASILEIRO,-1,#NULO,#NULO,#NULO,160001800504,PARTIDO ISOLADO,MDB,PR,08/06/1977,66695810639,2,MASCULINO,8,SUPERIOR COMPLETO,1,SOLTEIRO(A),2,PRETA,159,CIENTISTA POLÍTICO,5,SUPLENTE
05/10/2026,10:14:11,2026,2,ELEIÇÃO ORDINÁRIA,1,6259,Eleições Gerais Estaduais 2026,04/10/2026,ESTADUAL,PR,PR,PARANÁ,6,DEPUTADO FEDERAL,160002540791,1599,JOAO CARLOS RODRIGUES,JOÃO DA 5 IRMÃOS,#NULO,2060926955,NÃO DIVULGÁVEL,-3,#NE,PARTIDO ISOLADO,15,MDB,MOVIMENTO DEMOCRÁTICO BRASILEIRO,-1,#NULO,#NULO,#NULO,160001800504,PARTIDO ISOLADO,MDB,PR,15/01/1976,63823030698,2,MASCULINO,8,SUPERIOR COMPLETO,3,CASADO(A),1,BRANCA,169,COMERCIANTE,5,SUPLENTE
05/10/2026,10:14:11,2026,2,ELEIÇÃO ORDINÁRIA,1,6259,Eleições Gerais Estaduais 2026,04/10/2026,ESTADUAL,PR,PR,PARANÁ,6,DEPUTADO FEDERAL,160002540792,1516,EDSON RIBEIRO SCABORA,EDSON SCABORA,#NULO,58195181953,NÃO DIVULGÁVEL,-3,#NE,PARTIDO ISOLADO,15,MDB,MOVIMENTO DEMOCRÁTICO BRASILEIRO,-1,#NULO,#NULO,#NULO,160001800504,PARTIDO ISOLADO,MDB,PR,16/08/1962,17824760612,2,MASCULINO,8,SUPERIOR COMPLETO,3,CASADO(A),1,BRANCA,257,EMPRESÁRIO,5,SUPLENTE
05/10/2026,10:14:11,2026,2,ELEIÇÃO ORDINÁRIA,1,6259,Eleições Gerais Estaduais 2026,04/10/2026,ESTADUAL,PR,PR,PARANÁ,6,DEPUTADO FEDERAL,160002540793,1515,EULER DE FREITAS SILVA JUNIOR,PROFESSOR EULER,#NULO,12068375869,NÃO DIVULGÁVEL,-3,#NE,PARTIDO ISOLADO,15,MDB,MOVIMENTO DEMOCRÁTICO BRASILEIRO,-1,#NULO,#NULO,#NULO,160001800504,PARTIDO ISOLADO,MDB,SP,19/12/1973,253604410191,2,MASCULINO,8,SUPERIOR COMPLETO,9,DIVORCIADO(A),1,BRANCA,278,VEREADOR,5,SUPLENTE
05/10/2026,10:14:11,2026,2,ELEIÇÃO ORDINÁRIA,1,6259,Eleições Gerais Estaduais 2026,04/10/2026,ESTADUAL,PR,PR,PARANÁ,6,DEPUTADO FEDERAL,160002540794,1555,SILVIA CRISTINA DE LIMA,SILVIA WINTER,#NULO,5224596920,NÃO DIVULGÁVEL,-3,#NE,PARTIDO ISOLADO,15,MDB,MOVIMENTO DEMOCRÁTICO BRASILEIRO,-1,#NULO,#NULO,#NULO,160001800504,PARTIDO ISOLADO,MDB,PR,23/05/1980,82586460620,4,FEMININO,8,SUPERIOR COMPLETO,9,DIVORCIADO(A),1,BRANCA,266,PROFESSOR DE ENSINO MÉDIO,5,SUPLENTE
05/10/2026,10:14:11,2026,2,ELEIÇÃO ORDINÁRIA,1,6259,Eleições Gerais Estaduais 2026,04/10/2026,ESTADUAL,PR,PR,PARANÁ,6,DEPUTADO FEDERAL,160002540795,1577,LEONICE ILEK AURÉLIO REY,LEONICE ILEK,#NULO,6219831870,NÃO DIVULGÁVEL,-3,#NE,PARTIDO ISOLADO,15,MDB,MOVIMENTO DEMOCRÁTICO BRASILEIRO,-1,#NULO,#NULO,#NULO,160001800504,PARTIDO ISOLADO,MDB,SP,17/03/1964,145386130191,4,FEMININO,8,SUPERIOR COMPLETO,3,CASADO(A),1,BRANCA,118,FONOAUDIÓLOGO,5,SUPLENTE
05/10/2026,10:14:11,2026,2,ELEIÇÃO ORDINÁRIA,1,6259,Eleições Gerais Estaduais 2026,04/10/2026,ESTADUAL,PR,PR,PARANÁ,6,DEPUTADO FEDERAL,160002540796,1588,EDELI DOS SANTOS PEPE,DRA. EDELI PEPE,#NULO,69704538987,NÃO DIVULGÁVEL,-3,#NE,PARTIDO ISOLADO,15,MDB,MOVIMENTO DEMOCRÁTICO BRASILEIRO,-1,#NULO,#NULO,#NULO,160001800504,PARTIDO ISOLADO,MDB,PR,19/01/1969,43221000698,4,FEMININO,8,SUPERIOR COMPLETO,1,SOLTEIRO(A),1,BRANCA,111,MÉDICO,5,SUPLENTE
05/10/2026,10:14:11,2026,2,ELEIÇÃO ORDINÁRIA,1,6259,Eleições Gerais Estaduais 2026,04/10/2026,ESTADUAL,PR,PR,PARANÁ,6,DEPUTADO FEDERAL,160002540797,1500,KARIME FAYAD,KARIME FAYAD,#NULO,7540359994,NÃO DIVULGÁVEL,-3,#NE,PARTIDO ISOLADO,15,MDB,MOVIMENTO DEMOCRÁTICO BRASILEIRO,-1,#NULO,#NULO,#NULO,160001800504,PARTIDO ISOLADO,MDB,PR,11/07/1990,92713920604,4,FEMININO,8,SUPERIOR COMPLETO,1,SOLTEIRO(A),1,BRANCA,102,ARQUITETO,5,SUPLENTE
05/10/2026,10:14:11,2026,2,ELEIÇÃO ORDINÁRIA,1,6259,Eleições Gerais Estaduais 2026,04/10/2026,ESTADUAL,PR,PR,PARANÁ,6,DEPUTADO FEDERAL,160002540798,1545,ADEMILSON DE ALMEIDA,VEREADOR ADEMILSON,#NULO,3314656980,NÃO DIVULGÁVEL,-3,#NE,PARTIDO ISOLADO,15,MDB,MOVIMENTO DEMOCRÁTICO BRASILEIRO,-1,#NULO,#NULO,#NULO,160001800504,PARTIDO ISOLADO,MDB,PR,23/10/1980,73566520671,2,MASCULINO,8,SUPERIOR COMPLETO,1,SOLTEIRO(A),3,PARDA,278,VEREADOR,5,SUPLENTE
05/10/2026,10:14:11,2026,2,ELEIÇÃO ORDINÁRIA,1,6259,Eleições Gerais Estaduais 2026,04/10/2026,ESTADUAL,PR,PR,PARANÁ,6,DEPUTADO FEDERAL,160002540799,1567,JOÃO MANOEL ARDIGO,JOÃO ARDIGO,#NULO,72457759900,NÃO DIVULGÁVEL,-3,#NE,PARTIDO ISOLADO,15,MDB,MOVIMENTO DEMOCRÁTICO BRASILEIRO,-1,#NULO,#NULO,#NULO,160001800504,PARTIDO ISOLADO,MDB,PR,17/03/1971,50370830698,2,MASCULINO,8,SUPERIOR COMPLETO,9,DIVORCIADO(A),1,BRANCA,169,COMERCIANTE,5,SUPLENTE
05/10/2026,10:14:11,2026,2,ELEIÇÃO ORDINÁRIA,1,6259,Eleições Gerais Estaduais 2026,04/10/2026,ESTADUAL,PR,PR,PARANÁ,6,DEPUTADO FEDERAL,160002540800,1501,MARIANA GROTTI PEREIRA,MARI GROTTI,#NULO,5996454904,NÃO DIVULGÁVEL,-3,#NE,PARTIDO ISOLADO,15,MDB,MOVIMENTO DEMOCRÁTICO BRASILEIRO,-1,#NULO,#NULO,#NULO,160001800504,PARTIDO ISOLADO,MDB,PR,01/02/1986,87960990604,4,FEMININO,8,SUPERIOR COMPLETO,1,SOLTEIRO(A),1,BRANCA,235,PROFESSOR E INSTRUTOR DE FORMAÇÃO PROFISSIONAL,5,SUPLENTE
05/10/2026,10:14:11,2026,2,ELEIÇÃO ORDINÁRIA,1,6259,Eleições Gerais Estaduais 2026,04/10/2026,ESTADUAL,PR,PR,PARANÁ,6,DEPUTADO FEDERAL,160002540801,1543,MERON DACZUK NETO,MERON NETO,#NULO,4282952903,NÃO DIVULGÁVEL,-3,#NE,PARTIDO ISOLADO,15,MDB,MOVIMENTO DEMOCRÁTICO BRASILEIRO,-1,#NULO,#NULO,#NULO,160001800504,PARTIDO ISOLADO,MDB,PR,11/06/1984,82460390663,2,MASCULINO,8,SUPERIOR COMPLETO,3,CASADO(A),1,BRANCA,257,EMPRESÁRIO,5,SUPLENTE
05/10/2026,10:14:11,2026,2,ELEIÇÃO ORDINÁRIA,1,6259,Eleições Gerais Estaduais 2026,04/10/2026,ESTADUAL,PR,PR,PARANÁ,6,DEPUTADO FEDERAL,160002540802,1550,MARLI GONCALVES COSTA,PROFESSORA MARLI DO ESPORTE,#NULO,57528888915,NÃO DIVULGÁVEL,-3,#NE,PARTIDO ISOLADO,15,MDB,MOVIMENTO DEMOCRÁTICO BRASILEIRO,-1,#NULO,#NULO,#NULO,160001800504,PARTIDO ISOLADO,MDB,PR,17/12/1968,43344410604,4,FEMININO,8,SUPERIOR COMPLETO,3,CASADO(A),1,BRANCA,266,PROFESSOR DE ENSINO MÉDIO,5,SUPLENTE
05/10/2026,10:14:11,2026,2,ELEIÇÃO ORDINÁRIA,1,6259,Eleições Gerais Estaduais 2026,04/10/2026,ESTADUAL,PR,PR,PARANÁ,6,DEPUTADO FEDERAL,160002540803,1540,CARLINO FRAGA PEREIRA,MIRADOR,#NULO,622216988,NÃO DIVULGÁVEL,-3,#NE,PARTIDO ISOLADO,15,MDB,MOVIMENTO DEMOCRÁTICO BRASILEIRO,-1,#NULO,#NULO,#NULO,160001800504,PARTIDO ISOLADO,MDB,PR,26/05/1980,69932900655,2,MASCULINO,8,SUPERIOR COMPLETO,3,CASADO(A),2,PRETA,601,AGRICULTOR,5,SUPLENTE
05/10/2026,10:14:11,2026,2,ELEIÇÃO ORDINÁRIA,1,6259,Eleições Gerais Estaduais 2026,04/10/2026,ESTADUAL,PR,PR,PARANÁ,6,DEPUTADO FEDERAL,160002540804,1520,PATRICIA LUCIANE SANTOS DE LIMA,DRA PATRICIA,#NULO,74210289949,NÃO DIVULGÁVEL,-3,#NE,PARTIDO ISOLADO,15,MDB,MOVIMENTO DEMOCRÁTICO BRASILEIRO,-1,#NULO,#NULO,#NULO,160001800504,PARTIDO ISOLADO,MDB,PR,24/10/1971,48818070604,4,FEMININO,8,SUPERIOR COMPLETO,3,CASADO(A),1,BRANCA,114,FISIOTERAPEUTA E TERAPEUTA OCUPACIONAL,5,SUPLENTE
05/10/2026,10:14:11,2026,2,ELEIÇÃO ORDINÁRIA,1,6259,Eleições Gerais Estaduais 2026,04/10/2026,ESTADUAL,PR,PR,PARANÁ,6,DEPUTADO FEDERAL,160002540805,1511,ROGERIO HELIAS CARBONI,ROGERIO CARBONI,#NULO,54614775934,NÃO DIVULGÁVEL,-3,#NE,PARTIDO ISOLADO,15,MDB,MOVIMENTO DEMOCRÁTICO BRASILEIRO,-1,#NULO,#NULO,#NULO,160001800504,PARTIDO ISOLADO,MDB,PR,29/11/1968,44885260612,2,MASCULINO,8,SUPERIOR COMPLETO,3,CASADO(A),1,BRANCA,131,ADVOGADO,5,SUPLENTE
05/10/2026,10:14:11,2026,2,ELEIÇÃO ORDINÁRIA,1,6259,Eleições Gerais Estaduais 2026,04/10/2026,ESTADUAL,PR,PR,PARANÁ,6,DEPUTADO FEDERAL,160002540806,1570,DAVID ANTUNES RIBEIRO,DAVID ANTUNES,#NULO,12285173989,NÃO DIVULGÁVEL,-3,#NE,PARTIDO ISOLADO,15,MDB,MOVIMENTO DEMOCRÁTICO BRASILEIRO,-1,#NULO,#NULO,#NULO,160001800504,PARTIDO ISOLADO,MDB,PR,10/12/2001,119104680671,2,MASCULINO,6,ENSINO MÉDIO COMPLETO,1,SOLTEIRO(A),1,BRANCA,999,OUTROS,5,SUPLENTE
05/10/2026,10:14:11,2026,2,ELEIÇÃO ORDINÁRIA,1,6259,Eleições Gerais Estaduais 2026,04/10/2026,ESTADUAL,PR,PR,PARANÁ,6,DEPUTADO FEDERAL,160002540807,1525,VILSON PEDROSO DA CRUZ,VILSON FALCÃO,#NULO,37128361987,NÃO DIVULGÁVEL,-3,#NE,PARTIDO ISOLADO,15,MDB,MOVIMENTO DEMOCRÁTICO BRASILEIRO,-1,#NULO,#NULO,#NULO,160001800504,PARTIDO ISOLADO,MDB,PR,26/12/1960,31202690612,2,MASCULINO,6,ENSINO MÉDIO COMPLETO,3,CASADO(A),1,BRANCA,125,ADMINISTRADOR,5,SUPLENTE
05/10/2026,10:14:11,2026,2,ELEIÇÃO ORDINÁRIA,1,6259,Eleições Gerais Estaduais 2026,04/10/2026,ESTADUAL,PR,PR,PARANÁ,6,DEPUTADO FEDERAL,160002540808,1517,CAROLINA ANDRADE CHAB,CAROL CHAB,#NULO,5185706902,NÃO DIVULGÁVEL,-3,#NE,PARTIDO ISOLADO,15,MDB,MOVIMENTO DEMOCRÁTICO BRASILEIRO,-1,#NULO,#NULO,#NULO,160001800504,PARTIDO ISOLADO,MDB,PR,23/12/1985,84328400612,4,FEMININO,8,SUPERIOR COMPLETO,9,DIVORCIADO(A),1,BRANCA,101,ENGENHEIRO,5,SUPLENTE
05/10/2026,10:14:11,2026,2,ELEIÇÃO ORDINÁRIA,1,6259,Eleições Gerais Estaduais 2026,04/10/2026,ESTADUAL,PR,PR,PARANÁ,6,DEPUTADO FEDERAL,160002540809,1506,EDUARDO LUIZ BANTLE,EDUARDO BANTLE,#NULO,4711515992,NÃO DIVULGÁVEL,-3,#NE,PARTIDO ISOLADO,15,MDB,MOVIMENTO DEMOCRÁTICO BRASILEIRO,-1,#NULO,#NULO,#NULO,160001800504,PARTIDO ISOLADO,MDB,PR,06/06/1993,99726800671,2,MASCULINO,8,SUPERIOR COMPLETO,1,SOLTEIRO(A),1,BRANCA,601,AGRICULTOR,5,SUPLENTE
05/10/2026,10:14:11,2026,2,ELEIÇÃO ORDINÁRIA,1,6259,Eleições Gerais Estaduais 2026,04/10/2026,ESTADUAL,PR,PR,PARANÁ,6,DEPUTADO FEDERAL,160002540810,1530,WILSON SOLER,WILSON SOLER,#NULO,60066474191,NÃO DIVULGÁVEL,-3,#NE,PARTIDO ISOLADO,15,MDB,MOVIMENTO DEMOCRÁTICO BRASILEIRO,-1,#NULO,#NULO,#NULO,160001800504,PARTIDO ISOLADO,MDB,SP,28/06/1973,10245171902,2,MASCULINO,8,SUPERIOR COMPLETO,1,SOLTEIRO(A),1,BRANCA,171,JORNALISTA E REDATOR,5,SUPLENTE
05/10/2026,10:14:11,2026,2,ELEIÇÃO ORDINÁRIA,1,6259,Eleições Gerais Estaduais 2026,04/10/2026,ESTADUAL,PR,PR,PARANÁ,6,DEPUTADO FEDERAL,160002541981,1266,EDNEIA APARECIDA DE FREITAS,NEIA PAVANNI,#NULO,2144228957,NÃO DIVULGÁVEL,-3,#NE,PARTIDO ISOLADO,12,PDT,PARTIDO DEMOCRÁTICO TRABALHISTA,-1,#NULO,#NULO,#NULO,160001800597,PARTIDO ISOLADO,PDT,PR,07/08/1971,53607450671,4,FEMININO,7,SUPERIOR INCOMPLETO,3,CASADO(A),1,BRANCA,910,SACERDOTE OU MEMBRO DE ORDEM OU SEITA RELIGIOSA,4,NÃO ELEITO
05/10/2026,10:14:11,2026,2,ELEIÇÃO ORDINÁRIA,1,6259,Eleições Gerais Estaduais 2026,04/10/2026,ESTADUAL,PR,PR,PARANÁ,6,DEPUTADO FEDERAL,160002541982,1200,PAULO ROBERTO PALHANO FONTINELLI,DR. PAULO FONTINELLI,#NULO,48093610987,NÃO DIVULGÁVEL,-3,#NE,PARTIDO ISOLADO,12,PDT,PARTIDO DEMOCRÁTICO TRABALHISTA,-1,#NULO,#NULO,#NULO,160001800597,PARTIDO ISOLADO,PDT,PR,11/12/1963,7901650680,2,MASCULINO,8,SUPERIOR COMPLETO,1,SOLTEIRO(A),2,PRETA,111,MÉDICO,4,NÃO ELEITO
05/10/2026,10:14:11,2026,2,ELEIÇÃO ORDINÁRIA,1,6259,Eleições Gerais Estaduais 2026,04/10/2026,ESTADUAL,PR,PR,PARANÁ,6,DEPUTADO FEDERAL,160002541983,1226,CINTIA SIQUEIRA FERREIRA DE MELO,CINTIA SIQUEIRA,#NULO,85260649915,NÃO DIVULGÁVEL,-3,#NE,PARTIDO ISOLADO,12,PDT,PARTIDO DEMOCRÁTICO TRABALHISTA,-1,#NULO,#NULO,#NULO,160001800597,PARTIDO ISOLADO,PDT,PR,15/08/1973,65070900698,4,FEMININO,7,SUPERIOR INCOMPLETO,9,DIVORCIADO(A),1,BRANCA,298,SERVIDOR PÚBLICO MUNICIPAL,4,NÃO ELEITO
05/10/2026,10:14:11,2026,2,ELEIÇÃO ORDINÁRIA,1,6259,Eleições Gerais Estaduais 2026,04/10/2026,ESTADUAL,PR,PR,PARANÁ,6,DEPUTADO FEDERAL,160002541984,1274,IVAN FAGUNDES MACHADO,FAGUNDES,#NULO,87226863987,NÃO DIVULGÁVEL,-3,#NE,PARTIDO ISOLADO,12,PDT,PARTIDO DEMOCRÁTICO TRABALHISTA,-1,#NULO,#NULO,#NULO,160001800597,PARTIDO ISOLADO,PDT,PR,11/04/1974,55212860671,2,MASCULINO,6,ENSINO MÉDIO COMPLETO,3,CASADO(A),2,PRETA,999,OUTROS,4,NÃO ELEITO
05/10/2026,10:14:11,2026,2,ELEIÇÃO ORDINÁRIA,1,6259,Eleições Gerais Estaduais 2026,04/10/2026,ESTADUAL,PR,PR,PARANÁ,6,DEPUTADO FEDERAL,160002541985,1277,JOSIAS MILANI,JOSIAS MILANI,#NULO,55684483968,NÃO DIVULGÁVEL,-3,#NE,PARTIDO ISOLADO,12,PDT,PARTIDO DEMOCRÁTICO TRABALHISTA,-1,#NULO,#NULO,#NULO,160001800597,PARTIDO ISOLADO,PDT,PR,26/02/1967,41873210612,2,MASCULINO,4,ENSINO FUNDAMENTAL COMPLETO,1,SOLTEIRO(A),1,BRANCA,999,OUTROS,4,NÃO ELEITO
05/10/2026,10:14:11,2026,2,ELEIÇÃO ORDINÁRIA,1,6259,Eleições Gerais Estaduais 2026,04/10/2026,ESTADUAL,PR,PR,PARANÁ,6,DEPUTADO FEDERAL,160002541986,1251,LEANDRO ROSA BARBOSA,DR. WATER,#NULO,4475306663,NÃO DIVULGÁVEL,-3,#NE,PARTIDO ISOLADO,12,PDT,PARTIDO DEMOCRÁTICO TRABALHISTA,-1,#NULO,#NULO,#NULO,160001800597,PARTIDO ISOLADO,PDT,MG,31/05/1975,107109470264,2,MASCULINO,8,SUPERIOR COMPLETO,3,CASADO(A),3,PARDA,257,EMPRESÁRIO,4,NÃO ELEITO
05/10/2026,10:14:11,2026,2,ELEIÇÃO ORDINÁRIA,1,6259,Eleições Gerais Estaduais 2026,04/10/2026,ESTADUAL,PR,PR,PARANÁ,6,DEPUTADO FEDERAL,160002541987,1288,STALLONE DOS SANTOS RIBEIRO,STALLONE RIBEIRO,#NULO,3999699930,NÃO DIVULGÁVEL,-3,#NE,PARTIDO ISOLADO,12,PDT,PARTIDO DEMOCRÁTICO TRABALHISTA,-1,#NULO,#NULO,#NULO,160001800597,PARTIDO ISOLADO,PDT,PR,31/07/1986,87240850680,2,MASCULINO,8,SUPERIOR COMPLETO,3,CASADO(A),3,PARDA,266,PROFESSOR DE ENSINO MÉDIO,4,NÃO ELEITO
05/10/2026,10:14:11,2026,2,ELEIÇÃO ORDINÁRIA,1,6259,Eleições Gerais Estaduais 2026,04/10/2026,ESTADUAL,PR,PR,PARANÁ,6,DEPUTADO FEDERAL,160002541988,1234,LAÍS ROCHA LEÃO,LAÍS LEÃO,#NULO,5835972970,NÃO DIVULGÁVEL,-3,#NE,PARTIDO ISOLADO,12,PDT,PARTIDO DEMOCRÁTICO TRABALHISTA,-1,#NULO,#NULO,#NULO,160001800597,PARTIDO ISOLADO,PDT,PR,07/12/1993,98192510655,4,FEMININO,8,SUPERIOR COMPLETO,1,SOLTEIRO(A),1,BRANCA,102,ARQUITETO,4,NÃO ELEITO
05/10/2026,10:14:11,2026,2,ELEIÇÃO ORDINÁRIA,1,6259,Eleições Gerais Estaduais 2026,04/10/2026,ESTADUAL,PR,PR,PARANÁ,6,DEPUTADO FEDERAL,160002541989,1230,ANA LUCIA RODRIGUES,PROFESSORA ANA LÚCIA,#NULO,49365541972,NÃO DIVULGÁVEL,-3,#NE,PARTIDO ISOLADO,12,PDT,PARTIDO DEMOCRÁTICO TRABALHISTA,-1,#NULO,#NULO,#NULO,160001800597,PARTIDO ISOLADO,PDT,PR,25/09/1962,81321110620,4,FEMININO,8,SUPERIOR COMPLETO,1,SOLTEIRO(A),1,BRANCA,278,VEREADOR,4,NÃO ELEITO
05/10/2026,10:14:11,2026,2,ELEIÇÃO ORDINÁRIA,1,6259,Eleições Gerais Estaduais 2026,04/10/2026,ESTADUAL,PR,PR,PARANÁ,6,DEPUTADO FEDERAL,160002541990,1236,FLAVIA PRAZERES,FLÁVIA PRAZERES,#NULO,2766455965,NÃO DIVULGÁVEL,-3,#NE,PARTIDO ISOLADO,12,PDT,PARTIDO DEMOCRÁTICO TRABALHISTA,-1,#NULO,#NULO,#NULO,160001800597,PARTIDO ISOLADO,PDT,PR,01/12/1979,61167370612,4,FEMININO,8,SUPERIOR COMPLETO,9,DIVORCIADO(A),1,BRANCA,131,ADVOGADO,4,NÃO ELEITO
05/10/2026,10:14:11,2026,2,ELEIÇÃO ORDINÁRIA,1,6259,Eleições Gerais Estaduais 2026,04/10/2026,ESTADUAL,PR,PR,PARANÁ,6,DEPUTADO FEDERAL,160002541991,1221,JEANE ISLENA VASILEWSKI,JEANE,#NULO,11578318939,NÃO DIVULGÁVEL,-3,#NE,PARTIDO ISOLADO,12,PDT,PARTIDO DEMOCRÁTICO TRABALHISTA,-1,#NULO,#NULO,#NULO,160001800597,PARTIDO ISOLADO,PDT,PR,17/08/2000,113633550663,4,FEMININO,7,SUPERIOR INCOMPLETO,1,SOLTEIRO(A),1,BRANCA,931,"ESTUDANTE, BOLSISTA, ESTAGIÁRIO E ASSEMELHADOS",4,NÃO ELEITO
05/10/2026,10:14:11,2026,2,ELEIÇÃO ORDINÁRIA,1,6259,Eleições Gerais Estaduais 2026,04/10/2026,ESTADUAL,PR,PR,PARANÁ,6,DEPUTADO FEDERAL,160002541992,1225,JESUS BRASIL CAPARROZ,JESUS BRASIL,#NULO,41375084968,NÃO DIVULGÁVEL,-3,#NE,PARTIDO ISOLADO,12,PDT,PARTIDO DEMOCRÁTICO TRABALHISTA,-1,#NULO,#NULO,#NULO,160001800597,PARTIDO ISOLADO,PDT,PR,29/03/1959,35332100671,2,MASCULINO,7,SUPERIOR INCOMPLETO,3,CASADO(A),1,BRANCA,169,COMERCIANTE,4,NÃO ELEITO
05/10/2026,10:14:11,2026,2,ELEIÇÃO ORDINÁRIA,1,6259,Eleições Gerais Estaduais 2026,04/10/2026,ESTADUAL,PR,PR,PARANÁ,6,DEPUTADO FEDERAL,160002542213,1244,PAULO CESAR RODRIGUES,PAULINHO DO ASFALTO,#NULO,79265090944,NÃO DIVULGÁVEL,-3,#NE,PARTIDO ISOLADO,12,PDT,PARTIDO DEMOCRÁTICO TRABALHISTA,-1,#NULO,#NULO,#NULO,160001800597,PARTIDO ISOLADO,PDT,PR,29/01/1971,49642400655,2,MASCULINO,5,ENSINO MÉDIO INCOMPLETO,3,CASADO(A),3,PARDA,999,OUTROS,4,NÃO ELEITO
05/10/2026,10:14:11,2026,2,ELEIÇÃO ORDINÁRIA,1,6259,Eleições Gerais Estaduais 2026,04/10/2026,ESTADUAL,PR,PR,PARANÁ,6,DEPUTADO FEDERAL,160002542214,1233,JOSE GIULIANGELI DE CASTRO,ZEZINHO FISIOTERAPEUTA,#NULO,68325444991,NÃO DIVULGÁVEL,-3,#NE,PARTIDO ISOLADO,12,PDT,PARTIDO DEMOCRÁTICO TRABALHISTA,-1,#NULO,#NULO,#NULO,160001800597,PARTIDO ISOLADO,PDT,PR,03/01/1970,44344030612,2,MASCULINO,8,SUPERIOR COMPLETO,3,CASADO(A),1,BRANCA,114,FISIOTERAPEUTA E TERAPEUTA OCUPACIONAL,4,NÃO ELEITO
05/10/2026,10:14:11,2026,2,ELEIÇÃO ORDINÁRIA,1,6259,Eleições Gerais Estaduais 2026,04/10/2026,ESTADUAL,PR,PR,PARANÁ,6,DEPUTADO FEDERAL,160002542215,1290,RENÊ PAULO FONTANELLI MACHADO,RENE PENINHA,#NULO,30260515949,NÃO DIVULGÁVEL,-3,#NE,PARTIDO ISOLADO,12,PDT,PARTIDO DEMOCRÁTICO TRABALHISTA,-1,#NULO,#NULO,#NULO,160001800597,PARTIDO ISOLADO,PDT,PR,07/09/1958,47750698,2,MASCULINO,7,SUPERIOR INCOMPLETO,3,CASADO(A),1,BRANCA,232,POLICIAL CIVIL,4,NÃO ELEITO
05/10/2026,10:14:11,2026,2,ELEIÇÃO ORDINÁRIA,1,6259,Eleições Gerais Estaduais 2026,04/10/2026,ESTADUAL,PR,PR,PARANÁ,6,DEPUTADO FEDERAL,160002542216,1223,LAZARA DANIELE GUIDIO BIONDO CROCETTI,DANI BIONDO CROCETTI,#NULO,2016195983,NÃO DIVULGÁVEL,-3,#NE,PARTIDO ISOLADO,12,PDT,PARTIDO DEMOCRÁTICO TRABALHISTA,-1,#NULO,#NULO,#NULO,160001800597,PARTIDO ISOLADO,PDT,MG,04/02/1976,61903560663,4,FEMININO,8,SUPERIOR COMPLETO,3,CASADO(A),3,PARDA,131,ADVOGADO,4,NÃO ELEITO
05/10/2026,10:14:11,2026,2,ELEIÇÃO ORDINÁRIA,1,6259,Eleições Gerais Estaduais 2026,04/10/2026,ESTADUAL,PR,PR,PARANÁ,6,DEPUTADO FEDERAL,160002542217,1256,DIEGO WERNER,DIEGO WERNER,#NULO,4990762908,NÃO DIVULGÁVEL,-3,#NE,PARTIDO ISOLADO,12,PDT,PARTIDO DEMOCRÁTICO TRABALHISTA,-1,#NULO,#NULO,#NULO,160001800597,PARTIDO ISOLADO,PDT,PR,09/03/1986,84330540663,2,MASCULINO,8,SUPERIOR COMPLETO,3,CASADO(A),1,BRANCA,297,SERVIDOR PÚBLICO ESTADUAL,4,NÃO ELEITO
05/10/2026,10:14:11,2026,2,ELEIÇÃO ORDINÁRIA,1,6259,Eleições Gerais Estaduais 2026,04/10/2026,ESTADUAL,PR,PR,PARANÁ,6,DEPUTADO FEDERAL,160002542218,1212,ROBERTO REQUIAO DE MELLO E SILVA,ROBERTO REQUIÃO,#NULO,5660890920,NÃO DIVULGÁVEL,-3,#NE,PARTIDO ISOLADO,12,PDT,PARTIDO DEMOCRÁTICO TRABALHISTA,-1,#NULO,#NULO,#NULO,160001800597,PARTIDO ISOLADO,PDT,PR,05/03/1941,87950655,2,MASCULINO,8,SUPERIOR COMPLETO,3,CASADO(A),1,BRANCA,131,ADVOGADO,4,NÃO ELEITO
05/10/2026,10:14:11,2026,2,ELEIÇÃO ORDINÁRIA,1,6259,Eleições Gerais Estaduais 2026,04/10/2026,ESTADUAL,PR,PR,PARANÁ,6,DEPUTADO FEDERAL,160002542219,1222,LUCIANA NUNES FERREIRA,EKEDJI LU FERREIRA,#NULO,1635296986,NÃO DIVULGÁVEL,-3,#NE,PARTIDO ISOLADO,12,PDT,PARTIDO DEMOCRÁTICO TRABALHISTA,-1,#NULO,#NULO,#NULO,160001800597,PARTIDO ISOLADO,PDT,PR,12/05/1973,53821230680,4,FEMININO,7,SUPERIOR INCOMPLETO,1,SOLTEIRO(A),2,PRETA,999,OUTROS,4,NÃO ELEITO
05/10/2026,10:14:11,2026,2,ELEIÇÃO ORDINÁRIA,1,6259,Eleições Gerais Estaduais 2026,04/10/2026,ESTADUAL,PR,PR,PARANÁ,6,DEPUTADO FEDERAL,160002542220,1208,MARIA BERNADETE SOLANO FRAGA BRANDAO,BERNADETE BRANDÃO,#NULO,45737231968,NÃO DIVULGÁVEL,-3,#NE,PARTIDO ISOLADO,12,PDT,PARTIDO DEMOCRÁTICO TRABALHISTA,-1,#NULO,#NULO,#NULO,160001800597,PARTIDO ISOLADO,PDT,PR,11/11/1960,893880698,4,FEMININO,8,SUPERIOR COMPLETO,7,SEPARADO(A) JUDICIALMENTE,1,BRANCA,999,OUTROS,4,NÃO ELEITO
05/10/2026,10:14:11,2026,2,ELEIÇÃO ORDINÁRIA,1,6259,Eleições Gerais Estaduais 2026,04/10/2026,ESTADUAL,PR,PR,PARANÁ,6,DEPUTADO FEDERAL,160002542221,1213,BIANCA JULIANA RODRIGUES DOS SANTOS,BIANCA SOARES,BIANCA SOARES,5233130980,NÃO DIVULGÁVEL,-3,#NE,PARTIDO ISOLADO,12,PDT,PARTIDO DEMOCRÁTICO TRABALHISTA,-1,#NULO,#NULO,#NULO,160001800597,PARTIDO ISOLADO,PDT,PR,12/02/1983,86605490663,4,FEMININO,8,SUPERIOR COMPLETO,1,SOLTEIRO(A),1,BRANCA,171,JORNALISTA E REDATOR,4,NÃO ELEITO
05/10/2026,10:14:11,2026,2,ELEIÇÃO ORDINÁRIA,1,6259,Eleições Gerais Estaduais 2026,04/10/2026,ESTADUAL,PR,PR,PARANÁ,6,DEPUTADO FEDERAL,160002542222,1255,MARCIO ROSA DA SILVA,MARCIO ROSA,#NULO,533311926,NÃO DIVULGÁVEL,-3,#NE,PARTIDO ISOLADO,12,PDT,PARTIDO DEMOCRÁTICO TRABALHISTA,-1,#NULO,#NULO,#NULO,160001800597,PARTIDO ISOLADO,PDT,PR,08/05/1979,85720510680,2,MASCULINO,8,SUPERIOR COMPLETO,3,CASADO(A),1,BRANCA,257,EMPRESÁRIO,4,NÃO ELEITO
05/10/2026,10:14:11,2026,2,ELEIÇÃO ORDINÁRIA,1,6259,Eleições Gerais Estaduais 2026,04/10/2026,ESTADUAL,PR,PR,PARANÁ,6,DEPUTADO FEDERAL,160002542223,1214,PATRICIA VALVERDE PEREIRA,PATRICIA VALVERDE,#NULO,3070715966,NÃO DIVULGÁVEL,-3,#NE,PARTIDO ISOLADO,12,PDT,PARTIDO DEMOCRÁTICO TRABALHISTA,-1,#NULO,#NULO,#NULO,160001800597,PARTIDO ISOLADO,PDT,PR,14/03/1980,74035700639,4,FEMININO,8,SUPERIOR COMPLETO,1,SOLTEIRO(A),1,BRANCA,257,EMPRESÁRIO,-1,#NULO
05/10/2026,10:14:11,2026,2,ELEIÇÃO ORDINÁRIA,1,6259,Eleições Gerais Estaduais 2026,04/10/2026,ESTADUAL,PR,PR,PARANÁ,6,DEPUTADO FEDERAL,160002542224,1299,JULIO ADRIANO TONATTO PHILBERT,DR. JULIO,#NULO,1881321983,NÃO DIVULGÁVEL,-3,#NE,PARTIDO ISOLADO,12,PDT,PARTIDO DEMOCRÁTICO TRABALHISTA,-1,#NULO,#NULO,#NULO,160001800597,PARTIDO ISOLADO,PDT,RS,27/05/1976,61710960620,2,MASCULINO,8,SUPERIOR COMPLETO,9,DIVORCIADO(A),3,PARDA,131,ADVOGADO,4,NÃO ELEITO
05/10/2026,10:14:11,2026,2,ELEIÇÃO ORDINÁRIA,1,6259,Eleições Gerais Estaduais 2026,04/10/2026,ESTADUAL,PR,PR,PARANÁ,6,DEPUTADO FEDERAL,160002542225,1269,JANETE ALVES RAMOS,PROFESSORA JANETE,#NULO,6408291988,NÃO DIVULGÁVEL,-3,#NE,PARTIDO ISOLADO,12,PDT,PARTIDO DEMOCRÁTICO TRABALHISTA,-1,#NULO,#NULO,#NULO,160001800597,PARTIDO ISOLADO,PDT,PR,02/05/1987,85082970604,4,FEMININO,7,SUPERIOR INCOMPLETO,1,SOLTEIRO(A),1,BRANCA,257,EMPRESÁRIO,4,NÃO ELEITO
05/10/2026,10:14:11,2026,2,ELEIÇÃO ORDINÁRIA,1,6259,Eleições Gerais Estaduais 2026,04/10/2026,ESTADUAL,PR,PR,PARANÁ,6,DEPUTADO FEDERAL,160002542226,1231,MARIA CRISTINA BALESTRA DA SILVA SANTOS,CRISTINA BALESTRA,#NULO,64468151900,NÃO DIVULGÁVEL,-3,#NE,PARTIDO ISOLADO,12,PDT,PARTIDO DEMOCRÁTICO TRABALHISTA,-1,#NULO,#NULO,#NULO,160001800597,PARTIDO ISOLADO,PDT,PR,12/11/1967,604880671,4,FEMININO,8,SUPERIOR COMPLETO,3,CASADO(A),1,BRANCA,131,ADVOGADO,4,NÃO ELEITO
05/10/2026,10:14:11,2026,2,ELEIÇÃO ORDINÁRIA,1,6259,Eleições Gerais Estaduais 2026,04/10/2026,ESTADUAL,PR,PR,PARANÁ,6,DEPUTADO FEDERAL,160002542227,1210,SERGIO LUIZ GALLINA,SÉRGIO GALLINA,#NULO,28636520010,NÃO DIVULGÁVEL,-3,#NE,PARTIDO ISOLADO,12,PDT,PARTIDO DEMOCRÁTICO TRABALHISTA,-1,#NULO,#NULO,#NULO,160001800597,PARTIDO ISOLADO,PDT,RS,18/05/1958,24409040493,2,MASCULINO,8,SUPERIOR COMPLETO,9,DIVORCIADO(A),1,BRANCA,923,APOSENTADO (EXCETO SERVIDOR PÚBLICO),4,NÃO ELEITO
05/10/2026,10:14:11,2026,2,ELEIÇÃO ORDINÁRIA,1,6259,Eleições Gerais Estaduais 2026,04/10/2026,ESTADUAL,PR,PR,PARANÁ,6,DEPUTADO FEDERAL,160002542228,1211,LEONNA MORIALE NATALE,LEONNA MORIALE,#NULO,14627617984,NÃO DIVULGÁVEL,-3,#NE,PARTIDO ISOLADO,12,PDT,PARTIDO DEMOCRÁTICO TRABALHISTA,-1,#NULO,#NULO,#NULO,160001800597,PARTIDO ISOLADO,PDT,SP,15/06/2002,117936810620,4,FEMININO,6,ENSINO MÉDIO COMPLETO,1,SOLTEIRO(A),1,BRANCA,215,ARTISTA PLÁSTICO E ASSEMELHADOS,4,NÃO ELEITO
05/10/2026,10:14:11,2026,2,ELEIÇÃO ORDINÁRIA,1,6259,Eleições Gerais Estaduais 2026,04/10/2026,ESTADUAL,PR,PR,PARANÁ,6,DEPUTADO FEDERAL,160002542229,1220,FABIO APARECIDO GASPAR,FÁBIO GASPAR DA SAÚDE,#NULO,3121128906,NÃO DIVULGÁVEL,-3,#NE,PARTIDO ISOLADO,12,PDT,PARTIDO DEMOCRÁTICO TRABALHISTA,-1,#NULO,#NULO,#NULO,160001800597,PARTIDO ISOLADO,PDT,SP,09/06/1980,75356190680,2,MASCULINO,6,ENSINO MÉDIO COMPLETO,3,CASADO(A),3,PARDA,243,TÉCNICO DE ENFERMAGEM E ASSEMELHADOS (EXCETO ENFERMEIRO),4,NÃO ELEITO
05/10/2026,10:14:11,2026,2,ELEIÇÃO ORDINÁRIA,1,6259,Eleições Gerais Estaduais 2026,04/10/2026,ESTADUAL,PR,PR,PARANÁ,6,DEPUTADO FEDERAL,160002542230,1219,ALBA GOMES DA SILVA,ALBA SOARES,#NULO,9713087801,NÃO DIVULGÁVEL,-3,#NE,PARTIDO ISOLADO,12,PDT,PARTIDO DEMOCRÁTICO TRABALHISTA,-1,#NULO,#NULO,#NULO,160001800597,PARTIDO ISOLADO,PDT,SP,29/08/1966,62781280663,4,FEMININO,8,SUPERIOR COMPLETO,3,CASADO(A),2,PRETA,999,OUTROS,4,NÃO ELEITO
05/10/2026,10:14:11,2026,2,ELEIÇÃO ORDINÁRIA,1,6259,Eleições Gerais Estaduais 2026,04/10/2026,ESTADUAL,PR,PR,PARANÁ,6,DEPUTADO FEDERAL,160002542282,3074,ADILSON SEIDI SUGUIURA,ADILSON SEIDI,#NULO,93476230910,NÃO DIVULGÁVEL,-3,#NE,PARTIDO ISOLADO,30,NOVO,PARTIDO NOVO,-1,#NULO,#NULO,#NULO,160001800599,PARTIDO ISOLADO,NOVO,PR,09/02/1974,54256070604,2,MASCULINO,8,SUPERIOR COMPLETO,3,CASADO(A),4,AMARELA,111,MÉDICO,5,SUPLENTE
05/10/2026,10:14:11,2026,2,ELEIÇÃO ORDINÁRIA,1,6259,Eleições Gerais Estaduais 2026,04/10/2026,ESTADUAL,PR,PR,PARANÁ,6,DEPUTADO FEDERAL,160002542283,3040,LUCIANO LINHARES PENNA,PENNA,#NULO,4404613911,NÃO DIVULGÁVEL,-3,#NE,PARTIDO ISOLADO,30,NOVO,PARTIDO NOVO,-1,#NULO,#NULO,#NULO,160001800599,PARTIDO ISOLADO,NOVO,PR,19/01/1985,77577540604,2,MASCULINO,7,SUPERIOR INCOMPLETO,3,CASADO(A),1,BRANCA,257,EMPRESÁRIO,5,SUPLENTE
05/10/2026,10:14:11,2026,2,ELEIÇÃO ORDINÁRIA,1,6259,Eleições Gerais Estaduais 2026,04/10/2026,ESTADUAL,PR,PR,PARANÁ,6,DEPUTADO FEDERAL,160002542284,3033,HORACI SANTOS NETO,NETO SANTOS DA MULTILOJA,#NULO,3052225979,NÃO DIVULGÁVEL,-3,#NE,PARTIDO ISOLADO,30,NOVO,PARTIDO NOVO,-1,#NULO,#NULO,#NULO,160001800599,PARTIDO ISOLADO,NOVO,PR,15/12/1979,65664210639,2,MASCULINO,7,SUPERIOR INCOMPLETO,3,CASADO(A),1,BRANCA,257,EMPRESÁRIO,5,SUPLENTE
05/10/2026,10:14:11,2026,2,ELEIÇÃO ORDINÁRIA,1,6259,Eleições Gerais Estaduais 2026,04/10/2026,ESTADUAL,PR,PR,PARANÁ,6,DEPUTADO FEDERAL,160002542285,3041,LETÍCIA BISINELLA FANINI SILVA,LETÍCIA FANINI,#NULO,4618537957,NÃO DIVULGÁVEL,-3,#NE,PARTIDO ISOLADO,30,NOVO,PARTIDO NOVO,-1,#NULO,#NULO,#NULO,160001800599,PARTIDO ISOLADO,NOVO,PR,20/01/1983,82541490639,4,FEMININO,8,SUPERIOR COMPLETO,9,DIVORCIADO(A),1,BRANCA,114,FISIOTERAPEUTA E TERAPEUTA OCUPACIONAL,5,SUPLENTE
05/10/2026,10:14:11,2026,2,ELEIÇÃO ORDINÁRIA,1,6259,Eleições Gerais Estaduais 2026,04/10/2026,ESTADUAL,PR,PR,PARANÁ,6,DEPUTADO FEDERAL,160002542286,3012,PEDRO EVANGELISTA DOS SANTOS,PEDRO RADADE,#NULO,27998541920,NÃO DIVULGÁVEL,-3,#NE,PARTIDO ISOLADO,30,NOVO,PARTIDO NOVO,-1,#NULO,#NULO,#NULO,160001800599,PARTIDO ISOLADO,NOVO,PR,16/02/1956,19550080612,2,MASCULINO,8,SUPERIOR COMPLETO,3,CASADO(A),1,BRANCA,257,EMPRESÁRIO,5,SUPLENTE
05/10/2026,10:14:11,2026,2,ELEIÇÃO ORDINÁRIA,1,6259,Eleições Gerais Estaduais 2026,04/10/2026,ESTADUAL,PR,PR,PARANÁ,6,DEPUTADO FEDERAL,160002542287,3000,JEFFREY CHIQUINI DA COSTA,JEFFREY CHIQUINI,#NULO,6685574941,NÃO DIVULGÁVEL,-3,#NE,PARTIDO ISOLADO,30,NOVO,PARTIDO NOVO,-1,#NULO,#NULO,#NULO,160001800599,PARTIDO ISOLADO,NOVO,PR,15/02/1990,94454330671,2,MASCULINO,8,SUPERIOR COMPLETO,3,CASADO(A),1,BRANCA,131,ADVOGADO,2,ELEITO POR QP
05/10/2026,10:14:11,2026,2,ELEIÇÃO ORDINÁRIA,1,6259,Eleições Gerais Estaduais 2026,04/10/2026,ESTADUAL,PR,PR,PARANÁ,6,DEPUTADO FEDERAL,160002542288,3005,MIRIAM CHARELLO DE SOUZA,MIRIAM SOUZA,#NULO,3828364993,NÃO DIVULGÁVEL,-3,#NE,PARTIDO ISOLADO,30,NOVO,PARTIDO NOVO,-1,#NULO,#NULO,#NULO,160001800599,PARTIDO ISOLADO,NOVO,PR,25/12/1982,79745830604,4,FEMININO,8,SUPERIOR COMPLETO,1,SOLTEIRO(A),1,BRANCA,125,ADMINISTRADOR,5,SUPLENTE
05/10/2026,10:14:11,2026,2,ELEIÇÃO ORDINÁRIA,1,6259,Eleições Gerais Estaduais 2026,04/10/2026,ESTADUAL,PR,PR,PARANÁ,6,DEPUTADO FEDERAL,160002542289,3050,HOMERO FIGUEIREDO LIMA E MARCHESE,HOMERO MARCHESE,#NULO,3597680917,NÃO DIVULGÁVEL,-3,#NE,PARTIDO ISOLADO,30,NOVO,PARTIDO NOVO,-1,#NULO,#NULO,#NULO,160001800599,PARTIDO ISOLADO,NOVO,PR,15/07/1983,77699780655,2,MASCULINO,8,SUPERIOR COMPLETO,3,CASADO(A),1,BRANCA,131,ADVOGADO,5,SUPLENTE
05/10/2026,10:14:11,2026,2,ELEIÇÃO ORDINÁRIA,1,6259,Eleições Gerais Estaduais 2026,04/10/2026,ESTADUAL,PR,PR,PARANÁ,6,DEPUTADO FEDERAL,160002542290,3001,JOAO SAULO PIASECKI,PROFESSOR SAULO,#NULO,86490982900,NÃO DIVULGÁVEL,-3,#NE,PARTIDO ISOLADO,30,NOVO,PARTIDO NOVO,-1,#NULO,#NULO,#NULO,160001800599,PARTIDO ISOLADO,NOVO,PR,01/09/1975,60645560639,2,MASCULINO,8,SUPERIOR COMPLETO,3,CASADO(A),1,BRANCA,266,PROFESSOR DE ENSINO MÉDIO,5,SUPLENTE
05/10/2026,10:14:11,2026,2,ELEIÇÃO ORDINÁRIA,1,6259,Eleições Gerais Estaduais 2026,04/10/2026,ESTADUAL,PR,PR,PARANÁ,6,DEPUTADO FEDERAL,160002542291,3009,HENRIQUE ANTUNES MECABÔ,HENRIQUE MECABÔ,#NULO,10366483978,NÃO DIVULGÁVEL,-3,#NE,PARTIDO ISOLADO,30,NOVO,PARTIDO NOVO,-1,#NULO,#NULO,#NULO,160001800599,PARTIDO ISOLADO,NOVO,PR,19/05/1996,104226860620,2,MASCULINO,8,SUPERIOR COMPLETO,1,SOLTEIRO(A),1,BRANCA,121,ECONOMISTA,2,ELEITO POR QP
05/10/2026,10:14:11,2026,2,ELEIÇÃO ORDINÁRIA,1,6259,Eleições Gerais Estaduais 2026,04/10/2026,ESTADUAL,PR,PR,PARANÁ,6,DEPUTADO FEDERAL,160002542292,3011,THIAGO HENRIQUE TAFAREL,DR TAFFAREL DEFENSOR ANIMAIS,#NULO,6915170960,NÃO DIVULGÁVEL,-3,#NE,PARTIDO ISOLADO,30,NOVO,PARTIDO NOVO,-1,#NULO,#NULO,#NULO,160001800599,PARTIDO ISOLADO,NOVO,PR,19/09/1988,93232930647,2,MASCULINO,8,SUPERIOR COMPLETO,1,SOLTEIRO(A),1,BRANCA,131,ADVOGADO,5,SUPLENTE
05/10/2026,10:14:11,2026,2,ELEIÇÃO ORDINÁRIA,1,6259,Eleições Gerais Estaduais 2026,04/10/2026,ESTADUAL,PR,PR,PARANÁ,6,DEPUTADO FEDERAL,160002542293,3090,NILSON APARECIDO DE OLIVEIRA,NILSON OLIVEIRA,#NULO,3641625971,NÃO DIVULGÁVEL,-3,#NE,PARTIDO ISOLADO,30,NOVO,PARTIDO NOVO,-1,#NULO,#NULO,#NULO,160001800599,PARTIDO ISOLADO,NOVO,PR,12/01/1983,71352770655,2,MASCULINO,8,SUPERIOR COMPLETO,3,CASADO(A),1,BRANCA,254,VIGILANTE,5,SUPLENTE
05/10/2026,10:14:11,2026,2,ELEIÇÃO ORDINÁRIA,1,6259,Eleições Gerais Estaduais 2026,04/10/2026,ESTADUAL,PR,PR,PARANÁ,6,DEPUTADO FEDERAL,160002542294,3022,ANDERSON FERREIRA MARQUES,CAPITÃO MARQUES,#NULO,1191919706,NÃO DIVULGÁVEL,-3,#NE,PARTIDO ISOLADO,30,NOVO,PARTIDO NOVO,-1,#NULO,#NULO,#NULO,160001800599,PARTIDO ISOLADO,NOVO,PR,13/09/1970,75725870388,2,MASCULINO,8,SUPERIOR COMPLETO,3,CASADO(A),3,PARDA,921,MILITAR REFORMADO,5,SUPLENTE
05/10/2026,10:14:11,2026,2,ELEIÇÃO ORDINÁRIA,1,6259,Eleições Gerais Estaduais 2026,04/10/2026,ESTADUAL,PR,PR,PARANÁ,6,DEPUTADO FEDERAL,160002542295,3080,PAULO CESAR TARDIOLLE,PAULO TARDIOLLE,#NULO,53123603920,NÃO DIVULGÁVEL,-3,#NE,PARTIDO ISOLADO,30,NOVO,PARTIDO NOVO,-1,#NULO,#NULO,#NULO,160001800599,PARTIDO ISOLADO,NOVO,PR,27/12/1966,21397710663,2,MASCULINO,6,ENSINO MÉDIO COMPLETO,9,DIVORCIADO(A),1,BRANCA,923,APOSENTADO (EXCETO SERVIDOR PÚBLICO),5,SUPLENTE
05/10/2026,10:14:11,2026,2,ELEIÇÃO ORDINÁRIA,1,6259,Eleições Gerais Estaduais 2026,04/10/2026,ESTADUAL,PR,PR,PARANÁ,6,DEPUTADO FEDERAL,160002542296,3030,GUILHERME FERREIRA KILTER LIRA,GUILHERME KILTER,#NULO,11175844969,NÃO DIVULGÁVEL,-3,#NE,PARTIDO ISOLADO,30,NOVO,PARTIDO NOVO,-1,#NULO,#NULO,#NULO,160001800599,PARTIDO ISOLADO,NOVO,SP,08/12/2001,115478210639,2,MASCULINO,8,SUPERIOR COMPLETO,1,SOLTEIRO(A),1,BRANCA,257,EMPRESÁRIO,2,ELEITO POR QP
05/10/2026,10:14:11,2026,2,ELEIÇÃO ORDINÁRIA,1,6259,Eleições Gerais Estaduais 2026,04/10/2026,ESTADUAL,PR,PR,PARANÁ,6,DEPUTADO FEDERAL,160002542297,3020,PAULO EDUARDO LIMA MARTINS,PAULO MARTINS,#NULO,28192122808,NÃO DIVULGÁVEL,-3,#NE,PARTIDO ISOLADO,30,NOVO,PARTIDO NOVO,-1,#NULO,#NULO,#NULO,160001800599,PARTIDO ISOLADO,NOVO,SP,20/04/1981,249241110116,2,MASCULINO,7,SUPERIOR INCOMPLETO,3,CASADO(A),1,BRANCA,171,JORNALISTA E REDATOR,2,ELEITO POR QP
05/10/2026,10:14:11,2026,2,ELEIÇÃO ORDINÁRIA,1,6259,Eleições Gerais Estaduais 2026,04/10/2026,ESTADUAL,PR,PR,PARANÁ,6,DEPUTADO FEDERAL,160002542298,3026,PAULO MARTINS ESPINDOLA,PAULO ESPÍNDOLA CAMINHONEIRO,#NULO,2278378945,NÃO DIVULGÁVEL,-3,#NE,PARTIDO ISOLADO,30,NOVO,PARTIDO NOVO,-1,#NULO,#NULO,#NULO,160001800599,PARTIDO ISOLADO,NOVO,PR,20/07/1976,66389510680,2,MASCULINO,5,ENSINO MÉDIO INCOMPLETO,3,CASADO(A),1,BRANCA,532,MOTORISTA DE VEÍCULOS DE TRANSPORTE DE CARGA,5,SUPLENTE
05/10/2026,10:14:11,2026,2,ELEIÇÃO ORDINÁRIA,1,6259,Eleições Gerais Estaduais 2026,04/10/2026,ESTADUAL,PR,PR,PARANÁ,6,DEPUTADO FEDERAL,160002542299,3003,INDIARA BARBOSA CUSTODIO,INDIARA BARBOSA,#NULO,782797989,NÃO DIVULGÁVEL,-3,#NE,PARTIDO ISOLADO,30,NOVO,PARTIDO NOVO,-1,#NULO,#NULO,#NULO,160001800599,PARTIDO ISOLADO,NOVO,PR,09/04/1983,76907920698,4,FEMININO,8,SUPERIOR COMPLETO,9,DIVORCIADO(A),1,BRANCA,278,VEREADOR,5,SUPLENTE
05/10/2026,10:14:11,2026,2,ELEIÇÃO ORDINÁRIA,1,6259,Eleições Gerais Estaduais 2026,04/10/2026,ESTADUAL,PR,PR,PARANÁ,6,DEPUTADO FEDERAL,160002542300,3002,RITA DE CÁSSIA D AMORE GAMBAROTTO,CÁSSIA D AMORE,#NULO,15107372864,NÃO DIVULGÁVEL,-3,#NE,PARTIDO ISOLADO,30,NOVO,PARTIDO NOVO,-1,#NULO,#NULO,#NULO,160001800599,PARTIDO ISOLADO,NOVO,SP,11/04/1972,209639170124,4,FEMININO,8,SUPERIOR COMPLETO,3,CASADO(A),1,BRANCA,114,FISIOTERAPEUTA E TERAPEUTA OCUPACIONAL,5,SUPLENTE
05/10/2026,10:14:11,2026,2,ELEIÇÃO ORDINÁRIA,1,6259,Eleições Gerais Estaduais 2026,04/10/2026,ESTADUAL,PR,PR,PARANÁ,6,DEPUTADO FEDERAL,160002542301,3060,MAGNO ZANELLATO,DR MAGNO,#NULO,87463490904,NÃO DIVULGÁVEL,-3,#NE,PARTIDO ISOLADO,30,NOVO,PARTIDO NOVO,-1,#NULO,#NULO,#NULO,160001800599,PARTIDO ISOLADO,NOVO,PR,13/11/1971,49527500698,2,MASCULINO,8,SUPERIOR COMPLETO,3,CASADO(A),1,BRANCA,111,MÉDICO,5,SUPLENTE
05/10/2026,10:14:11,2026,2,ELEIÇÃO ORDINÁRIA,1,6259,Eleições Gerais Estaduais 2026,04/10/2026,ESTADUAL,PR,PR,PARANÁ,6,DEPUTADO FEDERAL,160002542302,3035,MILENE CORRÊA ZEREK RESENDE,MILENE ZEREK,#NULO,94168610900,NÃO DIVULGÁVEL,-3,#NE,PARTIDO ISOLADO,30,NOVO,PARTIDO NOVO,-1,#NULO,#NULO,#NULO,160001800599,PARTIDO ISOLADO,NOVO,PR,02/03/1974,51810690671,4,FEMININO,8,SUPERIOR COMPLETO,3,CASADO(A),1,BRANCA,131,ADVOGADO,5,SUPLENTE
05/10/2026,10:14:11,2026,2,ELEIÇÃO ORDINÁRIA,1,6259,Eleições Gerais Estaduais 2026,04/10/2026,ESTADUAL,PR,PR,PARANÁ,6,DEPUTADO FEDERAL,160002542303,3043,GUILHERME MERCADANTE LIVOTI,GUILHERME LIVOTI,#NULO,6390339976,NÃO DIVULGÁVEL,-3,#NE,PARTIDO ISOLADO,30,NOVO,PARTIDO NOVO,-1,#NULO,#NULO,#NULO,160001800599,PARTIDO ISOLADO,NOVO,PR,26/03/1999,109224260647,2,MASCULINO,8,SUPERIOR COMPLETO,1,SOLTEIRO(A),1,BRANCA,278,VEREADOR,5,SUPLENTE
05/10/2026,10:14:11,2026,2,ELEIÇÃO ORDINÁRIA,1,6259,Eleições Gerais Estaduais 2026,04/10/2026,ESTADUAL,PR,PR,PARANÁ,6,DEPUTADO FEDERAL,160002542304,3023,SARA LIMA NETO ASSIS,SARA LIMA,#NULO,96522550920,NÃO DIVULGÁVEL,-3,#NE,PARTIDO ISOLADO,30,NOVO,PARTIDO NOVO,-1,#NULO,#NULO,#NULO,160001800599,PARTIDO ISOLADO,NOVO,PR,04/05/1974,48557260698,4,FEMININO,8,SUPERIOR COMPLETO,3,CASADO(A),1,BRANCA,514,ESTETICISTA,5,SUPLENTE
05/10/2026,10:14:11,2026,2,ELEIÇÃO ORDINÁRIA,1,6259,Eleições Gerais Estaduais 2026,04/10/2026,ESTADUAL,PR,PR,PARANÁ,6,DEPUTADO FEDERAL,160002542305,3051,DRIELLI DE SOUZA,DRA DRIELLI,#NULO,6028881902,NÃO DIVULGÁVEL,-3,#NE,PARTIDO ISOLADO,30,NOVO,PARTIDO NOVO,-1,#NULO,#NULO,#NULO,160001800599,PARTIDO ISOLADO,NOVO,PR,12/10/1986,85519230655,4,FEMININO,8,SUPERIOR COMPLETO,5,VIÚVO(A),1,BRANCA,264,BIOMÉDICO,5,SUPLENTE
05/10/2026,10:14:11,2026,2,ELEIÇÃO ORDINÁRIA,1,6259,Eleições Gerais Estaduais 2026,04/10/2026,ESTADUAL,PR,PR,PARANÁ,6,DEPUTADO FEDERAL,160002542306,3010,LUIZ EDUARDO GAZZI,EDUARDO GAZZI,#NULO,3988220930,NÃO DIVULGÁVEL,-3,#NE,PARTIDO ISOLADO,30,NOVO,PARTIDO NOVO,-1,#NULO,#NULO,#NULO,160001800599,PARTIDO ISOLADO,NOVO,PR,27/06/1982,69762980680,2,MASCULINO,7,SUPERIOR INCOMPLETO,3,CASADO(A),1,BRANCA,257,EMPRESÁRIO,5,SUPLENTE
05/10/2026,10:14:11,2026,2,ELEIÇÃO ORDINÁRIA,1,6259,Eleições Gerais Estaduais 2026,04/10/2026,ESTADUAL,PR,PR,PARANÁ,6,DEPUTADO FEDERAL,160002542307,3004,RICARDO GUEDES CORRÊA,DR. RICARDO VETERINÁRIO,#NULO,9411773940,NÃO DIVULGÁVEL,-3,#NE,PARTIDO ISOLADO,30,NOVO,PARTIDO NOVO,-1,#NULO,#NULO,#NULO,160001800599,PARTIDO ISOLADO,NOVO,PR,19/11/1996,110562750655,2,MASCULINO,8,SUPERIOR COMPLETO,1,SOLTEIRO(A),1,BRANCA,112,VETERINÁRIO,5,SUPLENTE
05/10/2026,10:14:11,2026,2,ELEIÇÃO ORDINÁRIA,1,6259,Eleições Gerais Estaduais 2026,04/10/2026,ESTADUAL,PR,PR,PARANÁ,6,DEPUTADO FEDERAL,160002542308,3069,ALINE VIEIRA GONÇALVES,ALINE GONÇALVES,#NULO,8522602964,NÃO DIVULGÁVEL,-3,#NE,PARTIDO ISOLADO,30,NOVO,PARTIDO NOVO,-1,#NULO,#NULO,#NULO,160001800599,PARTIDO ISOLADO,NOVO,PR,18/04/2002,118690880647,4,FEMININO,7,SUPERIOR INCOMPLETO,1,SOLTEIRO(A),3,PARDA,931,"ESTUDANTE, BOLSISTA, ESTAGIÁRIO E ASSEMELHADOS",5,SUPLENTE
05/10/2026,10:14:11,2026,2,ELEIÇÃO ORDINÁRIA,1,6259,Eleições Gerais Estaduais 2026,04/10/2026,ESTADUAL,PR,PR,PARANÁ,6,DEPUTADO FEDERAL,160002542309,3070,LARYSSA DE MELO PEREIRA DA SILVA,LARYSSA MELO,#NULO,8396508925,NÃO DIVULGÁVEL,-3,#NE,PARTIDO ISOLADO,30,NOVO,PARTIDO NOVO,-1,#NULO,#NULO,#NULO,160001800599,PARTIDO ISOLADO,NOVO,PR,06/04/1994,104730740698,4,FEMININO,7,SUPERIOR INCOMPLETO,1,SOLTEIRO(A),1,BRANCA,297,SERVIDOR PÚBLICO ESTADUAL,5,SUPLENTE
05/10/2026,10:14:11,2026,2,ELEIÇÃO ORDINÁRIA,1,6259,Eleições Gerais Estaduais 2026,04/10/2026,ESTADUAL,PR,PR,PARANÁ,6,DEPUTADO FEDERAL,160002542310,3007,FAYNARA CRISTINA MEREGE BARBOSA,FAYNARA BARBOSA,#NULO,9705973989,NÃO DIVULGÁVEL,-3,#NE,PARTIDO ISOLADO,30,NOVO,PARTIDO NOVO,-1,#NULO,#NULO,#NULO,160001800599,PARTIDO ISOLADO,NOVO,PR,17/05/1994,101666980655,4,FEMININO,8,SUPERIOR COMPLETO,1,SOLTEIRO(A),1,BRANCA,257,EMPRESÁRIO,5,SUPLENTE
05/10/2026,10:14:11,2026,2,ELEIÇÃO ORDINÁRIA,1,6259,Eleições Gerais Estaduais 2026,04/10/2026,ESTADUAL,PR,PR,PARANÁ,6,DEPUTADO FEDERAL,160002542311,3055,WILLIAM DOUGLAS BARROS SIMÕES,WILLIAM BARROS,#NULO,1373504226,NÃO DIVULGÁVEL,-3,#NE,PARTIDO ISOLADO,30,NOVO,PARTIDO NOVO,-1,#NULO,#NULO,#NULO,160001800599,PARTIDO ISOLADO,NOVO,PA,19/10/1993,62749751376,2,MASCULINO,8,SUPERIOR COMPLETO,1,SOLTEIRO(A),3,PARDA,121,ECONOMISTA,5,SUPLENTE
05/10/2026,10:14:11,2026,2,ELEIÇÃO ORDINÁRIA,1,6259,Eleições Gerais Estaduais 2026,04/10/2026,ESTADUAL,PR,PR,PARANÁ,6,DEPUTADO FEDERAL,160002542312,3044,ROBISON PEDROSO DA SILVA,ROBISON PEDROSO,#NULO,710069901,NÃO DIVULGÁVEL,-3,#NE,PARTIDO ISOLADO,30,NOVO,PARTIDO NOVO,-1,#NULO,#NULO,#NULO,160001800599,PARTIDO ISOLADO,NOVO,SC,23/02/1981,87254690671,2,MASCULINO,8,SUPERIOR COMPLETO,3,CASADO(A),1,BRANCA,125,ADMINISTRADOR,5,SUPLENTE
05/10/2026,10:14:11,2026,2,ELEIÇÃO ORDINÁRIA,1,6259,Eleições Gerais Estaduais 2026,04/10/2026,ESTADUAL,PR,PR,PARANÁ,6,DEPUTADO FEDERAL,160002542313,5555,MARCELO RANGEL CRUZ DE OLIVEIRA,MARCELO RANGEL,#NULO,72640898949,NÃO DIVULGÁVEL,-3,#NE,PARTIDO ISOLADO,55,PSD,PARTIDO SOCIAL DEMOCRÁTICO,-1,#NULO,#NULO,#NULO,160001800600,PARTIDO ISOLADO,PSD,PR,12/09/1970,55572900612,2,MASCULINO,8,SUPERIOR COMPLETO,3,CASADO(A),1,BRANCA,277,DEPUTADO,5,SUPLENTE
05/10/2026,10:14:11,2026,2,ELEIÇÃO ORDINÁRIA,1,6259,Eleições Gerais Estaduais 2026,04/10/2026,ESTADUAL,PR,PR,PARANÁ,6,DEPUTADO FEDERAL,160002542314,5501,CARLOS ALBERTO GEBRIM PRETO,BETO PRETO,#NULO,57382050904,NÃO DIVULGÁVEL,-3,#NE,PARTIDO ISOLADO,55,PSD,PARTIDO SOCIAL DEMOCRÁTICO,-1,#NULO,#NULO,#NULO,160001800600,PARTIDO ISOLADO,PSD,PR,17/02/1968,10344010620,2,MASCULINO,8,SUPERIOR COMPLETO,3,CASADO(A),1,BRANCA,277,DEPUTADO,2,ELEITO POR QP
05/10/2026,10:14:11,2026,2,ELEIÇÃO ORDINÁRIA,1,6259,Eleições Gerais Estaduais 2026,04/10/2026,ESTADUAL,PR,PR,PARANÁ,6,DEPUTADO FEDERAL,160002542315,5525,ROSANGELA APARECIDA SILVEIRA,DRA ROSANGÊLA SILVEIRA,#NULO,4627383967,NÃO DIVULGÁVEL,-3,#NE,PARTIDO ISOLADO,55,PSD,PARTIDO SOCIAL DEMOCRÁTICO,-1,#NULO,#NULO,#NULO,160001800600,PARTIDO ISOLADO,PSD,PR,12/10/1985,80820850698,4,FEMININO,8,SUPERIOR COMPLETO,7,SEPARADO(A) JUDICIALMENTE,1,BRANCA,264,BIOMÉDICO,5,SUPLENTE
05/10/2026,10:14:11,2026,2,ELEIÇÃO ORDINÁRIA,1,6259,Eleições Gerais Estaduais 2026,04/10/2026,ESTADUAL,PR,PR,PARANÁ,6,DEPUTADO FEDERAL,160002542316,5533,DARLAN SCALCO,DARLAN SCALCO,#NULO,585693919,NÃO DIVULGÁVEL,-3,#NE,PARTIDO ISOLADO,55,PSD,PARTIDO SOCIAL DEMOCRÁTICO,-1,#NULO,#NULO,#NULO,160001800600,PARTIDO ISOLADO,PSD,PR,12/11/1980,61875640639,2,MASCULINO,8,SUPERIOR COMPLETO,3,CASADO(A),1,BRANCA,124,CONTADOR,5,SUPLENTE
05/10/2026,10:14:11,2026,2,ELEIÇÃO ORDINÁRIA,1,6259,Eleições Gerais Estaduais 2026,04/10/2026,ESTADUAL,PR,PR,PARANÁ,6,DEPUTADO FEDERAL,160002542317,5563,HERALDO TRENTO,HERALDO TRENTO,#NULO,42886775991,NÃO DIVULGÁVEL,-3,#NE,PARTIDO ISOLADO,55,PSD,PARTIDO SOCIAL DEMOCRÁTICO,-1,#NULO,#NULO,#NULO,160001800600,PARTIDO ISOLADO,PSD,PR,25/07/1960,24246620604,2,MASCULINO,8,SUPERIOR COMPLETO,3,CASADO(A),1,BRANCA,257,EMPRESÁRIO,5,SUPLENTE
05/10/2026,10:14:11,2026,2,ELEIÇÃO ORDINÁRIA,1,6259,Eleições Gerais Estaduais 2026,04/10/2026,ESTADUAL,PR,PR,PARANÁ,6,DEPUTADO FEDERAL,160002542318,5580,LUIZ GOULARTE ALVES,LUIZÃO GOULART,#NULO,53601106949,NÃO DIVULGÁVEL,-3,#NE,PARTIDO ISOLADO,55,PSD,PARTIDO SOCIAL DEMOCRÁTICO,-1,#NULO,#NULO,#NULO,160001800600,PARTIDO ISOLADO,PSD,PR,06/06/1962,41748880639,2,MASCULINO,8,SUPERIOR COMPLETO,9,DIVORCIADO(A),1,BRANCA,266,PROFESSOR DE ENSINO MÉDIO,3,ELEITO POR MÉDIA
05/10/2026,10:14:11,2026,2,ELEIÇÃO ORDINÁRIA,1,6259,Eleições Gerais Estaduais 2026,04/10/2026,ESTADUAL,PR,PR,PARANÁ,6,DEPUTADO FEDERAL,160002542319,5512,JOSE APARECIDO GOTARDO,RATINHO DE COLOMBO,#NULO,64211100963,NÃO DIVULGÁVEL,-3,#NE,PARTIDO ISOLADO,55,PSD,PARTIDO SOCIAL DEMOCRÁTICO,-1,#NULO,#NULO,#NULO,160001800600,PARTIDO ISOLADO,PSD,PR,08/06/1968,15585560655,2,MASCULINO,8,SUPERIOR COMPLETO,3,CASADO(A),1,BRANCA,278,VEREADOR,5,SUPLENTE
05/10/2026,10:14:11,2026,2,ELEIÇÃO ORDINÁRIA,1,6259,Eleições Gerais Estaduais 2026,04/10/2026,ESTADUAL,PR,PR,PARANÁ,6,DEPUTADO FEDERAL,160002542320,5556,ELAINE DE FARIA MICHELE SILVA,PSICÓLOGA ELAINE MICHELE,#NULO,73539503749,NÃO DIVULGÁVEL,-3,#NE,PARTIDO ISOLADO,55,PSD,PARTIDO SOCIAL DEMOCRÁTICO,-1,#NULO,#NULO,#NULO,160001800600,PARTIDO ISOLADO,PSD,RJ,06/01/1958,103619050647,4,FEMININO,8,SUPERIOR COMPLETO,5,VIÚVO(A),1,BRANCA,132,PSICÓLOGO,5,SUPLENTE
05/10/2026,10:14:11,2026,2,ELEIÇÃO ORDINÁRIA,1,6259,Eleições Gerais Estaduais 2026,04/10/2026,ESTADUAL,PR,PR,PARANÁ,6,DEPUTADO FEDERAL,160002542321,5521,WALTER VOLPATO,WALTER VOLPATO,#NULO,20488823900,NÃO DIVULGÁVEL,-3,#NE,PARTIDO ISOLADO,55,PSD,PARTIDO SOCIAL DEMOCRÁTICO,-1,#NULO,#NULO,#NULO,160001800600,PARTIDO ISOLADO,PSD,PR,26/10/1953,21912600620,2,MASCULINO,6,ENSINO MÉDIO COMPLETO,3,CASADO(A),1,BRANCA,257,EMPRESÁRIO,5,SUPLENTE
05/10/2026,10:14:11,2026,2,ELEIÇÃO ORDINÁRIA,1,6259,Eleições Gerais Estaduais 2026,04/10/2026,ESTADUAL,PR,PR,PARANÁ,6,DEPUTADO FEDERAL,160002542322,5505,SERGIO FIALHO SCHIESSL REIS,SERGIO FIALHO,#NULO,1007482010,NÃO DIVULGÁVEL,-3,#NE,PARTIDO ISOLADO,55,PSD,PARTIDO SOCIAL DEMOCRÁTICO,-1,#NULO,#NULO,#NULO,160001800600,PARTIDO ISOLADO,PSD,RS,28/11/1985,95647620477,2,MASCULINO,6,ENSINO MÉDIO COMPLETO,3,CASADO(A),1,BRANCA,168,ATLETA PROFISSIONAL E TÉCNICO EM DESPORTOS,5,SUPLENTE
05/10/2026,10:14:11,2026,2,ELEIÇÃO ORDINÁRIA,1,6259,Eleições Gerais Estaduais 2026,04/10/2026,ESTADUAL,PR,PR,PARANÁ,6,DEPUTADO FEDERAL,160002542323,5522,LUIZ HILOSHI NISHIMORI,LUIZ NISHIMORI,#NULO,8781460910,NÃO DIVULGÁVEL,-3,#NE,PARTIDO ISOLADO,55,PSD,PARTIDO SOCIAL DEMOCRÁTICO,-1,#NULO,#NULO,#NULO,160001800600,PARTIDO ISOLADO,PSD,PR,09/04/1949,22069020604,2,MASCULINO,8,SUPERIOR COMPLETO,3,CASADO(A),1,BRANCA,257,EMPRESÁRIO,5,SUPLENTE
05/10/2026,10:14:11,2026,2,ELEIÇÃO ORDINÁRIA,1,6259,Eleições Gerais Estaduais 2026,04/10/2026,ESTADUAL,PR,PR,PARANÁ,6,DEPUTADO FEDERAL,160002542324,5520,LEONALDO PARANHOS DA SILVA,PARANHOS,#NULO,49872575991,NÃO DIVULGÁVEL,-3,#NE,PARTIDO ISOLADO,55,PSD,PARTIDO SOCIAL DEMOCRÁTICO,-1,#NULO,#NULO,#NULO,160001800600,PARTIDO ISOLADO,PSD,PR,25/05/1966,39632160647,2,MASCULINO,8,SUPERIOR COMPLETO,3,CASADO(A),1,BRANCA,257,EMPRESÁRIO,2,ELEITO POR QP
05/10/2026,10:14:11,2026,2,ELEIÇÃO ORDINÁRIA,1,6259,Eleições Gerais Estaduais 2026,04/10/2026,ESTADUAL,PR,PR,PARANÁ,6,DEPUTADO FEDERAL,160002542325,5510,LEONARDO SIMILE MOLINA,LÉO MOLINA,#NULO,10216890926,NÃO DIVULGÁVEL,-3,#NE,PARTIDO ISOLADO,55,PSD,PARTIDO SOCIAL DEMOCRÁTICO,-1,#NULO,#NULO,#NULO,160001800600,PARTIDO ISOLADO,PSD,PR,11/03/1996,103122360620,2,MASCULINO,8,SUPERIOR COMPLETO,3,CASADO(A),1,BRANCA,297,SERVIDOR PÚBLICO ESTADUAL,5,SUPLENTE
05/10/2026,10:14:11,2026,2,ELEIÇÃO ORDINÁRIA,1,6259,Eleições Gerais Estaduais 2026,04/10/2026,ESTADUAL,PR,PR,PARANÁ,6,DEPUTADO FEDERAL,160002542326,5515,LUIZ ROBERTO ROMANO,ROMANO,#NULO,32889810925,NÃO DIVULGÁVEL,-3,#NE,PARTIDO ISOLADO,55,PSD,PARTIDO SOCIAL DEMOCRÁTICO,-1,#NULO,#NULO,#NULO,160001800600,PARTIDO ISOLADO,PSD,SP,16/03/1959,5622660620,2,MASCULINO,8,SUPERIOR COMPLETO,3,CASADO(A),1,BRANCA,131,ADVOGADO,5,SUPLENTE
05/10/2026,10:14:11,2026,2,ELEIÇÃO ORDINÁRIA,1,6259,Eleições Gerais Estaduais 2026,04/10/2026,ESTADUAL,PR,PR,PARANÁ,6,DEPUTADO FEDERAL,160002542327,5550,CLOARA PINHEIRO LIMA,CLOARA PINHEIRO,#NULO,61133256953,NÃO DIVULGÁVEL,-3,#NE,PARTIDO ISOLADO,55,PSD,PARTIDO SOCIAL DEMOCRÁTICO,-1,#NULO,#NULO,#NULO,160001800600,PARTIDO ISOLADO,PSD,PR,12/08/1963,13433860655,4,FEMININO,8,SUPERIOR COMPLETO,3,CASADO(A),1,BRANCA,277,DEPUTADO,5,SUPLENTE
05/10/2026,10:14:11,2026,2,ELEIÇÃO ORDINÁRIA,1,6259,Eleições Gerais Estaduais 2026,04/10/2026,ESTADUAL,PR,PR,PARANÁ,6,DEPUTADO FEDERAL,160002542328,5519,MAITÊ DIAS,MAITE BRUSMAN,#NULO,37373314805,NÃO DIVULGÁVEL,-3,#NE,PARTIDO ISOLADO,55,PSD,PARTIDO SOCIAL DEMOCRÁTICO,-1,#NULO,#NULO,#NULO,160001800600,PARTIDO ISOLADO,PSD,PR,27/10/1984,81480570612,4,FEMININO,8,SUPERIOR COMPLETO,9,DIVORCIADO(A),2,PRETA,257,EMPRESÁRIO,-1,#NULO
05/10/2026,10:14:11,2026,2,ELEIÇÃO ORDINÁRIA,1,6259,Eleições Gerais Estaduais 2026,04/10/2026,ESTADUAL,PR,PR,PARANÁ,6,DEPUTADO FEDERAL,160002542329,5523,WOLMIR CARDOSO DE AGUIAR,WOLMIR AGUIAR,#NULO,92179746920,NÃO DIVULGÁVEL,-3,#NE,PARTIDO ISOLADO,55,PSD,PARTIDO SOCIAL DEMOCRÁTICO,-1,#NULO,#NULO,#NULO,160001800600,PARTIDO ISOLADO,PSD,PR,04/01/1973,55268330612,2,MASCULINO,8,SUPERIOR COMPLETO,3,CASADO(A),1,BRANCA,131,ADVOGADO,5,SUPLENTE
05/10/2026,10:14:11,2026,2,ELEIÇÃO ORDINÁRIA,1,6259,Eleições Gerais Estaduais 2026,04/10/2026,ESTADUAL,PR,PR,PARANÁ,6,DEPUTADO FEDERAL,160002542330,5575,FABIANA VIEIRA MACIEL,FABIANA VIEIRA,#NULO,45956558865,NÃO DIVULGÁVEL,-3,#NE,PARTIDO ISOLADO,55,PSD,PARTIDO SOCIAL DEMOCRÁTICO,-1,#NULO,#NULO,#NULO,160001800600,PARTIDO ISOLADO,PSD,SP,25/10/1996,423145290116,4,FEMININO,6,ENSINO MÉDIO COMPLETO,9,DIVORCIADO(A),1,BRANCA,999,OUTROS,5,SUPLENTE
05/10/2026,10:14:11,2026,2,ELEIÇÃO ORDINÁRIA,1,6259,Eleições Gerais Estaduais 2026,04/10/2026,ESTADUAL,PR,PR,PARANÁ,6,DEPUTADO FEDERAL,160002542331,5516,SONIA MARIA ESTANSK,SOSSO,#NULO,32231059991,NÃO DIVULGÁVEL,-3,#NE,PARTIDO ISOLADO,55,PSD,PARTIDO SOCIAL DEMOCRÁTICO,-1,#NULO,#NULO,#NULO,160001800600,PARTIDO ISOLADO,PSD,PR,18/12/1958,728910680,4,FEMININO,7,SUPERIOR INCOMPLETO,1,SOLTEIRO(A),2,PRETA,999,OUTROS,5,SUPLENTE
05/10/2026,10:14:11,2026,2,ELEIÇÃO ORDINÁRIA,1,6259,Eleições Gerais Estaduais 2026,04/10/2026,ESTADUAL,PR,PR,PARANÁ,6,DEPUTADO FEDERAL,160002542332,5588,DIEGO RODRIGUES FERREIRA,DIEGO RODRIGUES,#NULO,4575450979,NÃO DIVULGÁVEL,-3,#NE,PARTIDO ISOLADO,55,PSD,PARTIDO SOCIAL DEMOCRÁTICO,-1,#NULO,#NULO,#NULO,160001800600,PARTIDO ISOLADO,PSD,PR,05/03/1984,80484460680,2,MASCULINO,8,SUPERIOR COMPLETO,1,SOLTEIRO(A),3,PARDA,278,VEREADOR,5,SUPLENTE
05/10/2026,10:14:11,2026,2,ELEIÇÃO ORDINÁRIA,1,6259,Eleições Gerais Estaduais 2026,04/10/2026,ESTADUAL,PR,PR,PARANÁ,6,DEPUTADO FEDERAL,160002542333,5544,LUCAS BARONE DE OLIVEIRA,LUCAS BARONE,#NULO,7525405999,NÃO DIVULGÁVEL,-3,#NE,PARTIDO ISOLADO,55,PSD,PARTIDO SOCIAL DEMOCRÁTICO,-1,#NULO,#NULO,#NULO,160001800600,PARTIDO ISOLADO,PSD,PR,09/12/1989,92136570655,2,MASCULINO,8,SUPERIOR COMPLETO,1,SOLTEIRO(A),1,BRANCA,297,SERVIDOR PÚBLICO ESTADUAL,5,SUPLENTE
05/10/2026,10:14:11,2026,2,ELEIÇÃO ORDINÁRIA,1,6259,Eleições Gerais Estaduais 2026,04/10/2026,ESTADUAL,PR,PR,PARANÁ,6,DEPUTADO FEDERAL,160002542334,5590,CRISTIANE LINS DE ANDRADE,CABO LINS,#NULO,7281966970,NÃO DIVULGÁVEL,-3,#NE,PARTIDO ISOLADO,55,PSD,PARTIDO SOCIAL DEMOCRÁTICO,-1,#NULO,#NULO,#NULO,160001800600,PARTIDO ISOLADO,PSD,PR,03/12/1989,93212650680,4,FEMININO,7,SUPERIOR INCOMPLETO,1,SOLTEIRO(A),3,PARDA,233,POLICIAL MILITAR,4,NÃO ELEITO
05/10/2026,10:14:11,2026,2,ELEIÇÃO ORDINÁRIA,1,6259,Eleições Gerais Estaduais 2026,04/10/2026,ESTADUAL,PR,PR,PARANÁ,6,DEPUTADO FEDERAL,160002542335,5508,ADAO BATISTA PEREIRA,ADÃO PEREIRA FEDERAL,#NULO,87527014920,NÃO DIVULGÁVEL,-3,#NE,PARTIDO ISOLADO,55,PSD,PARTIDO SOCIAL DEMOCRÁTICO,-1,#NULO,#NULO,#NULO,160001800600,PARTIDO ISOLADO,PSD,PR,09/10/1974,62014370647,2,MASCULINO,7,SUPERIOR INCOMPLETO,3,CASADO(A),1,BRANCA,169,COMERCIANTE,5,SUPLENTE
05/10/2026,10:14:11,2026,2,ELEIÇÃO ORDINÁRIA,1,6259,Eleições Gerais Estaduais 2026,04/10/2026,ESTADUAL,PR,PR,PARANÁ,6,DEPUTADO FEDERAL,160002542336,5569,ELCIO JAIME DA LUZ,ELCIO JAIME,#NULO,86132687904,NÃO DIVULGÁVEL,-3,#NE,PARTIDO ISOLADO,55,PSD,PARTIDO SOCIAL DEMOCRÁTICO,-1,#NULO,#NULO,#NULO,160001800600,PARTIDO ISOLADO,PSD,PR,14/04/1973,50981860620,2,MASCULINO,8,SUPERIOR COMPLETO,9,DIVORCIADO(A),1,BRANCA,601,AGRICULTOR,4,NÃO ELEITO
05/10/2026,10:14:11,2026,2,ELEIÇÃO ORDINÁRIA,1,6259,Eleições Gerais Estaduais 2026,04/10/2026,ESTADUAL,PR,PR,PARANÁ,6,DEPUTADO FEDERAL,160002542337,5500,LEANDRE DAL PONTE,LEANDRE,#NULO,80635083949,NÃO DIVULGÁVEL,-3,#NE,PARTIDO ISOLADO,55,PSD,PARTIDO SOCIAL DEMOCRÁTICO,-1,#NULO,#NULO,#NULO,160001800600,PARTIDO ISOLADO,PSD,PR,20/12/1975,59775800671,4,FEMININO,8,SUPERIOR COMPLETO,3,CASADO(A),1,BRANCA,277,DEPUTADO,2,ELEITO POR QP
05/10/2026,10:14:11,2026,2,ELEIÇÃO ORDINÁRIA,1,6259,Eleições Gerais Estaduais 2026,04/10/2026,ESTADUAL,PR,PR,PARANÁ,6,DEPUTADO FEDERAL,160002542338,5503,LISLAINE LOPES DA SILVA PASINI,PASTORA LISLAINE,#NULO,5078354921,NÃO DIVULGÁVEL,-3,#NE,PARTIDO ISOLADO,55,PSD,PARTIDO SOCIAL DEMOCRÁTICO,-1,#NULO,#NULO,#NULO,160001800600,PARTIDO ISOLADO,PSD,PR,25/12/1983,41837900981,4,FEMININO,6,ENSINO MÉDIO COMPLETO,3,CASADO(A),1,BRANCA,248,TERAPEUTA,5,SUPLENTE
05/10/2026,10:14:11,2026,2,ELEIÇÃO ORDINÁRIA,1,6259,Eleições Gerais Estaduais 2026,04/10/2026,ESTADUAL,PR,PR,PARANÁ,6,DEPUTADO FEDERAL,160002542339,5506,NILSON FERREIRA,CABO NILSON FERREIRA,#NULO,4938977982,NÃO DIVULGÁVEL,-3,#NE,PARTIDO ISOLADO,55,PSD,PARTIDO SOCIAL DEMOCRÁTICO,-1,#NULO,#NULO,#NULO,160001800600,PARTIDO ISOLADO,PSD,PR,12/04/1986,81134700639,2,MASCULINO,8,SUPERIOR COMPLETO,9,DIVORCIADO(A),3,PARDA,233,POLICIAL MILITAR,5,SUPLENTE
05/10/2026,10:14:11,2026,2,ELEIÇÃO ORDINÁRIA,1,6259,Eleições Gerais Estaduais 2026,04/10/2026,ESTADUAL,PR,PR,PARANÁ,6,DEPUTADO FEDERAL,160002542340,5567,SERGIO RENATO BUENO BALAGUER,SERGINHO (DO POSTO),#NULO,69695547915,NÃO DIVULGÁVEL,-3,#NE,PARTIDO ISOLADO,55,PSD,PARTIDO SOCIAL DEMOCRÁTICO,-1,#NULO,#NULO,#NULO,160001800600,PARTIDO ISOLADO,PSD,PR,20/08/1967,4225830604,2,MASCULINO,8,SUPERIOR COMPLETO,3,CASADO(A),1,BRANCA,278,VEREADOR,5,SUPLENTE
05/10/2026,10:14:11,2026,2,ELEIÇÃO ORDINÁRIA,1,6259,Eleições Gerais Estaduais 2026,04/10/2026,ESTADUAL,PR,PR,PARANÁ,6,DEPUTADO FEDERAL,160002542341,5530,GIOVANI DONIZETE DOS ANJOS,GIL DOS ANJOS,#NULO,77673000997,NÃO DIVULGÁVEL,-3,#NE,PARTIDO ISOLADO,55,PSD,PARTIDO SOCIAL DEMOCRÁTICO,-1,#NULO,#NULO,#NULO,160001800600,PARTIDO ISOLADO,PSD,PR,08/11/1970,47227630604,2,MASCULINO,8,SUPERIOR COMPLETO,3,CASADO(A),1,BRANCA,601,AGRICULTOR,5,SUPLENTE
05/10/2026,10:14:11,2026,2,ELEIÇÃO ORDINÁRIA,1,6259,Eleições Gerais Estaduais 2026,04/10/2026,ESTADUAL,PR,PR,PARANÁ,6,DEPUTADO FEDERAL,160002542342,5514,CAMILA FERNANDES BRITES,KAMILA BRITES,#NULO,6107404902,NÃO DIVULGÁVEL,-3,#NE,PARTIDO ISOLADO,55,PSD,PARTIDO SOCIAL DEMOCRÁTICO,-1,#NULO,#NULO,#NULO,160001800600,PARTIDO ISOLADO,PSD,PR,18/04/1988,85389870604,4,FEMININO,6,ENSINO MÉDIO COMPLETO,1,SOLTEIRO(A),1,BRANCA,278,VEREADOR,5,SUPLENTE
05/10/2026,10:14:11,2026,2,ELEIÇÃO ORDINÁRIA,1,6259,Eleições Gerais Estaduais 2026,04/10/2026,ESTADUAL,PR,PR,PARANÁ,6,DEPUTADO FEDERAL,160002542343,5511,MARCO AURELIO RIBEIRO,MARCO BRASIL,#NULO,8627005826,NÃO DIVULGÁVEL,-3,#NE,PARTIDO ISOLADO,55,PSD,PARTIDO SOCIAL DEMOCRÁTICO,-1,#NULO,#NULO,#NULO,160001800600,PARTIDO ISOLADO,PSD,SP,28/01/1966,52580940167,2,MASCULINO,8,SUPERIOR COMPLETO,3,CASADO(A),1,BRANCA,215,ARTISTA PLÁSTICO E ASSEMELHADOS,5,SUPLENTE
05/10/2026,10:14:11,2026,2,ELEIÇÃO ORDINÁRIA,1,6259,Eleições Gerais Estaduais 2026,04/10/2026,ESTADUAL,PR,PR,PARANÁ,6,DEPUTADO FEDERAL,160002546888,2055,SANDRA TARABAYNE,SANDRA TARABAYNE,#NULO,3546558928,NÃO DIVULGÁVEL,-3,#NE,PARTIDO ISOLADO,20,PODE,PODEMOS,-1,#NULO,#NULO,#NULO,160001800846,PARTIDO ISOLADO,PODE,PR,20/04/1981,77190210612,4,FEMININO,8,SUPERIOR COMPLETO,1,SOLTEIRO(A),1,BRANCA,131,ADVOGADO,5,SUPLENTE
05/10/2026,10:14:11,2026,2,ELEIÇÃO ORDINÁRIA,1,6259,Eleições Gerais Estaduais 2026,04/10/2026,ESTADUAL,PR,PR,PARANÁ,6,DEPUTADO FEDERAL,160002546889,2026,RODRIGO TLUSTIK VENEK,RODRIGO ESTACHO,#NULO,7239567907,NÃO DIVULGÁVEL,-3,#NE,PARTIDO ISOLADO,20,PODE,PODEMOS,-1,#NULO,#NULO,#NULO,160001800846,PARTIDO ISOLADO,PODE,PR,16/01/1989,93200810612,2,MASCULINO,7,SUPERIOR INCOMPLETO,1,SOLTEIRO(A),1,BRANCA,277,DEPUTADO,5,SUPLENTE
05/10/2026,10:14:11,2026,2,ELEIÇÃO ORDINÁRIA,1,6259,Eleições Gerais Estaduais 2026,04/10/2026,ESTADUAL,PR,PR,PARANÁ,6,DEPUTADO FEDERAL,160002546890,2012,MARCIA APARECIDA DOS SANTOS,MARCIA SANTOS,#NULO,2499915943,NÃO DIVULGÁVEL,-3,#NE,PARTIDO ISOLADO,20,PODE,PODEMOS,-1,#NULO,#NULO,#NULO,160001800846,PARTIDO ISOLADO,PODE,PR,29/09/1974,58826280698,4,FEMININO,6,ENSINO MÉDIO COMPLETO,1,SOLTEIRO(A),3,PARDA,110,AGENTE POSTAL,5,SUPLENTE
05/10/2026,10:14:11,2026,2,ELEIÇÃO ORDINÁRIA,1,6259,Eleições Gerais Estaduais 2026,04/10/2026,ESTADUAL,PR,PR,PARANÁ,6,DEPUTADO FEDERAL,160002546891,2080,LUCIANO ALVES DOS SANTOS,LUCIANO ALVES,#NULO,93056567904,NÃO DIVULGÁVEL,-3,#NE,PARTIDO ISOLADO,20,PODE,PODEMOS,-1,#NULO,#NULO,#NULO,160001800846,PARTIDO ISOLADO,PODE,PR,08/01/1973,52356340655,2,MASCULINO,8,SUPERIOR COMPLETO,1,SOLTEIRO(A),2,PRETA,171,JORNALISTA E REDATOR,5,SUPLENTE
05/10/2026,10:14:11,2026,2,ELEIÇÃO ORDINÁRIA,1,6259,Eleições Gerais Estaduais 2026,04/10/2026,ESTADUAL,PR,PR,PARANÁ,6,DEPUTADO FEDERAL,160002546892,2033,EZEQUIEL MARCOS FERREIRA BUENO,SOLDADO PASTOR EZEQUIEL,#NULO,1978859937,NÃO DIVULGÁVEL,-3,#NE,PARTIDO ISOLADO,20,PODE,PODEMOS,-1,#NULO,#NULO,#NULO,160001800846,PARTIDO ISOLADO,PODE,PR,20/09/1976,64767050612,2,MASCULINO,8,SUPERIOR COMPLETO,3,CASADO(A),1,BRANCA,233,POLICIAL MILITAR,5,SUPLENTE
05/10/2026,10:14:11,2026,2,ELEIÇÃO ORDINÁRIA,1,6259,Eleições Gerais Estaduais 2026,04/10/2026,ESTADUAL,PR,PR,PARANÁ,6,DEPUTADO FEDERAL,160002546893,2018,VAGNER DE MORAES ALAMINO,DELEGADO FEDERAL ALAMINO,#NULO,3254924924,NÃO DIVULGÁVEL,-3,#NE,PARTIDO ISOLADO,20,PODE,PODEMOS,-1,#NULO,#NULO,#NULO,160001800846,PARTIDO ISOLADO,PODE,MT,25/11/1981,73075180639,2,MASCULINO,8,SUPERIOR COMPLETO,3,CASADO(A),1,BRANCA,296,SERVIDOR PÚBLICO FEDERAL,5,SUPLENTE
05/10/2026,10:14:11,2026,2,ELEIÇÃO ORDINÁRIA,1,6259,Eleições Gerais Estaduais 2026,04/10/2026,ESTADUAL,PR,PR,PARANÁ,6,DEPUTADO FEDERAL,160002546894,2021,SILVANA CORADI,PROTETORA SILVANA CORADI,#NULO,2535988933,NÃO DIVULGÁVEL,-3,#NE,PARTIDO ISOLADO,20,PODE,PODEMOS,-1,#NULO,#NULO,#NULO,160001800846,PARTIDO ISOLADO,PODE,PR,27/09/1973,54044200604,4,FEMININO,8,SUPERIOR COMPLETO,5,VIÚVO(A),1,BRANCA,257,EMPRESÁRIO,5,SUPLENTE
05/10/2026,10:14:11,2026,2,ELEIÇÃO ORDINÁRIA,1,6259,Eleições Gerais Estaduais 2026,04/10/2026,ESTADUAL,PR,PR,PARANÁ,6,DEPUTADO FEDERAL,160002546895,2002,MARCO ANTONIO DOS SANTOS TRAVESSOLO,MARCO ANTONIO TRAVESSOLO,#NULO,8584856994,NÃO DIVULGÁVEL,-3,#NE,PARTIDO ISOLADO,20,PODE,PODEMOS,-1,#NULO,#NULO,#NULO,160001800846,PARTIDO ISOLADO,PODE,PR,17/02/1997,107171830604,2,MASCULINO,8,SUPERIOR COMPLETO,1,SOLTEIRO(A),1,BRANCA,257,EMPRESÁRIO,5,SUPLENTE
05/10/2026,10:14:11,2026,2,ELEIÇÃO ORDINÁRIA,1,6259,Eleições Gerais Estaduais 2026,04/10/2026,ESTADUAL,PR,PR,PARANÁ,6,DEPUTADO FEDERAL,160002546896,2099,JONI SILVA CORREIA JUNIOR,JONI CORREIA,#NULO,97889083904,NÃO DIVULGÁVEL,-3,#NE,PARTIDO ISOLADO,20,PODE,PODEMOS,-1,#NULO,#NULO,#NULO,160001800846,PARTIDO ISOLADO,PODE,PR,01/02/1977,61357480604,2,MASCULINO,8,SUPERIOR COMPLETO,3,CASADO(A),1,BRANCA,257,EMPRESÁRIO,5,SUPLENTE
05/10/2026,10:14:11,2026,2,ELEIÇÃO ORDINÁRIA,1,6259,Eleições Gerais Estaduais 2026,04/10/2026,ESTADUAL,PR,PR,PARANÁ,6,DEPUTADO FEDERAL,160002546897,2008,CRISTIANE DE MELLO,CRIS MELLO,#NULO,3656865906,NÃO DIVULGÁVEL,-3,#NE,PARTIDO ISOLADO,20,PODE,PODEMOS,-1,#NULO,#NULO,#NULO,160001800846,PARTIDO ISOLADO,PODE,PR,21/10/1980,78901290647,4,FEMININO,8,SUPERIOR COMPLETO,3,CASADO(A),1,BRANCA,114,FISIOTERAPEUTA E TERAPEUTA OCUPACIONAL,5,SUPLENTE
05/10/2026,10:14:11,2026,2,ELEIÇÃO ORDINÁRIA,1,6259,Eleições Gerais Estaduais 2026,04/10/2026,ESTADUAL,PR,PR,PARANÁ,6,DEPUTADO FEDERAL,160002546898,2007,GUILHERME LUIZ DIAS,DELEGADO GUILHERME DIAS,#NULO,7497573969,NÃO DIVULGÁVEL,-3,#NE,PARTIDO ISOLADO,20,PODE,PODEMOS,-1,#NULO,#NULO,#NULO,160001800846,PARTIDO ISOLADO,PODE,PR,31/01/1990,88903640680,2,MASCULINO,8,SUPERIOR COMPLETO,9,DIVORCIADO(A),1,BRANCA,232,POLICIAL CIVIL,5,SUPLENTE
05/10/2026,10:14:11,2026,2,ELEIÇÃO ORDINÁRIA,1,6259,Eleições Gerais Estaduais 2026,04/10/2026,ESTADUAL,PR,PR,PARANÁ,6,DEPUTADO FEDERAL,160002546899,2022,MARCOS RENAN DE MATTOS CESCHIN,RENAN CESCHIN,#NULO,5203099952,NÃO DIVULGÁVEL,-3,#NE,PARTIDO ISOLADO,20,PODE,PODEMOS,-1,#NULO,#NULO,#NULO,160001800846,PARTIDO ISOLADO,PODE,PR,12/05/1985,87182740620,2,MASCULINO,8,SUPERIOR COMPLETO,3,CASADO(A),1,BRANCA,278,VEREADOR,5,SUPLENTE
05/10/2026,10:14:11,2026,2,ELEIÇÃO ORDINÁRIA,1,6259,Eleições Gerais Estaduais 2026,04/10/2026,ESTADUAL,PR,PR,PARANÁ,6,DEPUTADO FEDERAL,160002546900,2000,LUIS FELIPE BONATTO FRANCISCHINI,FELIPE FRANCISCHINI,#NULO,8317508986,NÃO DIVULGÁVEL,-3,#NE,PARTIDO ISOLADO,20,PODE,PODEMOS,-1,#NULO,#NULO,#NULO,160001800846,PARTIDO ISOLADO,PODE,PR,02/10/1991,99434640647,2,MASCULINO,8,SUPERIOR COMPLETO,1,SOLTEIRO(A),1,BRANCA,277,DEPUTADO,2,ELEITO POR QP
05/10/2026,10:14:11,2026,2,ELEIÇÃO ORDINÁRIA,1,6259,Eleições Gerais Estaduais 2026,04/10/2026,ESTADUAL,PR,PR,PARANÁ,6,DEPUTADO FEDERAL,160002547461,2027,ANA PAULA PAVELSKI,ANA PAVELSKI,#NULO,2947611950,NÃO DIVULGÁVEL,-3,#NE,PARTIDO ISOLADO,20,PODE,PODEMOS,-1,#NULO,#NULO,#NULO,160001800846,PARTIDO ISOLADO,PODE,PR,07/01/1980,73456190655,4,FEMININO,8,SUPERIOR COMPLETO,1,SOLTEIRO(A),1,BRANCA,131,ADVOGADO,5,SUPLENTE
05/10/2026,10:14:11,2026,2,ELEIÇÃO ORDINÁRIA,1,6259,Eleições Gerais Estaduais 2026,04/10/2026,ESTADUAL,PR,PR,PARANÁ,6,DEPUTADO FEDERAL,160002547462,2088,FELIPE AUGUSTO BONZATO JULIANI,FELIPE JULIANI,#NULO,975194992,NÃO DIVULGÁVEL,-3,#NE,PARTIDO ISOLADO,20,PODE,PODEMOS,-1,#NULO,#NULO,#NULO,160001800846,PARTIDO ISOLADO,PODE,PR,04/07/1986,83003410604,2,MASCULINO,8,SUPERIOR COMPLETO,3,CASADO(A),1,BRANCA,257,EMPRESÁRIO,5,SUPLENTE
05/10/2026,10:14:11,2026,2,ELEIÇÃO ORDINÁRIA,1,6259,Eleições Gerais Estaduais 2026,04/10/2026,ESTADUAL,PR,PR,PARANÁ,6,DEPUTADO FEDERAL,160002547463,2050,MILENE PEREIRA DA SILVA,MILA PARANÁ,#NULO,2170713921,NÃO DIVULGÁVEL,-3,#NE,PARTIDO ISOLADO,20,PODE,PODEMOS,-1,#NULO,#NULO,#NULO,160001800846,PARTIDO ISOLADO,PODE,PR,13/08/1976,63514600655,4,FEMININO,8,SUPERIOR COMPLETO,9,DIVORCIADO(A),1,BRANCA,999,OUTROS,5,SUPLENTE
05/10/2026,10:14:11,2026,2,ELEIÇÃO ORDINÁRIA,1,6259,Eleições Gerais Estaduais 2026,04/10/2026,ESTADUAL,PR,PR,PARANÁ,6,DEPUTADO FEDERAL,160002547464,2030,SALETE DE OLIVEIRA LACERDA,SALETE DAS LÁPIDES,#NULO,2559104954,NÃO DIVULGÁVEL,-3,#NE,PARTIDO ISOLADO,20,PODE,PODEMOS,-1,#NULO,#NULO,#NULO,160001800846,PARTIDO ISOLADO,PODE,PR,14/10/1975,68125950604,4,FEMININO,7,SUPERIOR INCOMPLETO,1,SOLTEIRO(A),1,BRANCA,169,COMERCIANTE,5,SUPLENTE
05/10/2026,10:14:11,2026,2,ELEIÇÃO ORDINÁRIA,1,6259,Eleições Gerais Estaduais 2026,04/10/2026,ESTADUAL,PR,PR,PARANÁ,6,DEPUTADO FEDERAL,160002547465,2077,DANIEL GODRI JUNIOR,DANIEL GODRI JR,#NULO,2411295910,NÃO DIVULGÁVEL,-3,#NE,PARTIDO ISOLADO,20,PODE,PODEMOS,-1,#NULO,#NULO,#NULO,160001800846,PARTIDO ISOLADO,PODE,PR,05/02/1978,69714540612,2,MASCULINO,8,SUPERIOR COMPLETO,3,CASADO(A),1,BRANCA,999,OUTROS,5,SUPLENTE
05/10/2026,10:14:11,2026,2,ELEIÇÃO ORDINÁRIA,1,6259,Eleições Gerais Estaduais 2026,04/10/2026,ESTADUAL,PR,PR,PARANÁ,6,DEPUTADO FEDERAL,160002547466,2020,GUSTAVO SILVEIRA DA COSTA,DA COSTA DO PERDEU PIÁ,#NULO,5397706981,NÃO DIVULGÁVEL,-3,#NE,PARTIDO ISOLADO,20,PODE,PODEMOS,-1,#NULO,#NULO,#NULO,160001800846,PARTIDO ISOLADO,PODE,PR,24/01/1990,97088700663,2,MASCULINO,7,SUPERIOR INCOMPLETO,3,CASADO(A),1,BRANCA,278,VEREADOR,3,ELEITO POR MÉDIA
05/10/2026,10:14:11,2026,2,ELEIÇÃO ORDINÁRIA,1,6259,Eleições Gerais Estaduais 2026,04/10/2026,ESTADUAL,PR,PR,PARANÁ,6,DEPUTADO FEDERAL,160002547467,2001,GENNARO VELA NETO,GENNARO VELA,#NULO,3144334901,NÃO DIVULGÁVEL,-3,#NE,PARTIDO ISOLADO,20,PODE,PODEMOS,-1,#NULO,#NULO,#NULO,160001800846,PARTIDO ISOLADO,PODE,PR,26/12/1979,75611580698,2,MASCULINO,8,SUPERIOR COMPLETO,3,CASADO(A),3,PARDA,159,CIENTISTA POLÍTICO,5,SUPLENTE
05/10/2026,10:14:11,2026,2,ELEIÇÃO ORDINÁRIA,1,6259,Eleições Gerais Estaduais 2026,04/10/2026,ESTADUAL,PR,PR,PARANÁ,6,DEPUTADO FEDERAL,160002547468,2009,FABIULA CRISTHIANE LUSTOSA JUNGLES,FABIULA JUNGLES,#NULO,2304302955,NÃO DIVULGÁVEL,-3,#NE,PARTIDO ISOLADO,20,PODE,PODEMOS,-1,#NULO,#NULO,#NULO,160001800846,PARTIDO ISOLADO,PODE,PR,09/01/1977,67568970612,4,FEMININO,8,SUPERIOR COMPLETO,9,DIVORCIADO(A),1,BRANCA,230,PEDAGOGO,5,SUPLENTE
05/10/2026,10:14:11,2026,2,ELEIÇÃO ORDINÁRIA,1,6259,Eleições Gerais Estaduais 2026,04/10/2026,ESTADUAL,PR,PR,PARANÁ,6,DEPUTADO FEDERAL,160002547469,2038,TANIA MARA ABRAO GUERREIRO,SARGENTO TÂNIA GUERREIRO,#NULO,37377981920,NÃO DIVULGÁVEL,-3,#NE,PARTIDO ISOLADO,20,PODE,PODEMOS,-1,#NULO,#NULO,#NULO,160001800846,PARTIDO ISOLADO,PODE,PR,29/08/1959,85162380680,4,FEMININO,8,SUPERIOR COMPLETO,9,DIVORCIADO(A),1,BRANCA,233,POLICIAL MILITAR,5,SUPLENTE
05/10/2026,10:14:11,2026,2,ELEIÇÃO ORDINÁRIA,1,6259,Eleições Gerais Estaduais 2026,04/10/2026,ESTADUAL,PR,PR,PARANÁ,6,DEPUTADO FEDERAL,160002547470,2010,ANA CARLA NOVAIS DOS SANTOS,ANA NOVAIS,#NULO,4780105919,NÃO DIVULGÁVEL,-3,#NE,PARTIDO ISOLADO,20,PODE,PODEMOS,-1,#NULO,#NULO,#NULO,160001800846,PARTIDO ISOLADO,PODE,PR,10/02/1985,82692010671,4,FEMININO,8,SUPERIOR COMPLETO,1,SOLTEIRO(A),1,BRANCA,142,PROFESSOR DE ENSINO SUPERIOR,5,SUPLENTE
05/10/2026,10:14:11,2026,2,ELEIÇÃO ORDINÁRIA,1,6259,Eleições Gerais Estaduais 2026,04/10/2026,ESTADUAL,PR,PR,PARANÁ,6,DEPUTADO FEDERAL,160002547471,2025,LUCIANO MOREIRA DE CASTILHO,LUCIANO CASTILHO,#NULO,73757373987,NÃO DIVULGÁVEL,-3,#NE,PARTIDO ISOLADO,20,PODE,PODEMOS,-1,#NULO,#NULO,#NULO,160001800846,PARTIDO ISOLADO,PODE,PR,08/12/1975,55792000663,2,MASCULINO,8,SUPERIOR COMPLETO,3,CASADO(A),3,PARDA,125,ADMINISTRADOR,5,SUPLENTE
05/10/2026,10:14:11,2026,2,ELEIÇÃO ORDINÁRIA,1,6259,Eleições Gerais Estaduais 2026,04/10/2026,ESTADUAL,PR,PR,PARANÁ,6,DEPUTADO FEDERAL,160002547472,2011,JOSÉ FRANCISCO MACHADO MARTINS,POLICIAL MARTINS,#NULO,1507431066,NÃO DIVULGÁVEL,-3,#NE,PARTIDO ISOLADO,20,PODE,PODEMOS,-1,#NULO,#NULO,#NULO,160001800846,PARTIDO ISOLADO,PODE,RS,11/01/1989,96321020442,2,MASCULINO,8,SUPERIOR COMPLETO,1,SOLTEIRO(A),1,BRANCA,233,POLICIAL MILITAR,5,SUPLENTE
05/10/2026,10:14:11,2026,2,ELEIÇÃO ORDINÁRIA,1,6259,Eleições Gerais Estaduais 2026,04/10/2026,ESTADUAL,PR,PR,PARANÁ,6,DEPUTADO FEDERAL,160002547473,2070,RODRIGO KOHL RIBEIRO,RODRIGO JOÃO PIMENTA,#NULO,90033175004,NÃO DIVULGÁVEL,-3,#NE,PARTIDO ISOLADO,20,PODE,PODEMOS,-1,#NULO,#NULO,#NULO,160001800846,PARTIDO ISOLADO,PODE,RS,28/12/1977,66739060434,2,MASCULINO,8,SUPERIOR COMPLETO,3,CASADO(A),1,BRANCA,230,PEDAGOGO,5,SUPLENTE
05/10/2026,10:14:11,2026,2,ELEIÇÃO ORDINÁRIA,1,6259,Eleições Gerais Estaduais 2026,04/10/2026,ESTADUAL,PR,PR,PARANÁ,6,DEPUTADO FEDERAL,160002547474,2060,ANTONIO MINICHIELLO NETO,CORONEL MINIKÉLO,#NULO,61825751900,NÃO DIVULGÁVEL,-3,#NE,PARTIDO ISOLADO,20,PODE,PODEMOS,-1,#NULO,#NULO,#NULO,160001800846,PARTIDO ISOLADO,PODE,SP,09/06/1968,8375851929,2,MASCULINO,8,SUPERIOR COMPLETO,3,CASADO(A),1,BRANCA,295,MEMBRO DAS FORÇAS ARMADAS,5,SUPLENTE
05/10/2026,10:14:11,2026,2,ELEIÇÃO ORDINÁRIA,1,6259,Eleições Gerais Estaduais 2026,04/10/2026,ESTADUAL,PR,PR,PARANÁ,6,DEPUTADO FEDERAL,160002547563,2223,DIONEY FABIO BARROCA,SUBTENENTE DIONEY,#NULO,88444961949,NÃO DIVULGÁVEL,-3,#NE,PARTIDO ISOLADO,22,PL,PARTIDO LIBERAL,-1,#NULO,#NULO,#NULO,160001800890,PARTIDO ISOLADO,PL,MS,12/09/1971,193476140124,2,MASCULINO,8,SUPERIOR COMPLETO,3,CASADO(A),1,BRANCA,233,POLICIAL MILITAR,5,SUPLENTE
05/10/2026,10:14:11,2026,2,ELEIÇÃO ORDINÁRIA,1,6259,Eleições Gerais Estaduais 2026,04/10/2026,ESTADUAL,PR,PR,PARANÁ,6,DEPUTADO FEDERAL,160002547564,2267,RICARDO PINAFFI CASSIMIRO,RICARDO PINAFFI,#NULO,8044249931,NÃO DIVULGÁVEL,-3,#NE,PARTIDO ISOLADO,22,PL,PARTIDO LIBERAL,-1,#NULO,#NULO,#NULO,160001800890,PARTIDO ISOLADO,PL,PR,22/07/1996,104771480680,2,MASCULINO,8,SUPERIOR COMPLETO,1,SOLTEIRO(A),1,BRANCA,131,ADVOGADO,5,SUPLENTE
05/10/2026,10:14:11,2026,2,ELEIÇÃO ORDINÁRIA,1,6259,Eleições Gerais Estaduais 2026,04/10/2026,ESTADUAL,PR,PR,PARANÁ,6,DEPUTADO FEDERAL,160002547565,2200,NELSI COGUETTO MARIA,VERMELHO,#NULO,33286957968,NÃO DIVULGÁVEL,-3,#NE,PARTIDO ISOLADO,22,PL,PARTIDO LIBERAL,-1,#NULO,#NULO,#NULO,160001800890,PARTIDO ISOLADO,PL,PR,01/03/1959,30155680612,2,MASCULINO,8,SUPERIOR COMPLETO,9,DIVORCIADO(A),1,BRANCA,257,EMPRESÁRIO,2,ELEITO POR QP
05/10/2026,10:14:11,2026,2,ELEIÇÃO ORDINÁRIA,1,6259,Eleições Gerais Estaduais 2026,04/10/2026,ESTADUAL,PR,PR,PARANÁ,6,DEPUTADO FEDERAL,160002547566,2226,MIRIAM FERREIRA DA SILVA,MIRIAM FERREIRA,#NULO,93097883991,NÃO DIVULGÁVEL,-3,#NE,PARTIDO ISOLADO,22,PL,PARTIDO LIBERAL,-1,#NULO,#NULO,#NULO,160001800890,PARTIDO ISOLADO,PL,PR,01/08/1975,59929170604,4,FEMININO,6,ENSINO MÉDIO COMPLETO,1,SOLTEIRO(A),1,BRANCA,257,EMPRESÁRIO,-1,#NULO
05/10/2026,10:14:11,2026,2,ELEIÇÃO ORDINÁRIA,1,6259,Eleições Gerais Estaduais 2026,04/10/2026,ESTADUAL,PR,PR,PARANÁ,6,DEPUTADO FEDERAL,160002547567,2299,SHANISYS MARTINS MASSUQUETO VIRMOND BUTENES,SHANISYS,#NULO,6646284946,NÃO DIVULGÁVEL,-3,#NE,PARTIDO ISOLADO,22,PL,PARTIDO LIBERAL,-1,#NULO,#NULO,#NULO,160001800890,PARTIDO ISOLADO,PL,PR,06/09/1988,89398000698,4,FEMININO,8,SUPERIOR COMPLETO,3,CASADO(A),1,BRANCA,131,ADVOGADO,5,SUPLENTE
05/10/2026,10:14:11,2026,2,ELEIÇÃO ORDINÁRIA,1,6259,Eleições Gerais Estaduais 2026,04/10/2026,ESTADUAL,PR,PR,PARANÁ,6,DEPUTADO FEDERAL,160002547568,2211,FERNANDO DESTITO FRANCISCHINI,DELEGADO FRANCISCHINI,#NULO,74019961972,NÃO DIVULGÁVEL,-3,#NE,PARTIDO ISOLADO,22,PL,PARTIDO LIBERAL,-1,#NULO,#NULO,#NULO,160001800890,PARTIDO ISOLADO,PL,PR,26/03/1970,45982890698,2,MASCULINO,8,SUPERIOR COMPLETO,3,CASADO(A),1,BRANCA,131,ADVOGADO,2,ELEITO POR QP
05/10/2026,10:14:11,2026,2,ELEIÇÃO ORDINÁRIA,1,6259,Eleições Gerais Estaduais 2026,04/10/2026,ESTADUAL,PR,PR,PARANÁ,6,DEPUTADO FEDERAL,160002547569,2290,GILSON CARDOSO FAHUR,SARGENTO FAHUR,#NULO,53447468904,NÃO DIVULGÁVEL,-3,#NE,PARTIDO ISOLADO,22,PL,PARTIDO LIBERAL,-1,#NULO,#NULO,#NULO,160001800890,PARTIDO ISOLADO,PL,PR,06/11/1963,53379570680,2,MASCULINO,4,ENSINO FUNDAMENTAL COMPLETO,1,SOLTEIRO(A),1,BRANCA,277,DEPUTADO,2,ELEITO POR QP
05/10/2026,10:14:11,2026,2,ELEIÇÃO ORDINÁRIA,1,6259,Eleições Gerais Estaduais 2026,04/10/2026,ESTADUAL,PR,PR,PARANÁ,6,DEPUTADO FEDERAL,160002547570,2242,DÉBORA CAROLINE CARVALHO,DÉBORA CARVALHO,#NULO,9508237910,NÃO DIVULGÁVEL,-3,#NE,PARTIDO ISOLADO,22,PL,PARTIDO LIBERAL,-1,#NULO,#NULO,#NULO,160001800890,PARTIDO ISOLADO,PL,PR,02/09/1994,104806170663,4,FEMININO,8,SUPERIOR COMPLETO,3,CASADO(A),3,PARDA,999,OUTROS,5,SUPLENTE
05/10/2026,10:14:11,2026,2,ELEIÇÃO ORDINÁRIA,1,6259,Eleições Gerais Estaduais 2026,04/10/2026,ESTADUAL,PR,PR,PARANÁ,6,DEPUTADO FEDERAL,160002547571,2262,EDERSON JUNIOR SANTOS ROSA,JUNIOR SANTOS ROSA,#NULO,5004310947,NÃO DIVULGÁVEL,-3,#NE,PARTIDO ISOLADO,22,PL,PARTIDO LIBERAL,-1,#NULO,#NULO,#NULO,160001800890,PARTIDO ISOLADO,PL,PR,04/06/1984,73725330612,2,MASCULINO,7,SUPERIOR INCOMPLETO,3,CASADO(A),2,PRETA,999,OUTROS,5,SUPLENTE
05/10/2026,10:14:11,2026,2,ELEIÇÃO ORDINÁRIA,1,6259,Eleições Gerais Estaduais 2026,04/10/2026,ESTADUAL,PR,PR,PARANÁ,6,DEPUTADO FEDERAL,160002547572,2251,JULIANA ALINE VALIATI,CANTORA JULIANA VALIATI,#NULO,920917925,NÃO DIVULGÁVEL,-3,#NE,PARTIDO ISOLADO,22,PL,PARTIDO LIBERAL,-1,#NULO,#NULO,#NULO,160001800890,PARTIDO ISOLADO,PL,PR,03/01/1987,85442500604,4,FEMININO,6,ENSINO MÉDIO COMPLETO,9,DIVORCIADO(A),1,BRANCA,163,CANTOR E COMPOSITOR,5,SUPLENTE
05/10/2026,10:14:11,2026,2,ELEIÇÃO ORDINÁRIA,1,6259,Eleições Gerais Estaduais 2026,04/10/2026,ESTADUAL,PR,PR,PARANÁ,6,DEPUTADO FEDERAL,160002547573,2207,EDILEN HENRIQUE XAVIER,MINEIRO,#NULO,6188136911,NÃO DIVULGÁVEL,-3,#NE,PARTIDO ISOLADO,22,PL,PARTIDO LIBERAL,-1,#NULO,#NULO,#NULO,160001800890,PARTIDO ISOLADO,PL,PR,02/08/1988,89224940698,2,MASCULINO,8,SUPERIOR COMPLETO,3,CASADO(A),1,BRANCA,125,ADMINISTRADOR,5,SUPLENTE
05/10/2026,10:14:11,2026,2,ELEIÇÃO ORDINÁRIA,1,6259,Eleições Gerais Estaduais 2026,04/10/2026,ESTADUAL,PR,PR,PARANÁ,6,DEPUTADO FEDERAL,160002547574,2266,JOSÉ VANI GRASSI,NEGUINHO GRASSI,#NULO,55004369968,NÃO DIVULGÁVEL,-3,#NE,PARTIDO ISOLADO,22,PL,PARTIDO LIBERAL,-1,#NULO,#NULO,#NULO,160001800890,PARTIDO ISOLADO,PL,PR,03/08/1966,35982520671,2,MASCULINO,4,ENSINO FUNDAMENTAL COMPLETO,9,DIVORCIADO(A),1,BRANCA,257,EMPRESÁRIO,5,SUPLENTE
05/10/2026,10:14:11,2026,2,ELEIÇÃO ORDINÁRIA,1,6259,Eleições Gerais Estaduais 2026,04/10/2026,ESTADUAL,PR,PR,PARANÁ,6,DEPUTADO FEDERAL,160002547575,2221,SEBASTIÃO VALTER FERNANDES,PROFESSOR VALTER,#NULO,81355173949,NÃO DIVULGÁVEL,-3,#NE,PARTIDO ISOLADO,22,PL,PARTIDO LIBERAL,-1,#NULO,#NULO,#NULO,160001800890,PARTIDO ISOLADO,PL,PR,21/01/1971,50027890612,2,MASCULINO,8,SUPERIOR COMPLETO,3,CASADO(A),1,BRANCA,266,PROFESSOR DE ENSINO MÉDIO,5,SUPLENTE
05/10/2026,10:14:11,2026,2,ELEIÇÃO ORDINÁRIA,1,6259,Eleições Gerais Estaduais 2026,04/10/2026,ESTADUAL,PR,PR,PARANÁ,6,DEPUTADO FEDERAL,160002547576,2234,JOCELINO VELOSO MARTINS,JOCELINO VELOSO,#NULO,3842179901,NÃO DIVULGÁVEL,-3,#NE,PARTIDO ISOLADO,22,PL,PARTIDO LIBERAL,-1,#NULO,#NULO,#NULO,160001800890,PARTIDO ISOLADO,PL,PR,01/12/1982,66895760663,2,MASCULINO,7,SUPERIOR INCOMPLETO,9,DIVORCIADO(A),3,PARDA,257,EMPRESÁRIO,5,SUPLENTE
05/10/2026,10:14:11,2026,2,ELEIÇÃO ORDINÁRIA,1,6259,Eleições Gerais Estaduais 2026,04/10/2026,ESTADUAL,PR,PR,PARANÁ,6,DEPUTADO FEDERAL,160002547577,2294,DULCILENE CORREIA DOS SANTOS CARMO,DULCI CARMO,#NULO,87528061620,NÃO DIVULGÁVEL,-3,#NE,PARTIDO ISOLADO,22,PL,PARTIDO LIBERAL,-1,#NULO,#NULO,#NULO,160001800890,PARTIDO ISOLADO,PL,PB,02/07/1968,14695031201,4,FEMININO,8,SUPERIOR COMPLETO,3,CASADO(A),1,BRANCA,132,PSICÓLOGO,5,SUPLENTE
05/10/2026,10:14:11,2026,2,ELEIÇÃO ORDINÁRIA,1,6259,Eleições Gerais Estaduais 2026,04/10/2026,ESTADUAL,PR,PR,PARANÁ,6,DEPUTADO FEDERAL,160002547578,2233,CARLISE APARECIDA KWIATKOWSKI,CARLISE KWIATKOWSKI,#NULO,94100764987,NÃO DIVULGÁVEL,-3,#NE,PARTIDO ISOLADO,22,PL,PARTIDO LIBERAL,-1,#NULO,#NULO,#NULO,160001800890,PARTIDO ISOLADO,PL,PR,11/10/1975,49770520671,4,FEMININO,7,SUPERIOR INCOMPLETO,5,VIÚVO(A),1,BRANCA,278,VEREADOR,5,SUPLENTE
05/10/2026,10:14:11,2026,2,ELEIÇÃO ORDINÁRIA,1,6259,Eleições Gerais Estaduais 2026,04/10/2026,ESTADUAL,PR,PR,PARANÁ,6,DEPUTADO FEDERAL,160002547579,2255,ALINE SLEUTJES,ALINE SLEUTJES,#NULO,506342913,NÃO DIVULGÁVEL,-3,#NE,PARTIDO ISOLADO,22,PL,PARTIDO LIBERAL,-1,#NULO,#NULO,#NULO,160001800890,PARTIDO ISOLADO,PL,PR,26/07/1979,70436100604,4,FEMININO,8,SUPERIOR COMPLETO,9,DIVORCIADO(A),1,BRANCA,257,EMPRESÁRIO,5,SUPLENTE
05/10/2026,10:14:11,2026,2,ELEIÇÃO ORDINÁRIA,1,6259,Eleições Gerais Estaduais 2026,04/10/2026,ESTADUAL,PR,PR,PARANÁ,6,DEPUTADO FEDERAL,160002547580,2288,AMIN JOSÉ HANNOUCHE,AMIN HANNOUCHE,#NULO,52174654920,NÃO DIVULGÁVEL,-3,#NE,PARTIDO ISOLADO,22,PL,PARTIDO LIBERAL,-1,#NULO,#NULO,#NULO,160001800890,PARTIDO ISOLADO,PL,PR,16/12/1962,9789560612,2,MASCULINO,8,SUPERIOR COMPLETO,5,VIÚVO(A),1,BRANCA,131,ADVOGADO,5,SUPLENTE
05/10/2026,10:14:11,2026,2,ELEIÇÃO ORDINÁRIA,1,6259,Eleições Gerais Estaduais 2026,04/10/2026,ESTADUAL,PR,PR,PARANÁ,6,DEPUTADO FEDERAL,160002547581,2244,GILSON DE SOUZA,GILSON DE SOUZA,#NULO,39472426972,NÃO DIVULGÁVEL,-3,#NE,PARTIDO ISOLADO,22,PL,PARTIDO LIBERAL,-1,#NULO,#NULO,#NULO,160001800890,PARTIDO ISOLADO,PL,PR,04/07/1961,746530639,2,MASCULINO,8,SUPERIOR COMPLETO,3,CASADO(A),1,BRANCA,277,DEPUTADO,5,SUPLENTE
05/10/2026,10:14:11,2026,2,ELEIÇÃO ORDINÁRIA,1,6259,Eleições Gerais Estaduais 2026,04/10/2026,ESTADUAL,PR,PR,PARANÁ,6,DEPUTADO FEDERAL,160002547582,2210,REINHOLD STEPHANES JUNIOR,STEPHANES,#NULO,55194770944,NÃO DIVULGÁVEL,-3,#NE,PARTIDO ISOLADO,22,PL,PARTIDO LIBERAL,-1,#NULO,#NULO,#NULO,160001800890,PARTIDO ISOLADO,PL,PR,26/07/1965,1666820671,2,MASCULINO,8,SUPERIOR COMPLETO,3,CASADO(A),1,BRANCA,121,ECONOMISTA,5,SUPLENTE
05/10/2026,10:14:11,2026,2,ELEIÇÃO ORDINÁRIA,1,6259,Eleições Gerais Estaduais 2026,04/10/2026,ESTADUAL,PR,PR,PARANÁ,6,DEPUTADO FEDERAL,160002547583,2220,GHIOVANNY KOWALCZUCK DO NASCIMENTO,GHIOVANNY LORUSSO,#NULO,4810240932,NÃO DIVULGÁVEL,-3,#NE,PARTIDO ISOLADO,22,PL,PARTIDO LIBERAL,-1,#NULO,#NULO,#NULO,160001800890,PARTIDO ISOLADO,PL,PR,20/05/1993,98166330663,2,MASCULINO,8,SUPERIOR COMPLETO,3,CASADO(A),1,BRANCA,112,VETERINÁRIO,5,SUPLENTE
05/10/2026,10:14:11,2026,2,ELEIÇÃO ORDINÁRIA,1,6259,Eleições Gerais Estaduais 2026,04/10/2026,ESTADUAL,PR,PR,PARANÁ,6,DEPUTADO FEDERAL,160002547584,2217,OLIMPIO PEREIRA DE ARAUJO JUNIOR,OLIMPIO,#NULO,68873212972,NÃO DIVULGÁVEL,-3,#NE,PARTIDO ISOLADO,22,PL,PARTIDO LIBERAL,-1,#NULO,#NULO,#NULO,160001800890,PARTIDO ISOLADO,PL,PR,06/10/1976,62131650663,2,MASCULINO,8,SUPERIOR COMPLETO,3,CASADO(A),1,BRANCA,278,VEREADOR,5,SUPLENTE
05/10/2026,10:14:11,2026,2,ELEIÇÃO ORDINÁRIA,1,6259,Eleições Gerais Estaduais 2026,04/10/2026,ESTADUAL,PR,PR,PARANÁ,6,DEPUTADO FEDERAL,160002547585,2222,ROSANGELA MARIA WOLFF DE QUADROS MORO,ROSANGELA MORO,#NULO,92260055915,NÃO DIVULGÁVEL,-3,#NE,PARTIDO ISOLADO,22,PL,PARTIDO LIBERAL,-1,#NULO,#NULO,#NULO,160001800890,PARTIDO ISOLADO,PL,PR,28/05/1974,51658180663,4,FEMININO,8,SUPERIOR COMPLETO,3,CASADO(A),1,BRANCA,277,DEPUTADO,2,ELEITO POR QP
05/10/2026,10:14:11,2026,2,ELEIÇÃO ORDINÁRIA,1,6259,Eleições Gerais Estaduais 2026,04/10/2026,ESTADUAL,PR,PR,PARANÁ,6,DEPUTADO FEDERAL,160002547586,2216,MARTA ELAINE CESAR PADOVANI,MARTA PADOVANI,#NULO,16198580881,NÃO DIVULGÁVEL,-3,#NE,PARTIDO ISOLADO,22,PL,PARTIDO LIBERAL,-1,#NULO,#NULO,#NULO,160001800890,PARTIDO ISOLADO,PL,SP,10/04/1973,73387730680,4,FEMININO,8,SUPERIOR COMPLETO,3,CASADO(A),1,BRANCA,131,ADVOGADO,5,SUPLENTE
05/10/2026,10:14:11,2026,2,ELEIÇÃO ORDINÁRIA,1,6259,Eleições Gerais Estaduais 2026,04/10/2026,ESTADUAL,PR,PR,PARANÁ,6,DEPUTADO FEDERAL,160002547587,2208,ANDREA DIAS VALERIO ASSONI,ANDREA DIAS,#NULO,2276190990,NÃO DIVULGÁVEL,-3,#NE,PARTIDO ISOLADO,22,PL,PARTIDO LIBERAL,-1,#NULO,#NULO,#NULO,160001800890,PARTIDO ISOLADO,PL,SP,28/10/1976,59947460620,4,FEMININO,8,SUPERIOR COMPLETO,3,CASADO(A),1,BRANCA,118,FONOAUDIÓLOGO,5,SUPLENTE
05/10/2026,10:14:11,2026,2,ELEIÇÃO ORDINÁRIA,1,6259,Eleições Gerais Estaduais 2026,04/10/2026,ESTADUAL,PR,PR,PARANÁ,6,DEPUTADO FEDERAL,160002547588,2225,ADEMAR LINEU DORFSCHMIDT,ADEMAR DORFSCHMIDT,#NULO,80495630900,NÃO DIVULGÁVEL,-3,#NE,PARTIDO ISOLADO,22,PL,PARTIDO LIBERAL,-1,#NULO,#NULO,#NULO,160001800890,PARTIDO ISOLADO,PL,PR,26/02/1973,50446790671,2,MASCULINO,7,SUPERIOR INCOMPLETO,3,CASADO(A),1,BRANCA,257,EMPRESÁRIO,5,SUPLENTE
05/10/2026,10:14:11,2026,2,ELEIÇÃO ORDINÁRIA,1,6259,Eleições Gerais Estaduais 2026,04/10/2026,ESTADUAL,PR,PR,PARANÁ,6,DEPUTADO FEDERAL,160002547589,2212,ANTONIO BENEDITO FENELON,TONINHO FENELON DA FARMÁCIA,#NULO,44588542915,NÃO DIVULGÁVEL,-3,#NE,PARTIDO ISOLADO,22,PL,PARTIDO LIBERAL,-1,#NULO,#NULO,#NULO,160001800890,PARTIDO ISOLADO,PL,PR,23/04/1962,4768460698,2,MASCULINO,4,ENSINO FUNDAMENTAL COMPLETO,3,CASADO(A),1,BRANCA,257,EMPRESÁRIO,5,SUPLENTE
05/10/2026,10:14:11,2026,2,ELEIÇÃO ORDINÁRIA,1,6259,Eleições Gerais Estaduais 2026,04/10/2026,ESTADUAL,PR,PR,PARANÁ,6,DEPUTADO FEDERAL,160002547590,2240,NILTON GIULIANO TURETTA,DR. GIULIANO TURETTA,#NULO,76944506904,NÃO DIVULGÁVEL,-3,#NE,PARTIDO ISOLADO,22,PL,PARTIDO LIBERAL,-1,#NULO,#NULO,#NULO,160001800890,PARTIDO ISOLADO,PL,PR,09/04/1972,47057590698,2,MASCULINO,8,SUPERIOR COMPLETO,3,CASADO(A),1,BRANCA,131,ADVOGADO,5,SUPLENTE
05/10/2026,10:14:11,2026,2,ELEIÇÃO ORDINÁRIA,1,6259,Eleições Gerais Estaduais 2026,04/10/2026,ESTADUAL,PR,PR,PARANÁ,6,DEPUTADO FEDERAL,160002547591,2277,TITO LIVIO BARICHELLO,DELEGADO TITO XERIFÃO,#NULO,60501014934,NÃO DIVULGÁVEL,-3,#NE,PARTIDO ISOLADO,22,PL,PARTIDO LIBERAL,-1,#NULO,#NULO,#NULO,160001800890,PARTIDO ISOLADO,PL,SC,02/01/1966,28007490922,2,MASCULINO,8,SUPERIOR COMPLETO,3,CASADO(A),1,BRANCA,232,POLICIAL CIVIL,5,SUPLENTE
05/10/2026,10:14:11,2026,2,ELEIÇÃO ORDINÁRIA,1,6259,Eleições Gerais Estaduais 2026,04/10/2026,ESTADUAL,PR,PR,PARANÁ,6,DEPUTADO FEDERAL,160002547592,2219,RAFAEL DANTAS,RAFAEL DANTAS,#NULO,5625497907,NÃO DIVULGÁVEL,-3,#NE,PARTIDO ISOLADO,22,PL,PARTIDO LIBERAL,-1,#NULO,#NULO,#NULO,160001800890,PARTIDO ISOLADO,PL,SP,12/02/1987,86097390639,2,MASCULINO,8,SUPERIOR COMPLETO,1,SOLTEIRO(A),1,BRANCA,257,EMPRESÁRIO,5,SUPLENTE
05/10/2026,10:14:11,2026,2,ELEIÇÃO ORDINÁRIA,1,6259,Eleições Gerais Estaduais 2026,04/10/2026,ESTADUAL,PR,PR,PARANÁ,6,DEPUTADO FEDERAL,160002547593,2202,RICARDO ARRUDA NUNES,RICARDO ARRUDA,#NULO,3549541805,NÃO DIVULGÁVEL,-3,#NE,PARTIDO ISOLADO,22,PL,PARTIDO LIBERAL,-1,#NULO,#NULO,#NULO,160001800890,PARTIDO ISOLADO,PL,SP,24/04/1962,95589550141,2,MASCULINO,8,SUPERIOR COMPLETO,3,CASADO(A),1,BRANCA,257,EMPRESÁRIO,3,ELEITO POR MÉDIA
05/10/2026,10:14:11,2026,2,ELEIÇÃO ORDINÁRIA,1,6259,Eleições Gerais Estaduais 2026,04/10/2026,ESTADUAL,PR,PR,PARANÁ,6,DEPUTADO FEDERAL,160002547706,1810,LUCIANA DA SILVA TEIXEIRA,JORNALISTA LUCIANA SILVA,#NULO,6909544927,NÃO DIVULGÁVEL,-3,#NE,FEDERAÇÃO,18,REDE,REDE SUSTENTABILIDADE,102,FEDERAÇÃO PSOL REDE,50-PSOL/18-REDE,50-PSOL/18-REDE,160001800898,FEDERAÇÃO,FEDERAÇÃO PSOL REDE (50-PSOL / 18-REDE),PR,14/09/1985,88173800612,4,FEMININO,6,ENSINO MÉDIO COMPLETO,1,SOLTEIRO(A),2,PRETA,999,OUTROS,4,NÃO ELEITO
05/10/2026,10:14:11,2026,2,ELEIÇÃO ORDINÁRIA,1,6259,Eleições Gerais Estaduais 2026,04/10/2026,ESTADUAL,PR,PR,PARANÁ,6,DEPUTADO FEDERAL,160002547707,1890,JURANDIR MANOEL DOS SANTOS,PASTOR JURANDIR,#NULO,56815085953,NÃO DIVULGÁVEL,-3,#NE,FEDERAÇÃO,18,REDE,REDE SUSTENTABILIDADE,102,FEDERAÇÃO PSOL REDE,50-PSOL/18-REDE,50-PSOL/18-REDE,160001800898,FEDERAÇÃO,FEDERAÇÃO PSOL REDE (50-PSOL / 18-REDE),PR,15/11/1966,10585630604,2,MASCULINO,4,ENSINO FUNDAMENTAL COMPLETO,9,DIVORCIADO(A),2,PRETA,999,OUTROS,4,NÃO ELEITO
05/10/2026,10:14:11,2026,2,ELEIÇÃO ORDINÁRIA,1,6259,Eleições Gerais Estaduais 2026,04/10/2026,ESTADUAL,PR,PR,PARANÁ,6,DEPUTADO FEDERAL,160002547708,5060,FREDERICO SIMONI DA SILVA,FRED SIMONI,#NULO,92486568972,NÃO DIVULGÁVEL,-3,#NE,FEDERAÇÃO,50,PSOL,PARTIDO SOCIALISMO E LIBERDADE,102,FEDERAÇÃO PSOL REDE,50-PSOL/18-REDE,50-PSOL/18-REDE,160001800898,FEDERAÇÃO,FEDERAÇÃO PSOL REDE (50-PSOL / 18-REDE),PR,27/08/1976,65150430604,2,MASCULINO,8,SUPERIOR COMPLETO,3,CASADO(A),1,BRANCA,125,ADMINISTRADOR,4,NÃO ELEITO
05/10/2026,10:14:11,2026,2,ELEIÇÃO ORDINÁRIA,1,6259,Eleições Gerais Estaduais 2026,04/10/2026,ESTADUAL,PR,PR,PARANÁ,6,DEPUTADO FEDERAL,160002547709,5013,LUCI ERIETE BARBOSA DOS SANTOS SOCOLOSKI,LUCI SOCOLOSKI,#NULO,47073268972,NÃO DIVULGÁVEL,-3,#NE,FEDERAÇÃO,50,PSOL,PARTIDO SOCIALISMO E LIBERDADE,102,FEDERAÇÃO PSOL REDE,50-PSOL/18-REDE,50-PSOL/18-REDE,160001800898,FEDERAÇÃO,FEDERAÇÃO PSOL REDE (50-PSOL / 18-REDE),PR,06/07/1964,31847820604,4,FEMININO,8,SUPERIOR COMPLETO,3,CASADO(A),1,BRANCA,297,SERVIDOR PÚBLICO ESTADUAL,-1,#NULO
05/10/2026,10:14:11,2026,2,ELEIÇÃO ORDINÁRIA,1,6259,Eleições Gerais Estaduais 2026,04/10/2026,ESTADUAL,PR,PR,PARANÁ,6,DEPUTADO FEDERAL,160002547710,1813,IZAC LIMA ARAUJO,IZAC ARAÚJO O HOMEM DO CHICOTE,#NULO,363253920,NÃO DIVULGÁVEL,-3,#NE,FEDERAÇÃO,18,REDE,REDE SUSTENTABILIDADE,102,FEDERAÇÃO PSOL REDE,50-PSOL/18-REDE,50-PSOL/18-REDE,160001800898,FEDERAÇÃO,FEDERAÇÃO PSOL REDE (50-PSOL / 18-REDE),PR,12/09/1976,120303360612,2,MASCULINO,7,SUPERIOR INCOMPLETO,3,CASADO(A),1,BRANCA,411,VENDEDOR DE COMÉRCIO VAREJISTA E ATACADISTA,4,NÃO ELEITO
05/10/2026,10:14:11,2026,2,ELEIÇÃO ORDINÁRIA,1,6259,Eleições Gerais Estaduais 2026,04/10/2026,ESTADUAL,PR,PR,PARANÁ,6,DEPUTADO FEDERAL,160002547711,5007,GLACEU ROBERTO MARTINS DE ALMEIDA,BETS MARTINS,#NULO,2676985930,NÃO DIVULGÁVEL,-3,#NE,FEDERAÇÃO,50,PSOL,PARTIDO SOCIALISMO E LIBERDADE,102,FEDERAÇÃO PSOL REDE,50-PSOL/18-REDE,50-PSOL/18-REDE,160001800898,FEDERAÇÃO,FEDERAÇÃO PSOL REDE (50-PSOL / 18-REDE),PR,02/01/1979,68537010680,2,MASCULINO,7,SUPERIOR INCOMPLETO,1,SOLTEIRO(A),1,BRANCA,297,SERVIDOR PÚBLICO ESTADUAL,4,NÃO ELEITO
05/10/2026,10:14:11,2026,2,ELEIÇÃO ORDINÁRIA,1,6259,Eleições Gerais Estaduais 2026,04/10/2026,ESTADUAL,PR,PR,PARANÁ,6,DEPUTADO FEDERAL,160002547712,1819,VANICE PEDROSO DE LIMA,VANICE LIMA,#NULO,60586001972,NÃO DIVULGÁVEL,-3,#NE,FEDERAÇÃO,18,REDE,REDE SUSTENTABILIDADE,102,FEDERAÇÃO PSOL REDE,50-PSOL/18-REDE,50-PSOL/18-REDE,160001800898,FEDERAÇÃO,FEDERAÇÃO PSOL REDE (50-PSOL / 18-REDE),PR,25/07/1964,11116960604,4,FEMININO,6,ENSINO MÉDIO COMPLETO,9,DIVORCIADO(A),2,PRETA,169,COMERCIANTE,4,NÃO ELEITO
05/10/2026,10:14:11,2026,2,ELEIÇÃO ORDINÁRIA,1,6259,Eleições Gerais Estaduais 2026,04/10/2026,ESTADUAL,PR,PR,PARANÁ,6,DEPUTADO FEDERAL,160002547713,5055,ROBERTO APARECIDO BRAGA,BRAGA,#NULO,90869346920,NÃO DIVULGÁVEL,-3,#NE,FEDERAÇÃO,50,PSOL,PARTIDO SOCIALISMO E LIBERDADE,102,FEDERAÇÃO PSOL REDE,50-PSOL/18-REDE,50-PSOL/18-REDE,160001800898,FEDERAÇÃO,FEDERAÇÃO PSOL REDE (50-PSOL / 18-REDE),PR,29/10/1972,57568960604,2,MASCULINO,6,ENSINO MÉDIO COMPLETO,1,SOLTEIRO(A),3,PARDA,166,LOCUTOR E COMENTARISTA DE RÁDIO E TELEVISÃO E RADIALISTA,4,NÃO ELEITO
05/10/2026,10:14:11,2026,2,ELEIÇÃO ORDINÁRIA,1,6259,Eleições Gerais Estaduais 2026,04/10/2026,ESTADUAL,PR,PR,PARANÁ,6,DEPUTADO FEDERAL,160002547714,5077,AROLDO GONCALVES DOS SANTOS,AROLDO SANTOS,#NULO,2690740907,NÃO DIVULGÁVEL,-3,#NE,FEDERAÇÃO,50,PSOL,PARTIDO SOCIALISMO E LIBERDADE,102,FEDERAÇÃO PSOL REDE,50-PSOL/18-REDE,50-PSOL/18-REDE,160001800898,FEDERAÇÃO,FEDERAÇÃO PSOL REDE (50-PSOL / 18-REDE),PR,27/01/1977,64039630639,2,MASCULINO,7,SUPERIOR INCOMPLETO,1,SOLTEIRO(A),3,PARDA,910,SACERDOTE OU MEMBRO DE ORDEM OU SEITA RELIGIOSA,4,NÃO ELEITO
05/10/2026,10:14:11,2026,2,ELEIÇÃO ORDINÁRIA,1,6259,Eleições Gerais Estaduais 2026,04/10/2026,ESTADUAL,PR,PR,PARANÁ,6,DEPUTADO FEDERAL,160002547715,1822,MAYCON ANDRE ROBERTO DE ANDRADE,MAYCON ROBERTO,#NULO,8779798985,NÃO DIVULGÁVEL,-3,#NE,FEDERAÇÃO,18,REDE,REDE SUSTENTABILIDADE,102,FEDERAÇÃO PSOL REDE,50-PSOL/18-REDE,50-PSOL/18-REDE,160001800898,FEDERAÇÃO,FEDERAÇÃO PSOL REDE (50-PSOL / 18-REDE),PR,02/10/1996,106588500680,2,MASCULINO,6,ENSINO MÉDIO COMPLETO,1,SOLTEIRO(A),3,PARDA,931,"ESTUDANTE, BOLSISTA, ESTAGIÁRIO E ASSEMELHADOS",4,NÃO ELEITO
05/10/2026,10:14:11,2026,2,ELEIÇÃO ORDINÁRIA,1,6259,Eleições Gerais Estaduais 2026,04/10/2026,ESTADUAL,PR,PR,PARANÁ,6,DEPUTADO FEDERAL,160002547716,5022,ANTONIO GERALDO KILIM,JORNALISTA TONY KILIM,#NULO,3586229992,NÃO DIVULGÁVEL,-3,#NE,FEDERAÇÃO,50,PSOL,PARTIDO SOCIALISMO E LIBERDADE,102,FEDERAÇÃO PSOL REDE,50-PSOL/18-REDE,50-PSOL/18-REDE,160001800898,FEDERAÇÃO,FEDERAÇÃO PSOL REDE (50-PSOL / 18-REDE),PR,24/07/1981,70115650663,2,MASCULINO,6,ENSINO MÉDIO COMPLETO,1,SOLTEIRO(A),3,PARDA,171,JORNALISTA E REDATOR,4,NÃO ELEITO
05/10/2026,10:14:11,2026,2,ELEIÇÃO ORDINÁRIA,1,6259,Eleições Gerais Estaduais 2026,04/10/2026,ESTADUAL,PR,PR,PARANÁ,6,DEPUTADO FEDERAL,160002547717,5005,ALANA CAROLINE LANDAL,ALANA LANDAL,#NULO,5066057951,NÃO DIVULGÁVEL,-3,#NE,FEDERAÇÃO,50,PSOL,PARTIDO SOCIALISMO E LIBERDADE,102,FEDERAÇÃO PSOL REDE,50-PSOL/18-REDE,50-PSOL/18-REDE,160001800898,FEDERAÇÃO,FEDERAÇÃO PSOL REDE (50-PSOL / 18-REDE),PR,21/08/1989,92167160604,4,FEMININO,8,SUPERIOR COMPLETO,1,SOLTEIRO(A),1,BRANCA,114,FISIOTERAPEUTA E TERAPEUTA OCUPACIONAL,4,NÃO ELEITO
05/10/2026,10:14:11,2026,2,ELEIÇÃO ORDINÁRIA,1,6259,Eleições Gerais Estaduais 2026,04/10/2026,ESTADUAL,PR,PR,PARANÁ,6,DEPUTADO FEDERAL,160002547718,5015,BERNNA WANESSA SILVA,BERNNA WANESSA,BERNNA WANESSA SILVA,83885153904,NÃO DIVULGÁVEL,-3,#NE,FEDERAÇÃO,50,PSOL,PARTIDO SOCIALISMO E LIBERDADE,102,FEDERAÇÃO PSOL REDE,50-PSOL/18-REDE,50-PSOL/18-REDE,160001800898,FEDERAÇÃO,FEDERAÇÃO PSOL REDE (50-PSOL / 18-REDE),PR,10/02/1967,3785430620,4,FEMININO,7,SUPERIOR INCOMPLETO,1,SOLTEIRO(A),1,BRANCA,512,CABELEIREIRO E BARBEIRO,4,NÃO ELEITO
05/10/2026,10:14:11,2026,2,ELEIÇÃO ORDINÁRIA,1,6259,Eleições Gerais Estaduais 2026,04/10/2026,ESTADUAL,PR,PR,PARANÁ,6,DEPUTADO FEDERAL,160002547719,5046,MARIA INEZ GOMES,INEZ,#NULO,36438030953,NÃO DIVULGÁVEL,-3,#NE,FEDERAÇÃO,50,PSOL,PARTIDO SOCIALISMO E LIBERDADE,102,FEDERAÇÃO PSOL REDE,50-PSOL/18-REDE,50-PSOL/18-REDE,160001800898,FEDERAÇÃO,FEDERAÇÃO PSOL REDE (50-PSOL / 18-REDE),MG,27/05/1959,32394670655,4,FEMININO,8,SUPERIOR COMPLETO,9,DIVORCIADO(A),2,PRETA,133,SOCIÓLOGO,-1,#NULO
05/10/2026,10:14:11,2026,2,ELEIÇÃO ORDINÁRIA,1,6259,Eleições Gerais Estaduais 2026,04/10/2026,ESTADUAL,PR,PR,PARANÁ,6,DEPUTADO FEDERAL,160002547720,5050,LEANDRO SANTOS DIAS,LEANDRO DIAS,#NULO,35869943892,NÃO DIVULGÁVEL,-3,#NE,FEDERAÇÃO,50,PSOL,PARTIDO SOCIALISMO E LIBERDADE,102,FEDERAÇÃO PSOL REDE,50-PSOL/18-REDE,50-PSOL/18-REDE,160001800898,FEDERAÇÃO,FEDERAÇÃO PSOL REDE (50-PSOL / 18-REDE),SP,09/03/1987,336152540108,2,MASCULINO,8,SUPERIOR COMPLETO,3,CASADO(A),3,PARDA,131,ADVOGADO,4,NÃO ELEITO
05/10/2026,10:14:11,2026,2,ELEIÇÃO ORDINÁRIA,1,6259,Eleições Gerais Estaduais 2026,04/10/2026,ESTADUAL,PR,PR,PARANÁ,6,DEPUTADO FEDERAL,160002547721,5047,SÉRGIO OSANY GARCIA VIEIRA,DR. SÉRGIO DA SAÚDE,#NULO,88554856015,NÃO DIVULGÁVEL,-3,#NE,FEDERAÇÃO,50,PSOL,PARTIDO SOCIALISMO E LIBERDADE,102,FEDERAÇÃO PSOL REDE,50-PSOL/18-REDE,50-PSOL/18-REDE,160001800898,FEDERAÇÃO,FEDERAÇÃO PSOL REDE (50-PSOL / 18-REDE),RS,19/01/1970,52192460469,2,MASCULINO,8,SUPERIOR COMPLETO,7,SEPARADO(A) JUDICIALMENTE,1,BRANCA,111,MÉDICO,4,NÃO ELEITO
05/10/2026,10:14:11,2026,2,ELEIÇÃO ORDINÁRIA,1,6259,Eleições Gerais Estaduais 2026,04/10/2026,ESTADUAL,PR,PR,PARANÁ,6,DEPUTADO FEDERAL,160002547722,5044,JOAO HENRIQUE DA SILVA,PROF. JOÃO HENRIQUE,#NULO,33342914807,NÃO DIVULGÁVEL,-3,#NE,FEDERAÇÃO,50,PSOL,PARTIDO SOCIALISMO E LIBERDADE,102,FEDERAÇÃO PSOL REDE,50-PSOL/18-REDE,50-PSOL/18-REDE,160001800898,FEDERAÇÃO,FEDERAÇÃO PSOL REDE (50-PSOL / 18-REDE),SP,24/04/1986,340500160167,2,MASCULINO,8,SUPERIOR COMPLETO,1,SOLTEIRO(A),3,PARDA,266,PROFESSOR DE ENSINO MÉDIO,4,NÃO ELEITO
05/10/2026,10:14:11,2026,2,ELEIÇÃO ORDINÁRIA,1,6259,Eleições Gerais Estaduais 2026,04/10/2026,ESTADUAL,PR,PR,PARANÁ,6,DEPUTADO FEDERAL,160002547723,5010,ETIENE DA SILVA,ETIENE DA SILVA,#NULO,6441778963,NÃO DIVULGÁVEL,-3,#NE,FEDERAÇÃO,50,PSOL,PARTIDO SOCIALISMO E LIBERDADE,102,FEDERAÇÃO PSOL REDE,50-PSOL/18-REDE,50-PSOL/18-REDE,160001800898,FEDERAÇÃO,FEDERAÇÃO PSOL REDE (50-PSOL / 18-REDE),PR,02/08/1982,70458110612,4,FEMININO,3,ENSINO FUNDAMENTAL INCOMPLETO,5,VIÚVO(A),2,PRETA,581,DONA DE CASA,-1,#NULO
05/10/2026,10:14:11,2026,2,ELEIÇÃO ORDINÁRIA,1,6259,Eleições Gerais Estaduais 2026,04/10/2026,ESTADUAL,PR,PR,PARANÁ,6,DEPUTADO FEDERAL,160002547724,5000,JOSE JUVANCI DA SILVA,JUVANCI,#NULO,67373313868,NÃO DIVULGÁVEL,-3,#NE,FEDERAÇÃO,50,PSOL,PARTIDO SOCIALISMO E LIBERDADE,102,FEDERAÇÃO PSOL REDE,50-PSOL/18-REDE,50-PSOL/18-REDE,160001800898,FEDERAÇÃO,FEDERAÇÃO PSOL REDE (50-PSOL / 18-REDE),PE,06/03/1953,2313640620,2,MASCULINO,8,SUPERIOR COMPLETO,3,CASADO(A),3,PARDA,257,EMPRESÁRIO,4,NÃO ELEITO
05/10/2026,10:14:11,2026,2,ELEIÇÃO ORDINÁRIA,1,6259,Eleições Gerais Estaduais 2026,04/10/2026,ESTADUAL,PR,PR,PARANÁ,6,DEPUTADO FEDERAL,160002547725,1800,MARCOS ANTONIO DE OLIVEIRA SOUZA,MARCO ZERO,#NULO,44773773987,NÃO DIVULGÁVEL,-3,#NE,FEDERAÇÃO,18,REDE,REDE SUSTENTABILIDADE,102,FEDERAÇÃO PSOL REDE,50-PSOL/18-REDE,50-PSOL/18-REDE,160001800898,FEDERAÇÃO,FEDERAÇÃO PSOL REDE (50-PSOL / 18-REDE),SP,10/06/1962,4341100647,2,MASCULINO,8,SUPERIOR COMPLETO,1,SOLTEIRO(A),3,PARDA,172,PUBLICITÁRIO,4,NÃO ELEITO
05/10/2026,10:14:11,2026,2,ELEIÇÃO ORDINÁRIA,1,6259,Eleições Gerais Estaduais 2026,04/10/2026,ESTADUAL,PR,PR,PARANÁ,6,DEPUTADO FEDERAL,160002549521,2311,SAMUEL RIBAS DE ABREU,SAMUEL RIBAS,#NULO,5623625924,NÃO DIVULGÁVEL,-3,#NE,FEDERAÇÃO,23,CIDADANIA,CIDADANIA,100,FEDERAÇÃO PSDB CIDADANIA,45-PSDB/23-CIDADANIA,45-PSDB/23-CIDADANIA,160001801050,FEDERAÇÃO,FEDERAÇÃO PSDB CIDADANIA (45-PSDB / 23-CIDADANIA),PR,01/08/1987,87057150680,2,MASCULINO,8,SUPERIOR COMPLETO,3,CASADO(A),1,BRANCA,131,ADVOGADO,4,NÃO ELEITO
05/10/2026,10:14:11,2026,2,ELEIÇÃO ORDINÁRIA,1,6259,Eleições Gerais Estaduais 2026,04/10/2026,ESTADUAL,PR,PR,PARANÁ,6,DEPUTADO FEDERAL,160002549522,4501,AUGUSTO MOZART ANTONICHEN PINHEIRO CRUZ,PROFESSOR MOZART,#NULO,8157620970,NÃO DIVULGÁVEL,-3,#NE,FEDERAÇÃO,45,PSDB,PARTIDO DA SOCIAL DEMOCRACIA BRASILEIRA,100,FEDERAÇÃO PSDB CIDADANIA,45-PSDB/23-CIDADANIA,45-PSDB/23-CIDADANIA,160001801050,FEDERAÇÃO,FEDERAÇÃO PSDB CIDADANIA (45-PSDB / 23-CIDADANIA),PR,13/06/1992,97495720671,2,MASCULINO,8,SUPERIOR COMPLETO,3,CASADO(A),1,BRANCA,266,PROFESSOR DE ENSINO MÉDIO,4,NÃO ELEITO
05/10/2026,10:14:11,2026,2,ELEIÇÃO ORDINÁRIA,1,6259,Eleições Gerais Estaduais 2026,04/10/2026,ESTADUAL,PR,PR,PARANÁ,6,DEPUTADO FEDERAL,160002549523,2303,MARINELLA FAVERO CEREIA,MARI CEREIA,#NULO,72933771934,NÃO DIVULGÁVEL,-3,#NE,FEDERAÇÃO,23,CIDADANIA,CIDADANIA,100,FEDERAÇÃO PSDB CIDADANIA,45-PSDB/23-CIDADANIA,45-PSDB/23-CIDADANIA,160001801050,FEDERAÇÃO,FEDERAÇÃO PSDB CIDADANIA (45-PSDB / 23-CIDADANIA),SC,23/02/1963,37683860612,4,FEMININO,8,SUPERIOR COMPLETO,3,CASADO(A),1,BRANCA,581,DONA DE CASA,4,NÃO ELEITO
05/10/2026,10:14:11,2026,2,ELEIÇÃO ORDINÁRIA,1,6259,Eleições Gerais Estaduais 2026,04/10/2026,ESTADUAL,PR,PR,PARANÁ,6,DEPUTADO FEDERAL,160002549524,2323,SIDNEI DE SOUZA JARDIM,SIDNEI JARDIM,#NULO,51790807972,NÃO DIVULGÁVEL,-3,#NE,FEDERAÇÃO,23,CIDADANIA,CIDADANIA,100,FEDERAÇÃO PSDB CIDADANIA,45-PSDB/23-CIDADANIA,45-PSDB/23-CIDADANIA,160001801050,FEDERAÇÃO,FEDERAÇÃO PSDB CIDADANIA (45-PSDB / 23-CIDADANIA),PR,15/04/1968,11246900612,2,MASCULINO,8,SUPERIOR COMPLETO,3,CASADO(A),3,PARDA,131,ADVOGADO,4,NÃO ELEITO
05/10/2026,10:14:11,2026,2,ELEIÇÃO ORDINÁRIA,1,6259,Eleições Gerais Estaduais 2026,04/10/2026,ESTADUAL,PR,PR,PARANÁ,6,DEPUTADO FEDERAL,160002549525,4515,MARCUS ANTONIO ELIAS ROQUE,MARQUINHOS ROQUE,#NULO,70715823949,NÃO DIVULGÁVEL,-3,#NE,FEDERAÇÃO,45,PSDB,PARTIDO DA SOCIAL DEMOCRACIA BRASILEIRA,100,FEDERAÇÃO PSDB CIDADANIA,45-PSDB/23-CIDADANIA,45-PSDB/23-CIDADANIA,160001801050,FEDERAÇÃO,FEDERAÇÃO PSDB CIDADANIA (45-PSDB / 23-CIDADANIA),PR,04/09/1968,46664800671,2,MASCULINO,8,SUPERIOR COMPLETO,3,CASADO(A),1,BRANCA,999,OUTROS,4,NÃO ELEITO
05/10/2026,10:14:11,2026,2,ELEIÇÃO ORDINÁRIA,1,6259,Eleições Gerais Estaduais 2026,04/10/2026,ESTADUAL,PR,PR,PARANÁ,6,DEPUTADO FEDERAL,160002549526,4544,JOAO CLAUDIO DEROSSO,DEROSSO,#NULO,31779590997,NÃO DIVULGÁVEL,-3,#NE,FEDERAÇÃO,45,PSDB,PARTIDO DA SOCIAL DEMOCRACIA BRASILEIRA,100,FEDERAÇÃO PSDB CIDADANIA,45-PSDB/23-CIDADANIA,45-PSDB/23-CIDADANIA,160001801050,FEDERAÇÃO,FEDERAÇÃO PSDB CIDADANIA (45-PSDB / 23-CIDADANIA),PR,15/04/1957,31750020680,2,MASCULINO,7,SUPERIOR INCOMPLETO,9,DIVORCIADO(A),1,BRANCA,923,APOSENTADO (EXCETO SERVIDOR PÚBLICO),4,NÃO ELEITO
05/10/2026,10:14:11,2026,2,ELEIÇÃO ORDINÁRIA,1,6259,Eleições Gerais Estaduais 2026,04/10/2026,ESTADUAL,PR,PR,PARANÁ,6,DEPUTADO FEDERAL,160002549527,4525,CLAUDIMIRO DA SILVA LEITE JUNIOR,JUNIOR DA SAÚDE,#NULO,85270997991,NÃO DIVULGÁVEL,-3,#NE,FEDERAÇÃO,45,PSDB,PARTIDO DA SOCIAL DEMOCRACIA BRASILEIRA,100,FEDERAÇÃO PSDB CIDADANIA,45-PSDB/23-CIDADANIA,45-PSDB/23-CIDADANIA,160001801050,FEDERAÇÃO,FEDERAÇÃO PSDB CIDADANIA (45-PSDB / 23-CIDADANIA),PR,10/04/1975,57282390604,2,MASCULINO,8,SUPERIOR COMPLETO,3,CASADO(A),1,BRANCA,113,ENFERMEIRO,4,NÃO ELEITO
05/10/2026,10:14:11,2026,2,ELEIÇÃO ORDINÁRIA,1,6259,Eleições Gerais Estaduais 2026,04/10/2026,ESTADUAL,PR,PR,PARANÁ,6,DEPUTADO FEDERAL,160002549528,4567,IZAIAS SALUSTIANO,IZAIAS SALUSTIANO,#NULO,51433486920,NÃO DIVULGÁVEL,-3,#NE,FEDERAÇÃO,45,PSDB,PARTIDO DA SOCIAL DEMOCRACIA BRASILEIRA,100,FEDERAÇÃO PSDB CIDADANIA,45-PSDB/23-CIDADANIA,45-PSDB/23-CIDADANIA,160001801050,FEDERAÇÃO,FEDERAÇÃO PSDB CIDADANIA (45-PSDB / 23-CIDADANIA),PR,08/10/1966,38037440604,2,MASCULINO,8,SUPERIOR COMPLETO,9,DIVORCIADO(A),1,BRANCA,131,ADVOGADO,4,NÃO ELEITO
05/10/2026,10:14:11,2026,2,ELEIÇÃO ORDINÁRIA,1,6259,Eleições Gerais Estaduais 2026,04/10/2026,ESTADUAL,PR,PR,PARANÁ,6,DEPUTADO FEDERAL,160002549529,4566,EDISON DO NASCIMENTO,EDISON NASCIMENTO,#NULO,789728923,NÃO DIVULGÁVEL,-3,#NE,FEDERAÇÃO,45,PSDB,PARTIDO DA SOCIAL DEMOCRACIA BRASILEIRA,100,FEDERAÇÃO PSDB CIDADANIA,45-PSDB/23-CIDADANIA,45-PSDB/23-CIDADANIA,160001801050,FEDERAÇÃO,FEDERAÇÃO PSDB CIDADANIA (45-PSDB / 23-CIDADANIA),PR,26/09/1983,67547880655,2,MASCULINO,8,SUPERIOR COMPLETO,1,SOLTEIRO(A),1,BRANCA,101,ENGENHEIRO,4,NÃO ELEITO
05/10/2026,10:14:11,2026,2,ELEIÇÃO ORDINÁRIA,1,6259,Eleições Gerais Estaduais 2026,04/10/2026,ESTADUAL,PR,PR,PARANÁ,6,DEPUTADO FEDERAL,160002549530,4500,TULIO MARCELO DENIG BANDEIRA,TULIO BANDEIRA,#NULO,71762035987,NÃO DIVULGÁVEL,-3,#NE,FEDERAÇÃO,45,PSDB,PARTIDO DA SOCIAL DEMOCRACIA BRASILEIRA,100,FEDERAÇÃO PSDB CIDADANIA,45-PSDB/23-CIDADANIA,45-PSDB/23-CIDADANIA,160001801050,FEDERAÇÃO,FEDERAÇÃO PSDB CIDADANIA (45-PSDB / 23-CIDADANIA),PR,01/03/1973,52781100604,2,MASCULINO,8,SUPERIOR COMPLETO,3,CASADO(A),1,BRANCA,131,ADVOGADO,4,NÃO ELEITO
05/10/2026,10:14:11,2026,2,ELEIÇÃO ORDINÁRIA,1,6259,Eleições Gerais Estaduais 2026,04/10/2026,ESTADUAL,PR,PR,PARANÁ,6,DEPUTADO FEDERAL,160002549531,4522,LEANDRO DA SILVA PINTO,LEANDRO PINTO,#NULO,8562384909,NÃO DIVULGÁVEL,-3,#NE,FEDERAÇÃO,45,PSDB,PARTIDO DA SOCIAL DEMOCRACIA BRASILEIRA,100,FEDERAÇÃO PSDB CIDADANIA,45-PSDB/23-CIDADANIA,45-PSDB/23-CIDADANIA,160001801050,FEDERAÇÃO,FEDERAÇÃO PSDB CIDADANIA (45-PSDB / 23-CIDADANIA),PR,05/02/1993,101943680671,2,MASCULINO,4,ENSINO FUNDAMENTAL COMPLETO,3,CASADO(A),3,PARDA,257,EMPRESÁRIO,4,NÃO ELEITO
05/10/2026,10:14:11,2026,2,ELEIÇÃO ORDINÁRIA,1,6259,Eleições Gerais Estaduais 2026,04/10/2026,ESTADUAL,PR,PR,PARANÁ,6,DEPUTADO FEDERAL,160002549532,4512,CELSO VARIANI FERRI,CELSO VARIANI FERRI,#NULO,24304115987,NÃO DIVULGÁVEL,-3,#NE,FEDERAÇÃO,45,PSDB,PARTIDO DA SOCIAL DEMOCRACIA BRASILEIRA,100,FEDERAÇÃO PSDB CIDADANIA,45-PSDB/23-CIDADANIA,45-PSDB/23-CIDADANIA,160001801050,FEDERAÇÃO,FEDERAÇÃO PSDB CIDADANIA (45-PSDB / 23-CIDADANIA),PR,16/12/1957,33540920663,2,MASCULINO,7,SUPERIOR INCOMPLETO,3,CASADO(A),1,BRANCA,403,"CORRETOR DE IMÓVEIS, SEGUROS, TÍTULOS E VALORES",4,NÃO ELEITO
05/10/2026,10:14:11,2026,2,ELEIÇÃO ORDINÁRIA,1,6259,Eleições Gerais Estaduais 2026,04/10/2026,ESTADUAL,PR,PR,PARANÁ,6,DEPUTADO FEDERAL,160002549533,4545,CARLOS ALBERTO RICHA,BETO RICHA,#NULO,54191750968,NÃO DIVULGÁVEL,-3,#NE,FEDERAÇÃO,45,PSDB,PARTIDO DA SOCIAL DEMOCRACIA BRASILEIRA,100,FEDERAÇÃO PSDB CIDADANIA,45-PSDB/23-CIDADANIA,45-PSDB/23-CIDADANIA,160001801050,FEDERAÇÃO,FEDERAÇÃO PSDB CIDADANIA (45-PSDB / 23-CIDADANIA),PR,29/07/1965,1884420655,2,MASCULINO,8,SUPERIOR COMPLETO,3,CASADO(A),1,BRANCA,277,DEPUTADO,4,NÃO ELEITO
05/10/2026,10:14:11,2026,2,ELEIÇÃO ORDINÁRIA,1,6259,Eleições Gerais Estaduais 2026,04/10/2026,ESTADUAL,PR,PR,PARANÁ,6,DEPUTADO FEDERAL,160002549534,4560,IVANILDO DA SILVA,DR. IVAN SARGGES,#NULO,50647466953,NÃO DIVULGÁVEL,-3,#NE,FEDERAÇÃO,45,PSDB,PARTIDO DA SOCIAL DEMOCRACIA BRASILEIRA,100,FEDERAÇÃO PSDB CIDADANIA,45-PSDB/23-CIDADANIA,45-PSDB/23-CIDADANIA,160001801050,FEDERAÇÃO,FEDERAÇÃO PSDB CIDADANIA (45-PSDB / 23-CIDADANIA),PR,17/04/1964,10573410604,2,MASCULINO,8,SUPERIOR COMPLETO,1,SOLTEIRO(A),1,BRANCA,131,ADVOGADO,-1,#NULO
05/10/2026,10:14:11,2026,2,ELEIÇÃO ORDINÁRIA,1,6259,Eleições Gerais Estaduais 2026,04/10/2026,ESTADUAL,PR,PR,PARANÁ,6,DEPUTADO FEDERAL,160002549535,4588,JOSIANNE D AGOSTINI,YA JOSIANNE D AGOSTINI,#NULO,3168803960,NÃO DIVULGÁVEL,-3,#NE,FEDERAÇÃO,45,PSDB,PARTIDO DA SOCIAL DEMOCRACIA BRASILEIRA,100,FEDERAÇÃO PSDB CIDADANIA,45-PSDB/23-CIDADANIA,45-PSDB/23-CIDADANIA,160001801050,FEDERAÇÃO,FEDERAÇÃO PSDB CIDADANIA (45-PSDB / 23-CIDADANIA),PR,10/07/1964,76374310698,4,FEMININO,7,SUPERIOR INCOMPLETO,9,DIVORCIADO(A),2,PRETA,999,OUTROS,4,NÃO ELEITO
05/10/2026,10:14:11,2026,2,ELEIÇÃO ORDINÁRIA,1,6259,Eleições Gerais Estaduais 2026,04/10/2026,ESTADUAL,PR,PR,PARANÁ,6,DEPUTADO FEDERAL,160002549536,4554,JULIANA RIBEIRO BARROS HONORATO,JULIANA BARROS,#NULO,6172700901,NÃO DIVULGÁVEL,-3,#NE,FEDERAÇÃO,45,PSDB,PARTIDO DA SOCIAL DEMOCRACIA BRASILEIRA,100,FEDERAÇÃO PSDB CIDADANIA,45-PSDB/23-CIDADANIA,45-PSDB/23-CIDADANIA,160001801050,FEDERAÇÃO,FEDERAÇÃO PSDB CIDADANIA (45-PSDB / 23-CIDADANIA),PR,03/03/1988,90993170698,4,FEMININO,8,SUPERIOR COMPLETO,9,DIVORCIADO(A),3,PARDA,999,OUTROS,4,NÃO ELEITO
05/10/2026,10:14:11,2026,2,ELEIÇÃO ORDINÁRIA,1,6259,Eleições Gerais Estaduais 2026,04/10/2026,ESTADUAL,PR,PR,PARANÁ,6,DEPUTADO FEDERAL,160002549537,2369,CARLOS ROBERTO DE MORAES,CARLOS MORAES,#NULO,41350278904,NÃO DIVULGÁVEL,-3,#NE,FEDERAÇÃO,23,CIDADANIA,CIDADANIA,100,FEDERAÇÃO PSDB CIDADANIA,45-PSDB/23-CIDADANIA,45-PSDB/23-CIDADANIA,160001801050,FEDERAÇÃO,FEDERAÇÃO PSDB CIDADANIA (45-PSDB / 23-CIDADANIA),PR,11/09/1959,63646040680,2,MASCULINO,8,SUPERIOR COMPLETO,1,SOLTEIRO(A),1,BRANCA,171,JORNALISTA E REDATOR,4,NÃO ELEITO
05/10/2026,10:14:11,2026,2,ELEIÇÃO ORDINÁRIA,1,6259,Eleições Gerais Estaduais 2026,04/10/2026,ESTADUAL,PR,PR,PARANÁ,6,DEPUTADO FEDERAL,160002549538,2333,JOAO HENRIQUE MATOS CARRARA,JOÃO CARRARA,#NULO,14554377946,NÃO DIVULGÁVEL,-3,#NE,FEDERAÇÃO,23,CIDADANIA,CIDADANIA,100,FEDERAÇÃO PSDB CIDADANIA,45-PSDB/23-CIDADANIA,45-PSDB/23-CIDADANIA,160001801050,FEDERAÇÃO,FEDERAÇÃO PSDB CIDADANIA (45-PSDB / 23-CIDADANIA),PR,10/05/2003,117947610604,2,MASCULINO,7,SUPERIOR INCOMPLETO,1,SOLTEIRO(A),1,BRANCA,257,EMPRESÁRIO,4,NÃO ELEITO
05/10/2026,10:14:11,2026,2,ELEIÇÃO ORDINÁRIA,1,6259,Eleições Gerais Estaduais 2026,04/10/2026,ESTADUAL,PR,PR,PARANÁ,6,DEPUTADO FEDERAL,160002549539,2345,CECILIA TEIXEIRA,CECÍLIA DO POVO,#NULO,4682910914,NÃO DIVULGÁVEL,-3,#NE,FEDERAÇÃO,23,CIDADANIA,CIDADANIA,100,FEDERAÇÃO PSDB CIDADANIA,45-PSDB/23-CIDADANIA,45-PSDB/23-CIDADANIA,160001801050,FEDERAÇÃO,FEDERAÇÃO PSDB CIDADANIA (45-PSDB / 23-CIDADANIA),PR,01/08/1976,63142430604,4,FEMININO,7,SUPERIOR INCOMPLETO,5,VIÚVO(A),3,PARDA,292,AGENTE ADMINISTRATIVO,4,NÃO ELEITO
05/10/2026,10:14:11,2026,2,ELEIÇÃO ORDINÁRIA,1,6259,Eleições Gerais Estaduais 2026,04/10/2026,ESTADUAL,PR,PR,PARANÁ,6,DEPUTADO FEDERAL,160002549540,2343,MATEUS CORDEIRO MALUF,MATEUS MALUF,#NULO,8698450989,NÃO DIVULGÁVEL,-3,#NE,FEDERAÇÃO,23,CIDADANIA,CIDADANIA,100,FEDERAÇÃO PSDB CIDADANIA,45-PSDB/23-CIDADANIA,45-PSDB/23-CIDADANIA,160001801050,FEDERAÇÃO,FEDERAÇÃO PSDB CIDADANIA (45-PSDB / 23-CIDADANIA),PR,07/04/1993,100786120604,2,MASCULINO,8,SUPERIOR COMPLETO,1,SOLTEIRO(A),1,BRANCA,172,PUBLICITÁRIO,4,NÃO ELEITO
05/10/2026,10:14:11,2026,2,ELEIÇÃO ORDINÁRIA,1,6259,Eleições Gerais Estaduais 2026,04/10/2026,ESTADUAL,PR,PR,PARANÁ,6,DEPUTADO FEDERAL,160002549541,2399,THAIS TAKAHASHI,THAIS TAKAHASHI,#NULO,3247480943,NÃO DIVULGÁVEL,-3,#NE,FEDERAÇÃO,23,CIDADANIA,CIDADANIA,100,FEDERAÇÃO PSDB CIDADANIA,45-PSDB/23-CIDADANIA,45-PSDB/23-CIDADANIA,160001801050,FEDERAÇÃO,FEDERAÇÃO PSDB CIDADANIA (45-PSDB / 23-CIDADANIA),PR,18/11/1978,66755840604,4,FEMININO,8,SUPERIOR COMPLETO,9,DIVORCIADO(A),1,BRANCA,131,ADVOGADO,4,NÃO ELEITO
05/10/2026,10:14:11,2026,2,ELEIÇÃO ORDINÁRIA,1,6259,Eleições Gerais Estaduais 2026,04/10/2026,ESTADUAL,PR,PR,PARANÁ,6,DEPUTADO FEDERAL,160002549542,4505,MARJORIE LOUISE FERREIRA DE SOUZA,MARJORIE FERREIRA,#NULO,7843022945,NÃO DIVULGÁVEL,-3,#NE,FEDERAÇÃO,45,PSDB,PARTIDO DA SOCIAL DEMOCRACIA BRASILEIRA,100,FEDERAÇÃO PSDB CIDADANIA,45-PSDB/23-CIDADANIA,45-PSDB/23-CIDADANIA,160001801050,FEDERAÇÃO,FEDERAÇÃO PSDB CIDADANIA (45-PSDB / 23-CIDADANIA),PR,14/12/1994,103692430663,4,FEMININO,8,SUPERIOR COMPLETO,3,CASADO(A),1,BRANCA,131,ADVOGADO,4,NÃO ELEITO
05/10/2026,10:14:11,2026,2,ELEIÇÃO ORDINÁRIA,1,6259,Eleições Gerais Estaduais 2026,04/10/2026,ESTADUAL,PR,PR,PARANÁ,6,DEPUTADO FEDERAL,160002549543,4510,BRUNA SALLES ESMANHOTO,BRUNA ESMANHOTO,#NULO,4861693918,NÃO DIVULGÁVEL,-3,#NE,FEDERAÇÃO,45,PSDB,PARTIDO DA SOCIAL DEMOCRACIA BRASILEIRA,100,FEDERAÇÃO PSDB CIDADANIA,45-PSDB/23-CIDADANIA,45-PSDB/23-CIDADANIA,160001801050,FEDERAÇÃO,FEDERAÇÃO PSDB CIDADANIA (45-PSDB / 23-CIDADANIA),PR,18/03/1983,76859550604,4,FEMININO,8,SUPERIOR COMPLETO,9,DIVORCIADO(A),1,BRANCA,171,JORNALISTA E REDATOR,4,NÃO ELEITO
05/10/2026,10:14:11,2026,2,ELEIÇÃO ORDINÁRIA,1,6259,Eleições Gerais Estaduais 2026,04/10/2026,ESTADUAL,PR,PR,PARANÁ,6,DEPUTADO FEDERAL,160002549544,4533,DEBORAH REGINA VERGES TOZETTO,DEBORAH TOZETTO,#NULO,8641035907,NÃO DIVULGÁVEL,-3,#NE,FEDERAÇÃO,45,PSDB,PARTIDO DA SOCIAL DEMOCRACIA BRASILEIRA,100,FEDERAÇÃO PSDB CIDADANIA,45-PSDB/23-CIDADANIA,45-PSDB/23-CIDADANIA,160001801050,FEDERAÇÃO,FEDERAÇÃO PSDB CIDADANIA (45-PSDB / 23-CIDADANIA),PR,14/04/1998,108776910639,4,FEMININO,8,SUPERIOR COMPLETO,1,SOLTEIRO(A),1,BRANCA,999,OUTROS,4,NÃO ELEITO
05/10/2026,10:14:11,2026,2,ELEIÇÃO ORDINÁRIA,1,6259,Eleições Gerais Estaduais 2026,04/10/2026,ESTADUAL,PR,PR,PARANÁ,6,DEPUTADO FEDERAL,160002549545,4578,ANDREIA GRUTDNER,DRA ANDRÉIA GRUTDNER,#NULO,397879903,NÃO DIVULGÁVEL,-3,#NE,FEDERAÇÃO,45,PSDB,PARTIDO DA SOCIAL DEMOCRACIA BRASILEIRA,100,FEDERAÇÃO PSDB CIDADANIA,45-PSDB/23-CIDADANIA,45-PSDB/23-CIDADANIA,160001801050,FEDERAÇÃO,FEDERAÇÃO PSDB CIDADANIA (45-PSDB / 23-CIDADANIA),PR,15/04/1975,58800100671,4,FEMININO,8,SUPERIOR COMPLETO,9,DIVORCIADO(A),3,PARDA,131,ADVOGADO,4,NÃO ELEITO
05/10/2026,10:14:11,2026,2,ELEIÇÃO ORDINÁRIA,1,6259,Eleições Gerais Estaduais 2026,04/10/2026,ESTADUAL,PR,PR,PARANÁ,6,DEPUTADO FEDERAL,160002549546,2300,RENATA EITELWEIN BUENO,RENATA BUENO,#NULO,2681798914,NÃO DIVULGÁVEL,-3,#NE,FEDERAÇÃO,23,CIDADANIA,CIDADANIA,100,FEDERAÇÃO PSDB CIDADANIA,45-PSDB/23-CIDADANIA,45-PSDB/23-CIDADANIA,160001801050,FEDERAÇÃO,FEDERAÇÃO PSDB CIDADANIA (45-PSDB / 23-CIDADANIA),DF,10/11/1979,67664430612,4,FEMININO,8,SUPERIOR COMPLETO,3,CASADO(A),1,BRANCA,131,ADVOGADO,4,NÃO ELEITO
05/10/2026,10:14:11,2026,2,ELEIÇÃO ORDINÁRIA,1,6259,Eleições Gerais Estaduais 2026,04/10/2026,ESTADUAL,PR,PR,PARANÁ,6,DEPUTADO FEDERAL,160002549547,4540,ADILSON DE JESUS CINTRA,ADILSON DO BAR RESTAURANTE,#NULO,88445119915,NÃO DIVULGÁVEL,-3,#NE,FEDERAÇÃO,45,PSDB,PARTIDO DA SOCIAL DEMOCRACIA BRASILEIRA,100,FEDERAÇÃO PSDB CIDADANIA,45-PSDB/23-CIDADANIA,45-PSDB/23-CIDADANIA,160001801050,FEDERAÇÃO,FEDERAÇÃO PSDB CIDADANIA (45-PSDB / 23-CIDADANIA),PR,25/12/1972,54754220647,2,MASCULINO,6,ENSINO MÉDIO COMPLETO,3,CASADO(A),1,BRANCA,169,COMERCIANTE,4,NÃO ELEITO
05/10/2026,10:14:11,2026,2,ELEIÇÃO ORDINÁRIA,1,6259,Eleições Gerais Estaduais 2026,04/10/2026,ESTADUAL,PR,PR,PARANÁ,6,DEPUTADO FEDERAL,160002549548,2301,LUIS EDUARDO DE SOUZA LELIS,LUIS LELIS,#NULO,8387056936,NÃO DIVULGÁVEL,-3,#NE,FEDERAÇÃO,23,CIDADANIA,CIDADANIA,100,FEDERAÇÃO PSDB CIDADANIA,45-PSDB/23-CIDADANIA,45-PSDB/23-CIDADANIA,160001801050,FEDERAÇÃO,FEDERAÇÃO PSDB CIDADANIA (45-PSDB / 23-CIDADANIA),PA,08/10/1992,103115800639,2,MASCULINO,7,SUPERIOR INCOMPLETO,1,SOLTEIRO(A),2,PRETA,999,OUTROS,4,NÃO ELEITO
05/10/2026,10:14:11,2026,2,ELEIÇÃO ORDINÁRIA,1,6259,Eleições Gerais Estaduais 2026,04/10/2026,ESTADUAL,PR,PR,PARANÁ,6,DEPUTADO FEDERAL,160002549549,4555,FRANCISCO LACERDA BRASILEIRO,CHICO BRASILEIRO,#NULO,53736656491,NÃO DIVULGÁVEL,-3,#NE,FEDERAÇÃO,45,PSDB,PARTIDO DA SOCIAL DEMOCRACIA BRASILEIRA,100,FEDERAÇÃO PSDB CIDADANIA,45-PSDB/23-CIDADANIA,45-PSDB/23-CIDADANIA,160001801050,FEDERAÇÃO,FEDERAÇÃO PSDB CIDADANIA (45-PSDB / 23-CIDADANIA),PB,07/10/1965,59503120620,2,MASCULINO,8,SUPERIOR COMPLETO,3,CASADO(A),1,BRANCA,115,ODONTÓLOGO,4,NÃO ELEITO
05/10/2026,10:14:11,2026,2,ELEIÇÃO ORDINÁRIA,1,6259,Eleições Gerais Estaduais 2026,04/10/2026,ESTADUAL,PR,PR,PARANÁ,6,DEPUTADO FEDERAL,160002549550,4518,HENRIQUE DIAS DE CARVALHO,HENRIQUE DIAS HD,#NULO,31680528840,NÃO DIVULGÁVEL,-3,#NE,FEDERAÇÃO,45,PSDB,PARTIDO DA SOCIAL DEMOCRACIA BRASILEIRA,100,FEDERAÇÃO PSDB CIDADANIA,45-PSDB/23-CIDADANIA,45-PSDB/23-CIDADANIA,160001801050,FEDERAÇÃO,FEDERAÇÃO PSDB CIDADANIA (45-PSDB / 23-CIDADANIA),SP,23/05/1984,86607750680,2,MASCULINO,5,ENSINO MÉDIO INCOMPLETO,9,DIVORCIADO(A),1,BRANCA,168,ATLETA PROFISSIONAL E TÉCNICO EM DESPORTOS,4,NÃO ELEITO
05/10/2026,10:14:11,2026,2,ELEIÇÃO ORDINÁRIA,1,6259,Eleições Gerais Estaduais 2026,04/10/2026,ESTADUAL,PR,PR,PARANÁ,6,DEPUTADO FEDERAL,160002549551,2322,EVANDRO ROGERIO ROMAN,EVANDRO ROMAN,#NULO,86979728920,NÃO DIVULGÁVEL,-3,#NE,FEDERAÇÃO,23,CIDADANIA,CIDADANIA,100,FEDERAÇÃO PSDB CIDADANIA,45-PSDB/23-CIDADANIA,45-PSDB/23-CIDADANIA,160001801050,FEDERAÇÃO,FEDERAÇÃO PSDB CIDADANIA (45-PSDB / 23-CIDADANIA),RS,03/03/1973,53178930698,2,MASCULINO,8,SUPERIOR COMPLETO,3,CASADO(A),1,BRANCA,257,EMPRESÁRIO,4,NÃO ELEITO
05/10/2026,10:14:11,2026,2,ELEIÇÃO ORDINÁRIA,1,6259,Eleições Gerais Estaduais 2026,04/10/2026,ESTADUAL,PR,PR,PARANÁ,6,DEPUTADO FEDERAL,160002550999,8080,GIOVANNY DE OLIVEIRA GODOI,GIOVANNY GODOI,#NULO,10998813907,NÃO DIVULGÁVEL,-3,#NE,PARTIDO ISOLADO,80,UP,UNIDADE POPULAR,-1,#NULO,#NULO,#NULO,160001801144,PARTIDO ISOLADO,UP,PR,20/03/2000,115588860680,2,MASCULINO,6,ENSINO MÉDIO COMPLETO,1,SOLTEIRO(A),1,BRANCA,221,MOTOBOY,4,NÃO ELEITO
05/10/2026,10:14:11,2026,2,ELEIÇÃO ORDINÁRIA,1,6259,Eleições Gerais Estaduais 2026,04/10/2026,ESTADUAL,PR,PR,PARANÁ,6,DEPUTADO FEDERAL,160002551000,8000,JULIA DE SOUZA MARINHO,JULIA MARINHO,#NULO,11069559946,NÃO DIVULGÁVEL,-3,#NE,PARTIDO ISOLADO,80,UP,UNIDADE POPULAR,-1,#NULO,#NULO,#NULO,160001801144,PARTIDO ISOLADO,UP,PR,30/11/2003,124970830647,4,FEMININO,8,SUPERIOR COMPLETO,1,SOLTEIRO(A),2,PRETA,132,PSICÓLOGO,4,NÃO ELEITO
05/10/2026,10:14:11,2026,2,ELEIÇÃO ORDINÁRIA,1,6259,Eleições Gerais Estaduais 2026,04/10/2026,ESTADUAL,PR,PR,PARANÁ,6,DEPUTADO FEDERAL,160002551012,1401,YVIS EVELYNN DE JESUS DE OLIVEIRA,DRA. YVIS,#NULO,2736967348,NÃO DIVULGÁVEL,-3,#NE,PARTIDO ISOLADO,14,MISSÃO,PARTIDO MISSÃO,-1,#NULO,#NULO,#NULO,160001801167,PARTIDO ISOLADO,MISSÃO,MA,03/11/1988,62042271104,4,FEMININO,8,SUPERIOR COMPLETO,1,SOLTEIRO(A),3,PARDA,111,MÉDICO,4,NÃO ELEITO
05/10/2026,10:14:11,2026,2,ELEIÇÃO ORDINÁRIA,1,6259,Eleições Gerais Estaduais 2026,04/10/2026,ESTADUAL,PR,PR,PARANÁ,6,DEPUTADO FEDERAL,160002551013,1406,MARIANNY THAYLA CARVALHO GUEDES,MARI GUEDES PCD,#NULO,14570122,NÃO DIVULGÁVEL,-3,#NE,PARTIDO ISOLADO,14,MISSÃO,PARTIDO MISSÃO,-1,#NULO,#NULO,#NULO,160001801167,PARTIDO ISOLADO,MISSÃO,DF,13/05/1998,25784272070,4,FEMININO,8,SUPERIOR COMPLETO,1,SOLTEIRO(A),1,BRANCA,999,OUTROS,4,NÃO ELEITO
05/10/2026,10:14:11,2026,2,ELEIÇÃO ORDINÁRIA,1,6259,Eleições Gerais Estaduais 2026,04/10/2026,ESTADUAL,PR,PR,PARANÁ,6,DEPUTADO FEDERAL,160002551014,1450,ANDRÉ LUIZ RIBEIRO DA SILVA,ANDRÉ RIBEIRO,#NULO,30147082838,NÃO DIVULGÁVEL,-3,#NE,PARTIDO ISOLADO,14,MISSÃO,PARTIDO MISSÃO,-1,#NULO,#NULO,#NULO,160001801167,PARTIDO ISOLADO,MISSÃO,GO,16/01/1982,286738660108,2,MASCULINO,8,SUPERIOR COMPLETO,3,CASADO(A),1,BRANCA,257,EMPRESÁRIO,4,NÃO ELEITO
05/10/2026,10:14:11,2026,2,ELEIÇÃO ORDINÁRIA,1,6259,Eleições Gerais Estaduais 2026,04/10/2026,ESTADUAL,PR,PR,PARANÁ,6,DEPUTADO FEDERAL,160002551015,1426,JÉSSICA THIS MACHADO,PROF. THIS,#NULO,9855707923,NÃO DIVULGÁVEL,-3,#NE,PARTIDO ISOLADO,14,MISSÃO,PARTIDO MISSÃO,-1,#NULO,#NULO,#NULO,160001801167,PARTIDO ISOLADO,MISSÃO,PR,18/11/1995,112211830663,4,FEMININO,8,SUPERIOR COMPLETO,3,CASADO(A),1,BRANCA,230,PEDAGOGO,4,NÃO ELEITO
05/10/2026,10:14:11,2026,2,ELEIÇÃO ORDINÁRIA,1,6259,Eleições Gerais Estaduais 2026,04/10/2026,ESTADUAL,PR,PR,PARANÁ,6,DEPUTADO FEDERAL,160002551016,1446,MAURÍCIO MATHEUS FRANCISCON,MAURÍCIO FRANCISCON,#NULO,12311862910,NÃO DIVULGÁVEL,-3,#NE,PARTIDO ISOLADO,14,MISSÃO,PARTIDO MISSÃO,-1,#NULO,#NULO,#NULO,160001801167,PARTIDO ISOLADO,MISSÃO,PR,03/05/2001,116429790680,2,MASCULINO,6,ENSINO MÉDIO COMPLETO,1,SOLTEIRO(A),1,BRANCA,602,PECUARISTA,4,NÃO ELEITO
05/10/2026,10:14:11,2026,2,ELEIÇÃO ORDINÁRIA,1,6259,Eleições Gerais Estaduais 2026,04/10/2026,ESTADUAL,PR,PR,PARANÁ,6,DEPUTADO FEDERAL,160002551017,1499,GLAUBERSON ROCHA,GLAUBERSON ROCHA,#NULO,876379951,NÃO DIVULGÁVEL,-3,#NE,PARTIDO ISOLADO,14,MISSÃO,PARTIDO MISSÃO,-1,#NULO,#NULO,#NULO,160001801167,PARTIDO ISOLADO,MISSÃO,PR,22/03/1984,78976410639,2,MASCULINO,8,SUPERIOR COMPLETO,7,SEPARADO(A) JUDICIALMENTE,1,BRANCA,125,ADMINISTRADOR,4,NÃO ELEITO
05/10/2026,10:14:11,2026,2,ELEIÇÃO ORDINÁRIA,1,6259,Eleições Gerais Estaduais 2026,04/10/2026,ESTADUAL,PR,PR,PARANÁ,6,DEPUTADO FEDERAL,160002551018,1420,FELIPE GÂMBARO PEREIRA,FELIPE GAMBARO,#NULO,7002212982,NÃO DIVULGÁVEL,-3,#NE,PARTIDO ISOLADO,14,MISSÃO,PARTIDO MISSÃO,-1,#NULO,#NULO,#NULO,160001801167,PARTIDO ISOLADO,MISSÃO,PR,30/06/1994,99499850612,2,MASCULINO,8,SUPERIOR COMPLETO,1,SOLTEIRO(A),1,BRANCA,402,"VENDEDOR PRACISTA, REPRESENTANTE, CAIXEIRO-VIAJANTE E ASSEMELHADOS",4,NÃO ELEITO
05/10/2026,10:14:11,2026,2,ELEIÇÃO ORDINÁRIA,1,6259,Eleições Gerais Estaduais 2026,04/10/2026,ESTADUAL,PR,PR,PARANÁ,6,DEPUTADO FEDERAL,160002551019,1430,MARIA APARECIDA BARRETO,MARY BARRETO,#NULO,47935979987,NÃO DIVULGÁVEL,-3,#NE,PARTIDO ISOLADO,14,MISSÃO,PARTIDO MISSÃO,-1,#NULO,#NULO,#NULO,160001801167,PARTIDO ISOLADO,MISSÃO,PR,26/11/1963,30461980671,4,FEMININO,6,ENSINO MÉDIO COMPLETO,1,SOLTEIRO(A),2,PRETA,292,AGENTE ADMINISTRATIVO,4,NÃO ELEITO
05/10/2026,10:14:11,2026,2,ELEIÇÃO ORDINÁRIA,1,6259,Eleições Gerais Estaduais 2026,04/10/2026,ESTADUAL,PR,PR,PARANÁ,6,DEPUTADO FEDERAL,160002551020,1422,FERNANDO GARBATCHEVSKI,FERNANDO GARBATCHEVSKI,#NULO,7542538993,NÃO DIVULGÁVEL,-3,#NE,PARTIDO ISOLADO,14,MISSÃO,PARTIDO MISSÃO,-1,#NULO,#NULO,#NULO,160001801167,PARTIDO ISOLADO,MISSÃO,PR,04/03/1999,114218220663,2,MASCULINO,6,ENSINO MÉDIO COMPLETO,1,SOLTEIRO(A),1,BRANCA,221,MOTOBOY,4,NÃO ELEITO
05/10/2026,10:14:11,2026,2,ELEIÇÃO ORDINÁRIA,1,6259,Eleições Gerais Estaduais 2026,04/10/2026,ESTADUAL,PR,PR,PARANÁ,6,DEPUTADO FEDERAL,160002551021,1411,CARLOS EDUARDO DE OLIVEIRA GASPARIN,CARLOS GASPARIN,#NULO,9578300921,NÃO DIVULGÁVEL,-3,#NE,PARTIDO ISOLADO,14,MISSÃO,PARTIDO MISSÃO,-1,#NULO,#NULO,#NULO,160001801167,PARTIDO ISOLADO,MISSÃO,PR,03/07/1996,108537300671,2,MASCULINO,8,SUPERIOR COMPLETO,9,DIVORCIADO(A),1,BRANCA,131,ADVOGADO,4,NÃO ELEITO
05/10/2026,10:14:11,2026,2,ELEIÇÃO ORDINÁRIA,1,6259,Eleições Gerais Estaduais 2026,04/10/2026,ESTADUAL,PR,PR,PARANÁ,6,DEPUTADO FEDERAL,160002551022,1443,MATHEUS SANTOS MOREIRA,MATHEUS MOREIRA,#NULO,5087230946,NÃO DIVULGÁVEL,-3,#NE,PARTIDO ISOLADO,14,MISSÃO,PARTIDO MISSÃO,-1,#NULO,#NULO,#NULO,160001801167,PARTIDO ISOLADO,MISSÃO,PR,16/04/1995,104963270612,2,MASCULINO,8,SUPERIOR COMPLETO,1,SOLTEIRO(A),1,BRANCA,296,SERVIDOR PÚBLICO FEDERAL,4,NÃO ELEITO
05/10/2026,10:14:11,2026,2,ELEIÇÃO ORDINÁRIA,1,6259,Eleições Gerais Estaduais 2026,04/10/2026,ESTADUAL,PR,PR,PARANÁ,6,DEPUTADO FEDERAL,160002551023,1410,JOSÉ MATHEUS DAMASCENO MACHADO ZOZOLOTO DARIVA,MATHEUS ZOZOLOTO,#NULO,12444958918,NÃO DIVULGÁVEL,-3,#NE,PARTIDO ISOLADO,14,MISSÃO,PARTIDO MISSÃO,-1,#NULO,#NULO,#NULO,160001801167,PARTIDO ISOLADO,MISSÃO,PR,02/03/2002,115462940655,2,MASCULINO,7,SUPERIOR INCOMPLETO,1,SOLTEIRO(A),1,BRANCA,298,SERVIDOR PÚBLICO MUNICIPAL,4,NÃO ELEITO
05/10/2026,10:14:11,2026,2,ELEIÇÃO ORDINÁRIA,1,6259,Eleições Gerais Estaduais 2026,04/10/2026,ESTADUAL,PR,PR,PARANÁ,6,DEPUTADO FEDERAL,160002551024,1444,DARLON ALEXANDRE DUTRA MARTINS,DARLON PARANÁ POP,#NULO,4844779940,NÃO DIVULGÁVEL,-3,#NE,PARTIDO ISOLADO,14,MISSÃO,PARTIDO MISSÃO,-1,#NULO,#NULO,#NULO,160001801167,PARTIDO ISOLADO,MISSÃO,PR,31/01/1985,80360470655,2,MASCULINO,7,SUPERIOR INCOMPLETO,3,CASADO(A),1,BRANCA,257,EMPRESÁRIO,4,NÃO ELEITO
05/10/2026,10:14:11,2026,2,ELEIÇÃO ORDINÁRIA,1,6259,Eleições Gerais Estaduais 2026,04/10/2026,ESTADUAL,PR,PR,PARANÁ,6,DEPUTADO FEDERAL,160002551025,1445,RICARDO ANDRE SCHIRMANN PEREIRA,RICARDO CASCAVEL MAIS SEGURA,#NULO,5968222948,NÃO DIVULGÁVEL,-3,#NE,PARTIDO ISOLADO,14,MISSÃO,PARTIDO MISSÃO,-1,#NULO,#NULO,#NULO,160001801167,PARTIDO ISOLADO,MISSÃO,PR,11/08/1986,87427980620,2,MASCULINO,7,SUPERIOR INCOMPLETO,1,SOLTEIRO(A),1,BRANCA,403,"CORRETOR DE IMÓVEIS, SEGUROS, TÍTULOS E VALORES",4,NÃO ELEITO
05/10/2026,10:14:11,2026,2,ELEIÇÃO ORDINÁRIA,1,6259,Eleições Gerais Estaduais 2026,04/10/2026,ESTADUAL,PR,PR,PARANÁ,6,DEPUTADO FEDERAL,160002551026,1419,ANITA DE BIASI,ANITA DE BIASI,#NULO,4624502957,NÃO DIVULGÁVEL,-3,#NE,PARTIDO ISOLADO,14,MISSÃO,PARTIDO MISSÃO,-1,#NULO,#NULO,#NULO,160001801167,PARTIDO ISOLADO,MISSÃO,PR,21/09/1987,92260630620,4,FEMININO,8,SUPERIOR COMPLETO,3,CASADO(A),1,BRANCA,190,FOTÓGRAFO E ASSEMELHADOS,4,NÃO ELEITO
05/10/2026,10:14:11,2026,2,ELEIÇÃO ORDINÁRIA,1,6259,Eleições Gerais Estaduais 2026,04/10/2026,ESTADUAL,PR,PR,PARANÁ,6,DEPUTADO FEDERAL,160002551027,1442,GUILHERME AUGUSTO DE SOUZA MACHADO,DR. GUILHERME MACHADO,#NULO,8570530943,NÃO DIVULGÁVEL,-3,#NE,PARTIDO ISOLADO,14,MISSÃO,PARTIDO MISSÃO,-1,#NULO,#NULO,#NULO,160001801167,PARTIDO ISOLADO,MISSÃO,PR,08/10/1991,88540020620,2,MASCULINO,8,SUPERIOR COMPLETO,3,CASADO(A),1,BRANCA,111,MÉDICO,4,NÃO ELEITO
05/10/2026,10:14:11,2026,2,ELEIÇÃO ORDINÁRIA,1,6259,Eleições Gerais Estaduais 2026,04/10/2026,ESTADUAL,PR,PR,PARANÁ,6,DEPUTADO FEDERAL,160002551028,1404,ALAN DE SOUZA LEAL,ALAN LEAL,#NULO,9668345932,NÃO DIVULGÁVEL,-3,#NE,PARTIDO ISOLADO,14,MISSÃO,PARTIDO MISSÃO,-1,#NULO,#NULO,#NULO,160001801167,PARTIDO ISOLADO,MISSÃO,PR,22/06/1997,108365940680,2,MASCULINO,6,ENSINO MÉDIO COMPLETO,1,SOLTEIRO(A),1,BRANCA,532,MOTORISTA DE VEÍCULOS DE TRANSPORTE DE CARGA,4,NÃO ELEITO
05/10/2026,10:14:11,2026,2,ELEIÇÃO ORDINÁRIA,1,6259,Eleições Gerais Estaduais 2026,04/10/2026,ESTADUAL,PR,PR,PARANÁ,6,DEPUTADO FEDERAL,160002551029,1415,EDUARDO KRUGER COSTA,DELEGADO EDUARDO KRUGER,#NULO,3719866998,NÃO DIVULGÁVEL,-3,#NE,PARTIDO ISOLADO,14,MISSÃO,PARTIDO MISSÃO,-1,#NULO,#NULO,#NULO,160001801167,PARTIDO ISOLADO,MISSÃO,PR,16/12/1983,79090590612,2,MASCULINO,8,SUPERIOR COMPLETO,3,CASADO(A),1,BRANCA,232,POLICIAL CIVIL,4,NÃO ELEITO
05/10/2026,10:14:11,2026,2,ELEIÇÃO ORDINÁRIA,1,6259,Eleições Gerais Estaduais 2026,04/10/2026,ESTADUAL,PR,PR,PARANÁ,6,DEPUTADO FEDERAL,160002551030,1439,ANA LUCIA DOS SANTOS XAVIER,ANA LÚCIA,#NULO,5317367921,NÃO DIVULGÁVEL,-3,#NE,PARTIDO ISOLADO,14,MISSÃO,PARTIDO MISSÃO,-1,#NULO,#NULO,#NULO,160001801167,PARTIDO ISOLADO,MISSÃO,PR,15/08/1987,85642590620,4,FEMININO,8,SUPERIOR COMPLETO,1,SOLTEIRO(A),1,BRANCA,124,CONTADOR,4,NÃO ELEITO
05/10/2026,10:14:11,2026,2,ELEIÇÃO ORDINÁRIA,1,6259,Eleições Gerais Estaduais 2026,04/10/2026,ESTADUAL,PR,PR,PARANÁ,6,DEPUTADO FEDERAL,160002551031,1457,EMANUELLE SHTORACH BITTENCOURT,MANU SHTORACH,#NULO,12471820964,NÃO DIVULGÁVEL,-3,#NE,PARTIDO ISOLADO,14,MISSÃO,PARTIDO MISSÃO,-1,#NULO,#NULO,#NULO,160001801167,PARTIDO ISOLADO,MISSÃO,PR,11/04/2000,117325320655,4,FEMININO,4,ENSINO FUNDAMENTAL COMPLETO,1,SOLTEIRO(A),1,BRANCA,931,"ESTUDANTE, BOLSISTA, ESTAGIÁRIO E ASSEMELHADOS",4,NÃO ELEITO
05/10/2026,10:14:11,2026,2,ELEIÇÃO ORDINÁRIA,1,6259,Eleições Gerais Estaduais 2026,04/10/2026,ESTADUAL,PR,PR,PARANÁ,6,DEPUTADO FEDERAL,160002551032,1456,GERUSA FRANCIELLI CORREA DA SILVA,GERUSA CORREA,#NULO,4968156952,NÃO DIVULGÁVEL,-3,#NE,PARTIDO ISOLADO,14,MISSÃO,PARTIDO MISSÃO,-1,#NULO,#NULO,#NULO,160001801167,PARTIDO ISOLADO,MISSÃO,PR,02/09/1983,85136180620,4,FEMININO,8,SUPERIOR COMPLETO,3,CASADO(A),2,PRETA,144,DIRETOR DE ESTABELECIMENTO DE ENSINO,4,NÃO ELEITO
05/10/2026,10:14:11,2026,2,ELEIÇÃO ORDINÁRIA,1,6259,Eleições Gerais Estaduais 2026,04/10/2026,ESTADUAL,PR,PR,PARANÁ,6,DEPUTADO FEDERAL,160002551033,1438,ANDERSON LUIZ GUEDES,SOLDADO GUEDES,#NULO,4070710914,NÃO DIVULGÁVEL,-3,#NE,PARTIDO ISOLADO,14,MISSÃO,PARTIDO MISSÃO,-1,#NULO,#NULO,#NULO,160001801167,PARTIDO ISOLADO,MISSÃO,PR,19/11/1983,79413850647,2,MASCULINO,6,ENSINO MÉDIO COMPLETO,3,CASADO(A),3,PARDA,233,POLICIAL MILITAR,4,NÃO ELEITO
05/10/2026,10:14:11,2026,2,ELEIÇÃO ORDINÁRIA,1,6259,Eleições Gerais Estaduais 2026,04/10/2026,ESTADUAL,PR,PR,PARANÁ,6,DEPUTADO FEDERAL,160002551034,1477,ISAAK JOEL PEREIRA ALMEIDA,JORNALISTA ISAAK ALMEIDA,#NULO,8759524960,NÃO DIVULGÁVEL,-3,#NE,PARTIDO ISOLADO,14,MISSÃO,PARTIDO MISSÃO,-1,#NULO,#NULO,#NULO,160001801167,PARTIDO ISOLADO,MISSÃO,PR,16/05/1993,100183470663,2,MASCULINO,8,SUPERIOR COMPLETO,3,CASADO(A),1,BRANCA,171,JORNALISTA E REDATOR,4,NÃO ELEITO
05/10/2026,10:14:11,2026,2,ELEIÇÃO ORDINÁRIA,1,6259,Eleições Gerais Estaduais 2026,04/10/2026,ESTADUAL,PR,PR,PARANÁ,6,DEPUTADO FEDERAL,160002551035,1489,VICTOR HUGO MOREIRA,VICTOR MOREIRA,#NULO,8747064919,NÃO DIVULGÁVEL,-3,#NE,PARTIDO ISOLADO,14,MISSÃO,PARTIDO MISSÃO,-1,#NULO,#NULO,#NULO,160001801167,PARTIDO ISOLADO,MISSÃO,PR,20/12/1993,101016750612,2,MASCULINO,6,ENSINO MÉDIO COMPLETO,1,SOLTEIRO(A),3,PARDA,411,VENDEDOR DE COMÉRCIO VAREJISTA E ATACADISTA,4,NÃO ELEITO
05/10/2026,10:14:11,2026,2,ELEIÇÃO ORDINÁRIA,1,6259,Eleições Gerais Estaduais 2026,04/10/2026,ESTADUAL,PR,PR,PARANÁ,6,DEPUTADO FEDERAL,160002551036,1400,GABRIEL JULIANO BERTOLUCCI RODRIGUES,GABRIEL BERTOLUCCI,#NULO,10310309646,NÃO DIVULGÁVEL,-3,#NE,PARTIDO ISOLADO,14,MISSÃO,PARTIDO MISSÃO,-1,#NULO,#NULO,#NULO,160001801167,PARTIDO ISOLADO,MISSÃO,MG,12/06/2003,457783190124,2,MASCULINO,8,SUPERIOR COMPLETO,1,SOLTEIRO(A),1,BRANCA,121,ECONOMISTA,4,NÃO ELEITO
05/10/2026,10:14:11,2026,2,ELEIÇÃO ORDINÁRIA,1,6259,Eleições Gerais Estaduais 2026,04/10/2026,ESTADUAL,PR,PR,PARANÁ,6,DEPUTADO FEDERAL,160002551037,1412,TAYNA RUTKOWSKI VIEIRA MARTINS,NANÁ VIEIRA,#NULO,4940843912,NÃO DIVULGÁVEL,-3,#NE,PARTIDO ISOLADO,14,MISSÃO,PARTIDO MISSÃO,-1,#NULO,#NULO,#NULO,160001801167,PARTIDO ISOLADO,MISSÃO,PR,16/09/1988,93163460604,4,FEMININO,6,ENSINO MÉDIO COMPLETO,3,CASADO(A),1,BRANCA,193,DECORADOR,4,NÃO ELEITO
05/10/2026,10:14:11,2026,2,ELEIÇÃO ORDINÁRIA,1,6259,Eleições Gerais Estaduais 2026,04/10/2026,ESTADUAL,PR,PR,PARANÁ,6,DEPUTADO FEDERAL,160002551038,1416,ANDREY LUIZ DE MELO OZORIO,ANDREY LUIZ,#NULO,6468932971,NÃO DIVULGÁVEL,-3,#NE,PARTIDO ISOLADO,14,MISSÃO,PARTIDO MISSÃO,-1,#NULO,#NULO,#NULO,160001801167,PARTIDO ISOLADO,MISSÃO,PR,15/01/2000,110363010698,2,MASCULINO,7,SUPERIOR INCOMPLETO,1,SOLTEIRO(A),1,BRANCA,411,VENDEDOR DE COMÉRCIO VAREJISTA E ATACADISTA,4,NÃO ELEITO
05/10/2026,10:14:11,2026,2,ELEIÇÃO ORDINÁRIA,1,6259,Eleições Gerais Estaduais 2026,04/10/2026,ESTADUAL,PR,PR,PARANÁ,6,DEPUTADO FEDERAL,160002551039,1441,YAN PEREIRA GAUDARD,PROF. YAN GAUDARD,#NULO,5773181525,NÃO DIVULGÁVEL,-3,#NE,PARTIDO ISOLADO,14,MISSÃO,PARTIDO MISSÃO,-1,#NULO,#NULO,#NULO,160001801167,PARTIDO ISOLADO,MISSÃO,RJ,08/05/1993,139912470590,2,MASCULINO,8,SUPERIOR COMPLETO,3,CASADO(A),3,PARDA,266,PROFESSOR DE ENSINO MÉDIO,4,NÃO ELEITO
05/10/2026,10:14:11,2026,2,ELEIÇÃO ORDINÁRIA,1,6259,Eleições Gerais Estaduais 2026,04/10/2026,ESTADUAL,PR,PR,PARANÁ,6,DEPUTADO FEDERAL,160002551040,1414,PEDRO AUGUSTO FERREIRA DEIRO,PEDRO DEYROT,#NULO,5284436903,NÃO DIVULGÁVEL,-3,#NE,PARTIDO ISOLADO,14,MISSÃO,PARTIDO MISSÃO,-1,#NULO,#NULO,#NULO,160001801167,PARTIDO ISOLADO,MISSÃO,SP,07/10/1983,86577750612,2,MASCULINO,7,SUPERIOR INCOMPLETO,3,CASADO(A),1,BRANCA,172,PUBLICITÁRIO,4,NÃO ELEITO
05/10/2026,10:14:11,2026,2,ELEIÇÃO ORDINÁRIA,1,6259,Eleições Gerais Estaduais 2026,04/10/2026,ESTADUAL,PR,PR,PARANÁ,6,DEPUTADO FEDERAL,160002551041,1407,MARCELLO INÁCIO DE PAULA,MARCELLO DE PAULA,#NULO,25254436832,NÃO DIVULGÁVEL,-3,#NE,PARTIDO ISOLADO,14,MISSÃO,PARTIDO MISSÃO,-1,#NULO,#NULO,#NULO,160001801167,PARTIDO ISOLADO,MISSÃO,SP,21/02/1978,270682250124,2,MASCULINO,7,SUPERIOR INCOMPLETO,9,DIVORCIADO(A),2,PRETA,999,OUTROS,4,NÃO ELEITO
05/10/2026,10:14:11,2026,2,ELEIÇÃO ORDINÁRIA,1,6259,Eleições Gerais Estaduais 2026,04/10/2026,ESTADUAL,PR,PR,PARANÁ,6,DEPUTADO FEDERAL,160002551042,1497,CAROLINE SANTOS BARBOSA,CAROLINE BARBOSA,#NULO,45628616818,NÃO DIVULGÁVEL,-3,#NE,PARTIDO ISOLADO,14,MISSÃO,PARTIDO MISSÃO,-1,#NULO,#NULO,#NULO,160001801167,PARTIDO ISOLADO,MISSÃO,SP,18/10/1997,439221360167,4,FEMININO,8,SUPERIOR COMPLETO,1,SOLTEIRO(A),1,BRANCA,999,OUTROS,4,NÃO ELEITO
05/10/2026,10:14:11,2026,2,ELEIÇÃO ORDINÁRIA,1,6259,Eleições Gerais Estaduais 2026,04/10/2026,ESTADUAL,PR,PR,PARANÁ,6,DEPUTADO FEDERAL,160002552139,1207,ARI ANTONIO ALVES SOBRINHO,ARI NOMAX,#NULO,62857134991,NÃO DIVULGÁVEL,-3,#NE,PARTIDO ISOLADO,12,PDT,PARTIDO DEMOCRÁTICO TRABALHISTA,-1,#NULO,#NULO,#NULO,160001800597,PARTIDO ISOLADO,PDT,SC,02/10/1965,32000480604,2,MASCULINO,6,ENSINO MÉDIO COMPLETO,9,DIVORCIADO(A),3,PARDA,257,EMPRESÁRIO,4,NÃO ELEITO
05/10/2026,10:14:11,2026,2,ELEIÇÃO ORDINÁRIA,1,6259,Eleições Gerais Estaduais 2026,04/10/2026,ESTADUAL,PR,PR,PARANÁ,6,DEPUTADO FEDERAL,160002552565,2999,ENILCE FERREIRA DE ALMEIDA TEIXEIRA,ENILCE FERREIRA,#NULO,30747104972,NÃO DIVULGÁVEL,-3,#NE,PARTIDO ISOLADO,29,PCO,PARTIDO DA CAUSA OPERÁRIA,-1,#NULO,#NULO,#NULO,160001801326,PARTIDO ISOLADO,PCO,PR,13/12/1958,65819700558,4,FEMININO,6,ENSINO MÉDIO COMPLETO,3,CASADO(A),3,PARDA,999,OUTROS,4,NÃO ELEITO
05/10/2026,10:14:11,2026,2,ELEIÇÃO ORDINÁRIA,1,6259,Eleições Gerais Estaduais 2026,04/10/2026,ESTADUAL,PR,PR,PARANÁ,6,DEPUTADO FEDERAL,160002552566,2929,GABRIEL GONÇALVES ALBERTI,GABRIEL ALBERTI,#NULO,8030848978,NÃO DIVULGÁVEL,-3,#NE,PARTIDO ISOLADO,29,PCO,PARTIDO DA CAUSA OPERÁRIA,-1,#NULO,#NULO,#NULO,160001801326,PARTIDO ISOLADO,PCO,PR,15/04/2003,122841830620,2,MASCULINO,7,SUPERIOR INCOMPLETO,1,SOLTEIRO(A),1,BRANCA,931,"ESTUDANTE, BOLSISTA, ESTAGIÁRIO E ASSEMELHADOS",4,NÃO ELEITO
05/10/2026,10:14:11,2026,2,ELEIÇÃO ORDINÁRIA,1,6259,Eleições Gerais Estaduais 2026,04/10/2026,ESTADUAL,PR,PR,PARANÁ,6,DEPUTADO FEDERAL,160002552570,2098,VICTOR AUGUSTO OLIVEIRA DO NASCIMENTO,VICTOR AUGUSTO,#NULO,7734120938,NÃO DIVULGÁVEL,-3,#NE,PARTIDO ISOLADO,20,PODE,PODEMOS,-1,#NULO,#NULO,#NULO,160001800846,PARTIDO ISOLADO,PODE,PR,14/11/1990,92591380680,2,MASCULINO,6,ENSINO MÉDIO COMPLETO,3,CASADO(A),3,PARDA,164,MÚSICO,5,SUPLENTE
05/10/2026,10:14:11,2026,2,ELEIÇÃO ORDINÁRIA,1,6259,Eleições Gerais Estaduais 2026,04/10/2026,ESTADUAL,PR,PR,PARANÁ,6,DEPUTADO FEDERAL,160002552571,2090,SAYMON VEIGA DA SILVA,SAYMON VEIGA,#NULO,14324926751,NÃO DIVULGÁVEL,-3,#NE,PARTIDO ISOLADO,20,PODE,PODEMOS,-1,#NULO,#NULO,#NULO,160001800846,PARTIDO ISOLADO,PODE,RJ,04/01/1993,148083910396,2,MASCULINO,7,SUPERIOR INCOMPLETO,1,SOLTEIRO(A),1,BRANCA,257,EMPRESÁRIO,5,SUPLENTE
05/10/2026,10:14:11,2026,2,ELEIÇÃO ORDINÁRIA,1,6259,Eleições Gerais Estaduais 2026,04/10/2026,ESTADUAL,PR,PR,PARANÁ,6,DEPUTADO FEDERAL,160002552581,1100,DARWIN TAKAHIRO SHIWAKU,DARWIN,#NULO,76830624991,NÃO DIVULGÁVEL,-3,#NE,FEDERAÇÃO,11,PP,PROGRESSISTAS,104,FEDERAÇÃO UNIÃO PROGRESSISTA,44-UNIÃO/11-PP,44-UNIÃO/11-PP,160001800133,FEDERAÇÃO,FEDERAÇÃO UNIÃO PROGRESSISTA (44-UNIÃO / 11-PP),PR,05/04/1971,51288350647,2,MASCULINO,8,SUPERIOR COMPLETO,3,CASADO(A),4,AMARELA,111,MÉDICO,5,SUPLENTE
05/10/2026,10:14:11,2026,2,ELEIÇÃO ORDINÁRIA,1,6259,Eleições Gerais Estaduais 2026,04/10/2026,ESTADUAL,PR,PR,PARANÁ,6,DEPUTADO FEDERAL,160002552585,1201,GISLAINE GONÇALVES,MÃE GI,#NULO,62189700949,NÃO DIVULGÁVEL,-3,#NE,PARTIDO ISOLADO,12,PDT,PARTIDO DEMOCRÁTICO TRABALHISTA,-1,#NULO,#NULO,#NULO,160001800597,PARTIDO ISOLADO,PDT,PR,11/11/1969,46196110604,4,FEMININO,8,SUPERIOR COMPLETO,3,CASADO(A),3,PARDA,142,PROFESSOR DE ENSINO SUPERIOR,4,NÃO ELEITO
05/10/2026,10:14:11,2026,2,ELEIÇÃO ORDINÁRIA,1,6259,Eleições Gerais Estaduais 2026,04/10/2026,ESTADUAL,PR,PR,PARANÁ,6,DEPUTADO FEDERAL,160002553355,2502,AMANDA CRISTINA FERNANDES,AMANDA FERNANDES,#NULO,8334887914,NÃO DIVULGÁVEL,-3,#NE,FEDERAÇÃO,25,PRD,PARTIDO RENOVACAO DEMOCRATICA,103,FEDERAÇÃO RENOVAÇÃO SOLIDÁRIA,25-PRD/77-SOLIDARIEDADE,25-PRD/77-SOLIDARIEDADE,160001801410,FEDERAÇÃO,FEDERAÇÃO RENOVAÇÃO SOLIDÁRIA (25-PRD / 77-SOLIDARIEDADE),PR,02/12/1989,86067530620,4,FEMININO,6,ENSINO MÉDIO COMPLETO,3,CASADO(A),1,BRANCA,999,OUTROS,4,NÃO ELEITO
05/10/2026,10:14:11,2026,2,ELEIÇÃO ORDINÁRIA,1,6259,Eleições Gerais Estaduais 2026,04/10/2026,ESTADUAL,PR,PR,PARANÁ,6,DEPUTADO FEDERAL,160002553356,2522,RANGEL MENEGUEL ZEVIERZICOSKI,RANGEL,#NULO,6118783993,NÃO DIVULGÁVEL,-3,#NE,FEDERAÇÃO,25,PRD,PARTIDO RENOVACAO DEMOCRATICA,103,FEDERAÇÃO RENOVAÇÃO SOLIDÁRIA,25-PRD/77-SOLIDARIEDADE,25-PRD/77-SOLIDARIEDADE,160001801410,FEDERAÇÃO,FEDERAÇÃO RENOVAÇÃO SOLIDÁRIA (25-PRD / 77-SOLIDARIEDADE),PR,08/09/1985,87841570663,2,MASCULINO,8,SUPERIOR COMPLETO,3,CASADO(A),1,BRANCA,233,POLICIAL MILITAR,4,NÃO ELEITO
05/10/2026,10:14:11,2026,2,ELEIÇÃO ORDINÁRIA,1,6259,Eleições Gerais Estaduais 2026,04/10/2026,ESTADUAL,PR,PR,PARANÁ,6,DEPUTADO FEDERAL,160002553357,7707,ANGELA GARCIA,PROFESSORA ANGELA GARCIA,#NULO,3472706970,NÃO DIVULGÁVEL,-3,#NE,FEDERAÇÃO,77,SOLIDARIEDADE,SOLIDARIEDADE,103,FEDERAÇÃO RENOVAÇÃO SOLIDÁRIA,25-PRD/77-SOLIDARIEDADE,25-PRD/77-SOLIDARIEDADE,160001801410,FEDERAÇÃO,FEDERAÇÃO RENOVAÇÃO SOLIDÁRIA (25-PRD / 77-SOLIDARIEDADE),PR,04/04/1979,69834550655,4,FEMININO,8,SUPERIOR COMPLETO,3,CASADO(A),1,BRANCA,298,SERVIDOR PÚBLICO MUNICIPAL,4,NÃO ELEITO
05/10/2026,10:14:11,2026,2,ELEIÇÃO ORDINÁRIA,1,6259,Eleições Gerais Estaduais 2026,04/10/2026,ESTADUAL,PR,PR,PARANÁ,6,DEPUTADO FEDERAL,160002553358,7733,CLEIR JORGE BRANDAO,CLEIR BRANDÃO,#NULO,5290178902,NÃO DIVULGÁVEL,-3,#NE,FEDERAÇÃO,77,SOLIDARIEDADE,SOLIDARIEDADE,103,FEDERAÇÃO RENOVAÇÃO SOLIDÁRIA,25-PRD/77-SOLIDARIEDADE,25-PRD/77-SOLIDARIEDADE,160001801410,FEDERAÇÃO,FEDERAÇÃO RENOVAÇÃO SOLIDÁRIA (25-PRD / 77-SOLIDARIEDADE),PR,09/12/1983,83009630698,2,MASCULINO,7,SUPERIOR INCOMPLETO,3,CASADO(A),2,PRETA,298,SERVIDOR PÚBLICO MUNICIPAL,4,NÃO ELEITO
05/10/2026,10:14:11,2026,2,ELEIÇÃO ORDINÁRIA,1,6259,Eleições Gerais Estaduais 2026,04/10/2026,ESTADUAL,PR,PR,PARANÁ,6,DEPUTADO FEDERAL,160002553359,2511,JOAO BATISTA PINHEIRO,JOÃO POLICIA,#NULO,17725306897,NÃO DIVULGÁVEL,-3,#NE,FEDERAÇÃO,25,PRD,PARTIDO RENOVACAO DEMOCRATICA,103,FEDERAÇÃO RENOVAÇÃO SOLIDÁRIA,25-PRD/77-SOLIDARIEDADE,25-PRD/77-SOLIDARIEDADE,160001801410,FEDERAÇÃO,FEDERAÇÃO RENOVAÇÃO SOLIDÁRIA (25-PRD / 77-SOLIDARIEDADE),PR,23/06/1972,48732230604,2,MASCULINO,8,SUPERIOR COMPLETO,3,CASADO(A),3,PARDA,233,POLICIAL MILITAR,4,NÃO ELEITO
05/10/2026,10:14:11,2026,2,ELEIÇÃO ORDINÁRIA,1,6259,Eleições Gerais Estaduais 2026,04/10/2026,ESTADUAL,PR,PR,PARANÁ,6,DEPUTADO FEDERAL,160002553360,7704,ELIZANGELA DE FATIMA RAMOS,LIZA RAMOS,#NULO,3921881986,NÃO DIVULGÁVEL,-3,#NE,FEDERAÇÃO,77,SOLIDARIEDADE,SOLIDARIEDADE,103,FEDERAÇÃO RENOVAÇÃO SOLIDÁRIA,25-PRD/77-SOLIDARIEDADE,25-PRD/77-SOLIDARIEDADE,160001801410,FEDERAÇÃO,FEDERAÇÃO RENOVAÇÃO SOLIDÁRIA (25-PRD / 77-SOLIDARIEDADE),PR,04/03/1982,72978920698,4,FEMININO,7,SUPERIOR INCOMPLETO,1,SOLTEIRO(A),1,BRANCA,257,EMPRESÁRIO,4,NÃO ELEITO
05/10/2026,10:14:11,2026,2,ELEIÇÃO ORDINÁRIA,1,6259,Eleições Gerais Estaduais 2026,04/10/2026,ESTADUAL,PR,PR,PARANÁ,6,DEPUTADO FEDERAL,160002553361,7708,MARCOS ROBERTO DE LIMA,MARCÃO DO POVO,#NULO,74549715987,NÃO DIVULGÁVEL,-3,#NE,FEDERAÇÃO,77,SOLIDARIEDADE,SOLIDARIEDADE,103,FEDERAÇÃO RENOVAÇÃO SOLIDÁRIA,25-PRD/77-SOLIDARIEDADE,25-PRD/77-SOLIDARIEDADE,160001801410,FEDERAÇÃO,FEDERAÇÃO RENOVAÇÃO SOLIDÁRIA (25-PRD / 77-SOLIDARIEDADE),PR,20/03/1969,46639760647,2,MASCULINO,7,SUPERIOR INCOMPLETO,1,SOLTEIRO(A),3,PARDA,257,EMPRESÁRIO,4,NÃO ELEITO
05/10/2026,10:14:11,2026,2,ELEIÇÃO ORDINÁRIA,1,6259,Eleições Gerais Estaduais 2026,04/10/2026,ESTADUAL,PR,PR,PARANÁ,6,DEPUTADO FEDERAL,160002553362,2567,NASSIB KASSEM HAMMAD,DR NASSIB,#NULO,64084639915,NÃO DIVULGÁVEL,-3,#NE,FEDERAÇÃO,25,PRD,PARTIDO RENOVACAO DEMOCRATICA,103,FEDERAÇÃO RENOVAÇÃO SOLIDÁRIA,25-PRD/77-SOLIDARIEDADE,25-PRD/77-SOLIDARIEDADE,160001801410,FEDERAÇÃO,FEDERAÇÃO RENOVAÇÃO SOLIDÁRIA (25-PRD / 77-SOLIDARIEDADE),PR,10/10/1967,824120671,2,MASCULINO,8,SUPERIOR COMPLETO,3,CASADO(A),1,BRANCA,111,MÉDICO,-1,#NULO
05/10/2026,10:14:11,2026,2,ELEIÇÃO ORDINÁRIA,1,6259,Eleições Gerais Estaduais 2026,04/10/2026,ESTADUAL,PR,PR,PARANÁ,6,DEPUTADO FEDERAL,160002553363,7788,MARCO ANTONIO ABUJAMRA,ABUJAMRA,#NULO,83024700900,NÃO DIVULGÁVEL,-3,#NE,FEDERAÇÃO,77,SOLIDARIEDADE,SOLIDARIEDADE,103,FEDERAÇÃO RENOVAÇÃO SOLIDÁRIA,25-PRD/77-SOLIDARIEDADE,25-PRD/77-SOLIDARIEDADE,160001801410,FEDERAÇÃO,FEDERAÇÃO RENOVAÇÃO SOLIDÁRIA (25-PRD / 77-SOLIDARIEDADE),PR,14/06/1962,16565540612,2,MASCULINO,8,SUPERIOR COMPLETO,9,DIVORCIADO(A),1,BRANCA,257,EMPRESÁRIO,4,NÃO ELEITO
05/10/2026,10:14:11,2026,2,ELEIÇÃO ORDINÁRIA,1,6259,Eleições Gerais Estaduais 2026,04/10/2026,ESTADUAL,PR,PR,PARANÁ,6,DEPUTADO FEDERAL,160002553364,2525,ANDRESSA APARECIDA LEONTINO,ANDRESSA LEONTINO,#NULO,5470913970,NÃO DIVULGÁVEL,-3,#NE,FEDERAÇÃO,25,PRD,PARTIDO RENOVACAO DEMOCRATICA,103,FEDERAÇÃO RENOVAÇÃO SOLIDÁRIA,25-PRD/77-SOLIDARIEDADE,25-PRD/77-SOLIDARIEDADE,160001801410,FEDERAÇÃO,FEDERAÇÃO RENOVAÇÃO SOLIDÁRIA (25-PRD / 77-SOLIDARIEDADE),PR,14/11/1986,98441440620,4,FEMININO,8,SUPERIOR COMPLETO,9,DIVORCIADO(A),1,BRANCA,999,OUTROS,-1,#NULO
05/10/2026,10:14:11,2026,2,ELEIÇÃO ORDINÁRIA,1,6259,Eleições Gerais Estaduais 2026,04/10/2026,ESTADUAL,PR,PR,PARANÁ,6,DEPUTADO FEDERAL,160002553365,7700,FRANCISJONES CAVALCANTI,FRANCIS CAVALCANTI,#NULO,63375656904,NÃO DIVULGÁVEL,-3,#NE,FEDERAÇÃO,77,SOLIDARIEDADE,SOLIDARIEDADE,103,FEDERAÇÃO RENOVAÇÃO SOLIDÁRIA,25-PRD/77-SOLIDARIEDADE,25-PRD/77-SOLIDARIEDADE,160001801410,FEDERAÇÃO,FEDERAÇÃO RENOVAÇÃO SOLIDÁRIA (25-PRD / 77-SOLIDARIEDADE),PR,09/03/1967,13535090698,2,MASCULINO,8,SUPERIOR COMPLETO,9,DIVORCIADO(A),1,BRANCA,297,SERVIDOR PÚBLICO ESTADUAL,4,NÃO ELEITO
05/10/2026,10:14:11,2026,2,ELEIÇÃO ORDINÁRIA,1,6259,Eleições Gerais Estaduais 2026,04/10/2026,ESTADUAL,PR,PR,PARANÁ,6,DEPUTADO FEDERAL,160002553366,2577,DIEGO CARLOS MORAES DO VALLE,DIEGO DO VALLE,#NULO,6074761922,NÃO DIVULGÁVEL,-3,#NE,FEDERAÇÃO,25,PRD,PARTIDO RENOVACAO DEMOCRATICA,103,FEDERAÇÃO RENOVAÇÃO SOLIDÁRIA,25-PRD/77-SOLIDARIEDADE,25-PRD/77-SOLIDARIEDADE,160001801410,FEDERAÇÃO,FEDERAÇÃO RENOVAÇÃO SOLIDÁRIA (25-PRD / 77-SOLIDARIEDADE),PR,14/12/1992,95276040612,2,MASCULINO,7,SUPERIOR INCOMPLETO,3,CASADO(A),1,BRANCA,999,OUTROS,4,NÃO ELEITO
05/10/2026,10:14:11,2026,2,ELEIÇÃO ORDINÁRIA,1,6259,Eleições Gerais Estaduais 2026,04/10/2026,ESTADUAL,PR,PR,PARANÁ,6,DEPUTADO FEDERAL,160002553367,7777,PAULO ROBERTO DA COSTA,GALO DA TV,#NULO,20117396915,NÃO DIVULGÁVEL,-3,#NE,FEDERAÇÃO,77,SOLIDARIEDADE,SOLIDARIEDADE,103,FEDERAÇÃO RENOVAÇÃO SOLIDÁRIA,25-PRD/77-SOLIDARIEDADE,25-PRD/77-SOLIDARIEDADE,160001801410,FEDERAÇÃO,FEDERAÇÃO RENOVAÇÃO SOLIDÁRIA (25-PRD / 77-SOLIDARIEDADE),PR,27/12/1951,12270131805,2,MASCULINO,7,SUPERIOR INCOMPLETO,3,CASADO(A),3,PARDA,171,JORNALISTA E REDATOR,4,NÃO ELEITO
05/10/2026,10:14:11,2026,2,ELEIÇÃO ORDINÁRIA,1,6259,Eleições Gerais Estaduais 2026,04/10/2026,ESTADUAL,PR,PR,PARANÁ,6,DEPUTADO FEDERAL,160002553368,2500,JOÃO CARLOS RIBEIRO,RADIALISTA JOÃOZINHO RIBEIRO,#NULO,2042901989,NÃO DIVULGÁVEL,-3,#NE,FEDERAÇÃO,25,PRD,PARTIDO RENOVACAO DEMOCRATICA,103,FEDERAÇÃO RENOVAÇÃO SOLIDÁRIA,25-PRD/77-SOLIDARIEDADE,25-PRD/77-SOLIDARIEDADE,160001801410,FEDERAÇÃO,FEDERAÇÃO RENOVAÇÃO SOLIDÁRIA (25-PRD / 77-SOLIDARIEDADE),PR,13/07/1976,63654750604,2,MASCULINO,8,SUPERIOR COMPLETO,7,SEPARADO(A) JUDICIALMENTE,3,PARDA,166,LOCUTOR E COMENTARISTA DE RÁDIO E TELEVISÃO E RADIALISTA,4,NÃO ELEITO
05/10/2026,10:14:11,2026,2,ELEIÇÃO ORDINÁRIA,1,6259,Eleições Gerais Estaduais 2026,04/10/2026,ESTADUAL,PR,PR,PARANÁ,6,DEPUTADO FEDERAL,160002553369,7755,LETICIA CAROLINA TAVARES FERNANDES,LETICIA FERNANDES,#NULO,10017101930,NÃO DIVULGÁVEL,-3,#NE,FEDERAÇÃO,77,SOLIDARIEDADE,SOLIDARIEDADE,103,FEDERAÇÃO RENOVAÇÃO SOLIDÁRIA,25-PRD/77-SOLIDARIEDADE,25-PRD/77-SOLIDARIEDADE,160001801410,FEDERAÇÃO,FEDERAÇÃO RENOVAÇÃO SOLIDÁRIA (25-PRD / 77-SOLIDARIEDADE),PR,21/12/2002,121884620671,4,FEMININO,8,SUPERIOR COMPLETO,1,SOLTEIRO(A),1,BRANCA,112,VETERINÁRIO,4,NÃO ELEITO
05/10/2026,10:14:11,2026,2,ELEIÇÃO ORDINÁRIA,1,6259,Eleições Gerais Estaduais 2026,04/10/2026,ESTADUAL,PR,PR,PARANÁ,6,DEPUTADO FEDERAL,160002553370,2517,FERNANDO AUGUSTO TANCK,TANCK,#NULO,77365127953,NÃO DIVULGÁVEL,-3,#NE,FEDERAÇÃO,25,PRD,PARTIDO RENOVACAO DEMOCRATICA,103,FEDERAÇÃO RENOVAÇÃO SOLIDÁRIA,25-PRD/77-SOLIDARIEDADE,25-PRD/77-SOLIDARIEDADE,160001801410,FEDERAÇÃO,FEDERAÇÃO RENOVAÇÃO SOLIDÁRIA (25-PRD / 77-SOLIDARIEDADE),PR,11/09/1971,51180600604,2,MASCULINO,8,SUPERIOR COMPLETO,9,DIVORCIADO(A),1,BRANCA,257,EMPRESÁRIO,-1,#NULO
05/10/2026,10:14:11,2026,2,ELEIÇÃO ORDINÁRIA,1,6259,Eleições Gerais Estaduais 2026,04/10/2026,ESTADUAL,PR,PR,PARANÁ,6,DEPUTADO FEDERAL,160002553371,2530,SIMONE DIAS DE SOUZA,SIMONE DIAS,#NULO,87286777904,NÃO DIVULGÁVEL,-3,#NE,FEDERAÇÃO,25,PRD,PARTIDO RENOVACAO DEMOCRATICA,103,FEDERAÇÃO RENOVAÇÃO SOLIDÁRIA,25-PRD/77-SOLIDARIEDADE,25-PRD/77-SOLIDARIEDADE,160001801410,FEDERAÇÃO,FEDERAÇÃO RENOVAÇÃO SOLIDÁRIA (25-PRD / 77-SOLIDARIEDADE),PR,29/05/1973,51640920698,4,FEMININO,6,ENSINO MÉDIO COMPLETO,9,DIVORCIADO(A),1,BRANCA,169,COMERCIANTE,4,NÃO ELEITO
05/10/2026,10:14:11,2026,2,ELEIÇÃO ORDINÁRIA,1,6259,Eleições Gerais Estaduais 2026,04/10/2026,ESTADUAL,PR,PR,PARANÁ,6,DEPUTADO FEDERAL,160002553372,7722,JOÃO BATISTA BUENO,JOÃO BATISTA,#NULO,52422860915,NÃO DIVULGÁVEL,-3,#NE,FEDERAÇÃO,77,SOLIDARIEDADE,SOLIDARIEDADE,103,FEDERAÇÃO RENOVAÇÃO SOLIDÁRIA,25-PRD/77-SOLIDARIEDADE,25-PRD/77-SOLIDARIEDADE,160001801410,FEDERAÇÃO,FEDERAÇÃO RENOVAÇÃO SOLIDÁRIA (25-PRD / 77-SOLIDARIEDADE),PR,23/06/1964,33981310604,2,MASCULINO,3,ENSINO FUNDAMENTAL INCOMPLETO,3,CASADO(A),1,BRANCA,703,ELETRICISTA E ASSEMELHADOS,4,NÃO ELEITO
05/10/2026,10:14:11,2026,2,ELEIÇÃO ORDINÁRIA,1,6259,Eleições Gerais Estaduais 2026,04/10/2026,ESTADUAL,PR,PR,PARANÁ,6,DEPUTADO FEDERAL,160002553373,2526,VIVIANE QUEIROZ PEREIRA,VIVI DA GARAPEIRA,#NULO,8595884919,NÃO DIVULGÁVEL,-3,#NE,FEDERAÇÃO,25,PRD,PARTIDO RENOVACAO DEMOCRATICA,103,FEDERAÇÃO RENOVAÇÃO SOLIDÁRIA,25-PRD/77-SOLIDARIEDADE,25-PRD/77-SOLIDARIEDADE,160001801410,FEDERAÇÃO,FEDERAÇÃO RENOVAÇÃO SOLIDÁRIA (25-PRD / 77-SOLIDARIEDADE),PR,25/02/1993,95946800620,4,FEMININO,8,SUPERIOR COMPLETO,1,SOLTEIRO(A),3,PARDA,999,OUTROS,4,NÃO ELEITO
05/10/2026,10:14:11,2026,2,ELEIÇÃO ORDINÁRIA,1,6259,Eleições Gerais Estaduais 2026,04/10/2026,ESTADUAL,PR,PR,PARANÁ,6,DEPUTADO FEDERAL,160002553374,7766,EVERTON MARCELINO DE SOUZA,SUBTENENTE EVERTON,#NULO,85363340968,NÃO DIVULGÁVEL,-3,#NE,FEDERAÇÃO,77,SOLIDARIEDADE,SOLIDARIEDADE,103,FEDERAÇÃO RENOVAÇÃO SOLIDÁRIA,25-PRD/77-SOLIDARIEDADE,25-PRD/77-SOLIDARIEDADE,160001801410,FEDERAÇÃO,FEDERAÇÃO RENOVAÇÃO SOLIDÁRIA (25-PRD / 77-SOLIDARIEDADE),RJ,29/04/1972,28554650957,2,MASCULINO,8,SUPERIOR COMPLETO,1,SOLTEIRO(A),1,BRANCA,295,MEMBRO DAS FORÇAS ARMADAS,4,NÃO ELEITO
05/10/2026,10:14:11,2026,2,ELEIÇÃO ORDINÁRIA,1,6259,Eleições Gerais Estaduais 2026,04/10/2026,ESTADUAL,PR,PR,PARANÁ,6,DEPUTADO FEDERAL,160002553375,2559,JACOB ALFREDO STOFFELS KAEFER,ALFREDO KAEFER,#NULO,24106305968,NÃO DIVULGÁVEL,-3,#NE,FEDERAÇÃO,25,PRD,PARTIDO RENOVACAO DEMOCRATICA,103,FEDERAÇÃO RENOVAÇÃO SOLIDÁRIA,25-PRD/77-SOLIDARIEDADE,25-PRD/77-SOLIDARIEDADE,160001801410,FEDERAÇÃO,FEDERAÇÃO RENOVAÇÃO SOLIDÁRIA (25-PRD / 77-SOLIDARIEDADE),RS,07/11/1955,39673290647,2,MASCULINO,8,SUPERIOR COMPLETO,3,CASADO(A),1,BRANCA,257,EMPRESÁRIO,4,NÃO ELEITO
05/10/2026,10:14:11,2026,2,ELEIÇÃO ORDINÁRIA,1,6259,Eleições Gerais Estaduais 2026,04/10/2026,ESTADUAL,PR,PR,PARANÁ,6,DEPUTADO FEDERAL,160002553376,7710,LEDINALVA PEREIRA DE ALMEIDA,LEDI ALMEIDA,#NULO,86505211934,NÃO DIVULGÁVEL,-3,#NE,FEDERAÇÃO,77,SOLIDARIEDADE,SOLIDARIEDADE,103,FEDERAÇÃO RENOVAÇÃO SOLIDÁRIA,25-PRD/77-SOLIDARIEDADE,25-PRD/77-SOLIDARIEDADE,160001801410,FEDERAÇÃO,FEDERAÇÃO RENOVAÇÃO SOLIDÁRIA (25-PRD / 77-SOLIDARIEDADE),PR,18/12/1973,51780690604,4,FEMININO,8,SUPERIOR COMPLETO,1,SOLTEIRO(A),1,BRANCA,230,PEDAGOGO,4,NÃO ELEITO
05/10/2026,10:14:11,2026,2,ELEIÇÃO ORDINÁRIA,1,6259,Eleições Gerais Estaduais 2026,04/10/2026,ESTADUAL,PR,PR,PARANÁ,6,DEPUTADO FEDERAL,160002553377,2533,THOMAS RAYMUND KORONTAI,THOMAS KORONTAI,#NULO,32080476904,NÃO DIVULGÁVEL,-3,#NE,FEDERAÇÃO,25,PRD,PARTIDO RENOVACAO DEMOCRATICA,103,FEDERAÇÃO RENOVAÇÃO SOLIDÁRIA,25-PRD/77-SOLIDARIEDADE,25-PRD/77-SOLIDARIEDADE,160001801410,FEDERAÇÃO,FEDERAÇÃO RENOVAÇÃO SOLIDÁRIA (25-PRD / 77-SOLIDARIEDADE),SP,04/11/1957,385260639,2,MASCULINO,5,ENSINO MÉDIO INCOMPLETO,3,CASADO(A),1,BRANCA,257,EMPRESÁRIO,4,NÃO ELEITO
05/10/2026,10:14:11,2026,2,ELEIÇÃO ORDINÁRIA,1,6259,Eleições Gerais Estaduais 2026,04/10/2026,ESTADUAL,PR,PR,PARANÁ,6,DEPUTADO FEDERAL,160002553650,3507,VALDENEY VALDECI DE OLIVEIRA,MOTORISTA VALDENEY LEITE,#NULO,919200940,NÃO DIVULGÁVEL,-3,#NE,PARTIDO ISOLADO,35,DEMOCRATA,DEMOCRATA,-1,#NULO,#NULO,#NULO,160001801429,PARTIDO ISOLADO,DEMOCRATA,SC,06/04/1984,78118210620,2,MASCULINO,5,ENSINO MÉDIO INCOMPLETO,3,CASADO(A),1,BRANCA,531,MOTORISTA DE VEÍCULOS DE TRANSPORTE COLETIVO DE PASSAGEIROS,4,NÃO ELEITO
05/10/2026,10:14:11,2026,2,ELEIÇÃO ORDINÁRIA,1,6259,Eleições Gerais Estaduais 2026,04/10/2026,ESTADUAL,PR,PR,PARANÁ,6,DEPUTADO FEDERAL,160002553651,3501,JAILSON SOARES DA SILVA,JA JA DA SAUDE,#NULO,24011479500,NÃO DIVULGÁVEL,-3,#NE,PARTIDO ISOLADO,35,DEMOCRATA,DEMOCRATA,-1,#NULO,#NULO,#NULO,160001801429,PARTIDO ISOLADO,DEMOCRATA,BA,12/04/1964,70328370647,2,MASCULINO,6,ENSINO MÉDIO COMPLETO,1,SOLTEIRO(A),2,PRETA,999,OUTROS,-1,#NULO
05/10/2026,10:14:11,2026,2,ELEIÇÃO ORDINÁRIA,1,6259,Eleições Gerais Estaduais 2026,04/10/2026,ESTADUAL,PR,PR,PARANÁ,6,DEPUTADO FEDERAL,160002553652,3535,ROLSELLEINE NASCIMENTO DE PAULA,DRA ROLSE DE PAULA,#NULO,535394942,NÃO DIVULGÁVEL,-3,#NE,PARTIDO ISOLADO,35,DEMOCRATA,DEMOCRATA,-1,#NULO,#NULO,#NULO,160001801429,PARTIDO ISOLADO,DEMOCRATA,PR,11/04/1979,68166550698,4,FEMININO,8,SUPERIOR COMPLETO,1,SOLTEIRO(A),1,BRANCA,999,OUTROS,4,NÃO ELEITO
05/10/2026,10:14:11,2026,2,ELEIÇÃO ORDINÁRIA,1,6259,Eleições Gerais Estaduais 2026,04/10/2026,ESTADUAL,PR,PR,PARANÁ,6,DEPUTADO FEDERAL,160002553653,3510,TANIA MARA PRESZANIUK,TANIA MARA,#NULO,6491293939,NÃO DIVULGÁVEL,-3,#NE,PARTIDO ISOLADO,35,DEMOCRATA,DEMOCRATA,-1,#NULO,#NULO,#NULO,160001801429,PARTIDO ISOLADO,DEMOCRATA,PR,19/07/1987,91856590604,4,FEMININO,6,ENSINO MÉDIO COMPLETO,1,SOLTEIRO(A),1,BRANCA,999,OUTROS,-1,#NULO
05/10/2026,10:14:11,2026,2,ELEIÇÃO ORDINÁRIA,1,6259,Eleições Gerais Estaduais 2026,04/10/2026,ESTADUAL,PR,PR,PARANÁ,6,DEPUTADO FEDERAL,160002553654,3525,RODRIGO ANTONIO DE OLIVEIRA,RODRIGO OLIVEIRA,#NULO,4233583916,NÃO DIVULGÁVEL,-3,#NE,PARTIDO ISOLADO,35,DEMOCRATA,DEMOCRATA,-1,#NULO,#NULO,#NULO,160001801429,PARTIDO ISOLADO,DEMOCRATA,PR,17/09/1982,37164220981,2,MASCULINO,6,ENSINO MÉDIO COMPLETO,3,CASADO(A),1,BRANCA,397,RECEPCIONISTA,4,NÃO ELEITO
05/10/2026,10:14:11,2026,2,ELEIÇÃO ORDINÁRIA,1,6259,Eleições Gerais Estaduais 2026,04/10/2026,ESTADUAL,PR,PR,PARANÁ,6,DEPUTADO FEDERAL,160002553655,3577,ELISANGELA BORGES,ELISANGELA BORGES,#NULO,6588636903,NÃO DIVULGÁVEL,-3,#NE,PARTIDO ISOLADO,35,DEMOCRATA,DEMOCRATA,-1,#NULO,#NULO,#NULO,160001801429,PARTIDO ISOLADO,DEMOCRATA,PR,05/09/1973,85740550612,4,FEMININO,3,ENSINO FUNDAMENTAL INCOMPLETO,7,SEPARADO(A) JUDICIALMENTE,1,BRANCA,581,DONA DE CASA,-1,#NULO
05/10/2026,10:14:11,2026,2,ELEIÇÃO ORDINÁRIA,1,6259,Eleições Gerais Estaduais 2026,04/10/2026,ESTADUAL,PR,PR,PARANÁ,6,DEPUTADO FEDERAL,160002553656,3593,MIGUEL ANGELO DE OLIVEIRA SANTOS MACHADO,MIGUEL BOMBEIRO,#NULO,5673989946,NÃO DIVULGÁVEL,-3,#NE,PARTIDO ISOLADO,35,DEMOCRATA,DEMOCRATA,-1,#NULO,#NULO,#NULO,160001801429,PARTIDO ISOLADO,DEMOCRATA,PR,26/09/1987,88836250680,2,MASCULINO,6,ENSINO MÉDIO COMPLETO,3,CASADO(A),3,PARDA,258,BOMBEIRO MILITAR,4,NÃO ELEITO
05/10/2026,10:14:11,2026,2,ELEIÇÃO ORDINÁRIA,1,6259,Eleições Gerais Estaduais 2026,04/10/2026,ESTADUAL,PR,PR,PARANÁ,6,DEPUTADO FEDERAL,160002553657,3570,THAYS BARBARA DE PAULA AGUIAR,TAÍS BÁRBARA,#NULO,6296635990,NÃO DIVULGÁVEL,-3,#NE,PARTIDO ISOLADO,35,DEMOCRATA,DEMOCRATA,-1,#NULO,#NULO,#NULO,160001801429,PARTIDO ISOLADO,DEMOCRATA,PR,05/02/1988,91145190680,4,FEMININO,7,SUPERIOR INCOMPLETO,1,SOLTEIRO(A),1,BRANCA,394,AUXILIAR DE ESCRITÓRIO E ASSEMELHADOS,-1,#NULO
05/10/2026,10:14:11,2026,2,ELEIÇÃO ORDINÁRIA,1,6259,Eleições Gerais Estaduais 2026,04/10/2026,ESTADUAL,PR,PR,PARANÁ,6,DEPUTADO FEDERAL,160002553658,3560,ROBSON ALVES MOREIRA,ROBSON MOREIRA,#NULO,1124833994,NÃO DIVULGÁVEL,-3,#NE,PARTIDO ISOLADO,35,DEMOCRATA,DEMOCRATA,-1,#NULO,#NULO,#NULO,160001801429,PARTIDO ISOLADO,DEMOCRATA,PR,20/02/1987,87879530604,2,MASCULINO,3,ENSINO FUNDAMENTAL INCOMPLETO,1,SOLTEIRO(A),1,BRANCA,214,ESCULTOR E PINTOR,4,NÃO ELEITO
05/10/2026,10:14:11,2026,2,ELEIÇÃO ORDINÁRIA,1,6259,Eleições Gerais Estaduais 2026,04/10/2026,ESTADUAL,PR,PR,PARANÁ,6,DEPUTADO FEDERAL,160002553659,3590,THYAGO ROLAO DOS SANTOS,SARGENTO DOS SANTOS,#NULO,4209068942,NÃO DIVULGÁVEL,-3,#NE,PARTIDO ISOLADO,35,DEMOCRATA,DEMOCRATA,-1,#NULO,#NULO,#NULO,160001801429,PARTIDO ISOLADO,DEMOCRATA,PR,04/01/1985,81825870604,2,MASCULINO,7,SUPERIOR INCOMPLETO,3,CASADO(A),3,PARDA,233,POLICIAL MILITAR,4,NÃO ELEITO
05/10/2026,10:14:11,2026,2,ELEIÇÃO ORDINÁRIA,1,6259,Eleições Gerais Estaduais 2026,04/10/2026,ESTADUAL,PR,PR,PARANÁ,6,DEPUTADO FEDERAL,160002553961,3527,JUREMA BARBOSA PINTO LEYSEN,PROFESSORA JUREMA LEYSEN,#NULO,5852210900,NÃO DIVULGÁVEL,-3,#NE,PARTIDO ISOLADO,35,DEMOCRATA,DEMOCRATA,-1,#NULO,#NULO,#NULO,160001801429,PARTIDO ISOLADO,DEMOCRATA,PR,24/09/1990,95064060604,4,FEMININO,7,SUPERIOR INCOMPLETO,9,DIVORCIADO(A),3,PARDA,931,"ESTUDANTE, BOLSISTA, ESTAGIÁRIO E ASSEMELHADOS",-1,#NULO
05/10/2026,10:14:11,2026,2,ELEIÇÃO ORDINÁRIA,1,6259,Eleições Gerais Estaduais 2026,04/10/2026,ESTADUAL,PR,PR,PARANÁ,6,DEPUTADO FEDERAL,160002553962,3589,APARECIDO DA SILVA GARCIA,APARECIDO GARCIA,#NULO,74592378920,NÃO DIVULGÁVEL,-3,#NE,PARTIDO ISOLADO,35,DEMOCRATA,DEMOCRATA,-1,#NULO,#NULO,#NULO,160001801429,PARTIDO ISOLADO,DEMOCRATA,PR,02/12/1971,117292070299,2,MASCULINO,4,ENSINO FUNDAMENTAL COMPLETO,3,CASADO(A),2,PRETA,709,TRABALHADOR DE CONSTRUÇÃO CIVIL,-1,#NULO
05/10/2026,10:14:11,2026,2,ELEIÇÃO ORDINÁRIA,1,6259,Eleições Gerais Estaduais 2026,04/10/2026,ESTADUAL,PR,PR,PARANÁ,6,DEPUTADO FEDERAL,160002554123,3599,ROSEMARIE LUZA GEWEHR,ROSEMARIE,#NULO,58267212949,NÃO DIVULGÁVEL,-3,#NE,PARTIDO ISOLADO,35,DEMOCRATA,DEMOCRATA,-1,#NULO,#NULO,#NULO,160001801429,PARTIDO ISOLADO,DEMOCRATA,SC,17/03/1966,20225590680,4,FEMININO,5,ENSINO MÉDIO INCOMPLETO,3,CASADO(A),1,BRANCA,169,COMERCIANTE,-1,#NULO
05/10/2026,10:14:11,2026,2,ELEIÇÃO ORDINÁRIA,1,6259,Eleições Gerais Estaduais 2026,04/10/2026,ESTADUAL,PR,PR,PARANÁ,6,DEPUTADO FEDERAL,160002554124,3500,MAURICIO SCHULZ,SCHULZ,#NULO,6021296990,NÃO DIVULGÁVEL,-3,#NE,PARTIDO ISOLADO,35,DEMOCRATA,DEMOCRATA,-1,#NULO,#NULO,#NULO,160001801429,PARTIDO ISOLADO,DEMOCRATA,PR,27/05/1990,88640330671,2,MASCULINO,6,ENSINO MÉDIO COMPLETO,1,SOLTEIRO(A),3,PARDA,292,AGENTE ADMINISTRATIVO,4,NÃO ELEITO
05/10/2026,10:14:11,2026,2,ELEIÇÃO ORDINÁRIA,1,6259,Eleições Gerais Estaduais 2026,04/10/2026,ESTADUAL,PR,PR,PARANÁ,6,DEPUTADO FEDERAL,160002554125,3542,DANIEL DOS SANTOS,DANIEL NEGÃO,#NULO,5753358900,NÃO DIVULGÁVEL,-3,#NE,PARTIDO ISOLADO,35,DEMOCRATA,DEMOCRATA,-1,#NULO,#NULO,#NULO,160001801429,PARTIDO ISOLADO,DEMOCRATA,PR,07/11/1983,85194160663,2,MASCULINO,5,ENSINO MÉDIO INCOMPLETO,9,DIVORCIADO(A),2,PRETA,999,OUTROS,-1,#NULO
05/10/2026,10:14:11,2026,2,ELEIÇÃO ORDINÁRIA,1,6259,Eleições Gerais Estaduais 2026,04/10/2026,ESTADUAL,PR,PR,PARANÁ,6,DEPUTADO FEDERAL,160002554126,3533,DANIELE DE ALMEIDA PINTO,DANI ALMEIDA,#NULO,5058283913,NÃO DIVULGÁVEL,-3,#NE,PARTIDO ISOLADO,35,DEMOCRATA,DEMOCRATA,-1,#NULO,#NULO,#NULO,160001801429,PARTIDO ISOLADO,DEMOCRATA,SP,17/10/1981,78122000671,4,FEMININO,4,ENSINO FUNDAMENTAL COMPLETO,1,SOLTEIRO(A),2,PRETA,581,DONA DE CASA,-1,#NULO
05/10/2026,10:14:11,2026,2,ELEIÇÃO ORDINÁRIA,1,6259,Eleições Gerais Estaduais 2026,04/10/2026,ESTADUAL,PR,PR,PARANÁ,6,DEPUTADO FEDERAL,160002554127,1523,ANTONIO SILVIO TRUSCZYNSKI PRZYWITOWSKI,SILVIO PRZYWITOWSKI,#NULO,74649655900,NÃO DIVULGÁVEL,-3,#NE,PARTIDO ISOLADO,15,MDB,MOVIMENTO DEMOCRÁTICO BRASILEIRO,-1,#NULO,#NULO,#NULO,160001800504,PARTIDO ISOLADO,MDB,PR,12/12/1972,45834980698,2,MASCULINO,6,ENSINO MÉDIO COMPLETO,1,SOLTEIRO(A),1,BRANCA,257,EMPRESÁRIO,5,SUPLENTE
05/10/2026,10:14:11,2026,2,ELEIÇÃO ORDINÁRIA,1,6259,Eleições Gerais Estaduais 2026,04/10/2026,ESTADUAL,PR,PR,PARANÁ,6,DEPUTADO FEDERAL,160002554129,3522,CLAUDINEI LOPES DE SOUZA BORGES,CLAUDINEI BORGES,#NULO,5527508912,NÃO DIVULGÁVEL,-3,#NE,PARTIDO ISOLADO,35,DEMOCRATA,DEMOCRATA,-1,#NULO,#NULO,#NULO,160001801429,PARTIDO ISOLADO,DEMOCRATA,PR,09/01/1984,85727500647,2,MASCULINO,3,ENSINO FUNDAMENTAL INCOMPLETO,3,CASADO(A),1,BRANCA,214,ESCULTOR E PINTOR,4,NÃO ELEITO
05/10/2026,10:14:11,2026,2,ELEIÇÃO ORDINÁRIA,1,6259,Eleições Gerais Estaduais 2026,04/10/2026,ESTADUAL,PR,PR,PARANÁ,6,DEPUTADO FEDERAL,160002554273,5010,GIBELLE MATIAS AMORIM,GIBELLE,#NULO,2722261901,NÃO DIVULGÁVEL,-3,#NE,FEDERAÇÃO,50,PSOL,PARTIDO SOCIALISMO E LIBERDADE,102,FEDERAÇÃO PSOL REDE,50-PSOL/18-REDE,50-PSOL/18-REDE,160001800898,FEDERAÇÃO,FEDERAÇÃO PSOL REDE (50-PSOL / 18-REDE),SP,22/03/1976,55873730612,4,FEMININO,6,ENSINO MÉDIO COMPLETO,1,SOLTEIRO(A),3,PARDA,999,OUTROS,4,NÃO ELEITO
05/10/2026,10:14:11,2026,2,ELEIÇÃO ORDINÁRIA,1,6259,Eleições Gerais Estaduais 2026,04/10/2026,ESTADUAL,PR,PR,PARANÁ,6,DEPUTADO FEDERAL,160002554274,5064,GENECI DE ABREU,GENECY ABREU,#NULO,6762935907,NÃO DIVULGÁVEL,-3,#NE,FEDERAÇÃO,50,PSOL,PARTIDO SOCIALISMO E LIBERDADE,102,FEDERAÇÃO PSOL REDE,50-PSOL/18-REDE,50-PSOL/18-REDE,160001800898,FEDERAÇÃO,FEDERAÇÃO PSOL REDE (50-PSOL / 18-REDE),PR,19/07/1989,90485980604,4,FEMININO,3,ENSINO FUNDAMENTAL INCOMPLETO,1,SOLTEIRO(A),1,BRANCA,581,DONA DE CASA,4,NÃO ELEITO
05/10/2026,10:14:11,2026,2,ELEIÇÃO ORDINÁRIA,1,6259,Eleições Gerais Estaduais 2026,04/10/2026,ESTADUAL,PR,PR,PARANÁ,6,DEPUTADO FEDERAL,160002554288,5599,ROSELI DE FATIMA GALVÃO,ROSE PROTETORA DOS ANIMAIS,#NULO,25332201915,NÃO DIVULGÁVEL,-3,#NE,PARTIDO ISOLADO,55,PSD,PARTIDO SOCIAL DEMOCRÁTICO,-1,#NULO,#NULO,#NULO,160001800600,PARTIDO ISOLADO,PSD,PR,14/01/1955,5186730604,4,FEMININO,6,ENSINO MÉDIO COMPLETO,9,DIVORCIADO(A),1,BRANCA,169,COMERCIANTE,5,SUPLENTE
05/10/2026,10:14:11,2026,2,ELEIÇÃO ORDINÁRIA,1,6259,Eleições Gerais Estaduais 2026,04/10/2026,ESTADUAL,PR,PR,PARANÁ,6,DEPUTADO FEDERAL,160002554323,4523,TAUILLO TEZELLI,TAUILLO TEZELLI,#NULO,23484110910,NÃO DIVULGÁVEL,-3,#NE,FEDERAÇÃO,45,PSDB,PARTIDO DA SOCIAL DEMOCRACIA BRASILEIRA,100,FEDERAÇÃO PSDB CIDADANIA,45-PSDB/23-CIDADANIA,45-PSDB/23-CIDADANIA,160001801050,FEDERAÇÃO,FEDERAÇÃO PSDB CIDADANIA (45-PSDB / 23-CIDADANIA),PR,18/11/1957,11090370655,2,MASCULINO,8,SUPERIOR COMPLETO,9,DIVORCIADO(A),1,BRANCA,257,EMPRESÁRIO,4,NÃO ELEITO
05/10/2026,10:14:11,2026,2,ELEIÇÃO ORDINÁRIA,1,6259,Eleições Gerais Estaduais 2026,04/10/2026,ESTADUAL,PR,PR,PARANÁ,6,DEPUTADO FEDERAL,160002554481,2226,ANAJARA LEANDRO DE SOUSA,ANAJARA,#NULO,2462963138,NÃO DIVULGÁVEL,-3,#NE,PARTIDO ISOLADO,22,PL,PARTIDO LIBERAL,-1,#NULO,#NULO,#NULO,160001800890,PARTIDO ISOLADO,PL,DF,26/11/1989,54070181007,4,FEMININO,6,ENSINO MÉDIO COMPLETO,1,SOLTEIRO(A),1,BRANCA,257,EMPRESÁRIO,5,SUPLENTE
05/10/2026,10:14:11,2026,2,ELEIÇÃO ORDINÁRIA,1,6259,Eleições Gerais Estaduais 2026,04/10/2026,ESTADUAL,PR,PR,PARANÁ,6,DEPUTADO FEDERAL,160002554488,4401,OSWALDO EUSTAQUIO FILHO,OSWALDO EUSTÁQUIO,#NULO,2457228905,NÃO DIVULGÁVEL,-3,#NE,FEDERAÇÃO,44,UNIÃO,UNIÃO BRASIL,104,FEDERAÇÃO UNIÃO PROGRESSISTA,44-UNIÃO/11-PP,44-UNIÃO/11-PP,160001800133,FEDERAÇÃO,FEDERAÇÃO UNIÃO PROGRESSISTA (44-UNIÃO / 11-PP),SC,24/04/1978,65128750639,2,MASCULINO,8,SUPERIOR COMPLETO,9,DIVORCIADO(A),1,BRANCA,171,JORNALISTA E REDATOR,5,SUPLENTE
05/10/2026,10:14:11,2026,2,ELEIÇÃO ORDINÁRIA,1,6259,Eleições Gerais Estaduais 2026,04/10/2026,ESTADUAL,RS,RS,RIO GRANDE DO SUL,6,DEPUTADO FEDERAL,210002532988,3053,ADEMAR RODRIGUES DE MORAES,ADEMAR RODRIGUES MORAES,#NULO,526863706,NÃO DIVULGÁVEL,-3,#NE,PARTIDO ISOLADO,30,NOVO,PARTIDO NOVO,-1,#NULO,#NULO,#NULO,210001800104,PARTIDO ISOLADO,NOVO,ES,19/06/1971,85851530310,2,MASCULINO,8,SUPERIOR COMPLETO,9,DIVORCIADO(A),1,BRANCA,142,PROFESSOR DE ENSINO SUPERIOR,5,SUPLENTE
05/10/2026,10:14:11,2026,2,ELEIÇÃO ORDINÁRIA,1,6259,Eleições Gerais Estaduais 2026,04/10/2026,ESTADUAL,RS,RS,RIO GRANDE DO SUL,6,DEPUTADO FEDERAL,210002532989,3026,TIAGO JOSÉ ALBRECHT,TIAGO ALBRECHT,#NULO,4779289947,NÃO DIVULGÁVEL,-3,#NE,PARTIDO ISOLADO,30,NOVO,PARTIDO NOVO,-1,#NULO,#NULO,#NULO,210001800104,PARTIDO ISOLADO,NOVO,PR,15/04/1985,93298400442,2,MASCULINO,8,SUPERIOR COMPLETO,3,CASADO(A),1,BRANCA,136,COMUNICÓLOGO,5,SUPLENTE
05/10/2026,10:14:11,2026,2,ELEIÇÃO ORDINÁRIA,1,6259,Eleições Gerais Estaduais 2026,04/10/2026,ESTADUAL,RS,RS,RIO GRANDE DO SUL,6,DEPUTADO FEDERAL,210002532990,3066,VITOR HUGO PINHEIRO BICCA,VITOR BICCA,#NULO,38027950082,NÃO DIVULGÁVEL,-3,#NE,PARTIDO ISOLADO,30,NOVO,PARTIDO NOVO,-1,#NULO,#NULO,#NULO,210001800104,PARTIDO ISOLADO,NOVO,RS,06/12/1962,19899100469,2,MASCULINO,8,SUPERIOR COMPLETO,9,DIVORCIADO(A),1,BRANCA,301,DIRETOR DE EMPRESAS,5,SUPLENTE
05/10/2026,10:14:11,2026,2,ELEIÇÃO ORDINÁRIA,1,6259,Eleições Gerais Estaduais 2026,04/10/2026,ESTADUAL,RS,RS,RIO GRANDE DO SUL,6,DEPUTADO FEDERAL,210002532991,3020,EMILIA MARI FRARE,EMILIA FRARE,#NULO,64921573034,NÃO DIVULGÁVEL,-3,#NE,PARTIDO ISOLADO,30,NOVO,PARTIDO NOVO,-1,#NULO,#NULO,#NULO,210001800104,PARTIDO ISOLADO,NOVO,RS,15/06/1970,53428360469,4,FEMININO,8,SUPERIOR COMPLETO,1,SOLTEIRO(A),1,BRANCA,125,ADMINISTRADOR,5,SUPLENTE
05/10/2026,10:14:11,2026,2,ELEIÇÃO ORDINÁRIA,1,6259,Eleições Gerais Estaduais 2026,04/10/2026,ESTADUAL,RS,RS,RIO GRANDE DO SUL,6,DEPUTADO FEDERAL,210002532992,3055,JOÃO BATISTA GARCIA DIAS,TITA DIAS,#NULO,45011370020,NÃO DIVULGÁVEL,-3,#NE,PARTIDO ISOLADO,30,NOVO,PARTIDO NOVO,-1,#NULO,#NULO,#NULO,210001800104,PARTIDO ISOLADO,NOVO,RS,15/11/1969,51581400400,2,MASCULINO,8,SUPERIOR COMPLETO,3,CASADO(A),1,BRANCA,125,ADMINISTRADOR,5,SUPLENTE
05/10/2026,10:14:11,2026,2,ELEIÇÃO ORDINÁRIA,1,6259,Eleições Gerais Estaduais 2026,04/10/2026,ESTADUAL,RS,RS,RIO GRANDE DO SUL,6,DEPUTADO FEDERAL,210002532993,3040,MILTON MILAN,MILTON MILAN,#NULO,39681092015,NÃO DIVULGÁVEL,-3,#NE,PARTIDO ISOLADO,30,NOVO,PARTIDO NOVO,-1,#NULO,#NULO,#NULO,210001800104,PARTIDO ISOLADO,NOVO,RS,23/08/1963,21701270400,2,MASCULINO,8,SUPERIOR COMPLETO,3,CASADO(A),1,BRANCA,101,ENGENHEIRO,5,SUPLENTE
05/10/2026,10:14:11,2026,2,ELEIÇÃO ORDINÁRIA,1,6259,Eleições Gerais Estaduais 2026,04/10/2026,ESTADUAL,RS,RS,RIO GRANDE DO SUL,6,DEPUTADO FEDERAL,210002532994,3090,ROVANI PERES DE ATHAYDE,ROVANI PERES,#NULO,39925480078,NÃO DIVULGÁVEL,-3,#NE,PARTIDO ISOLADO,30,NOVO,PARTIDO NOVO,-1,#NULO,#NULO,#NULO,210001800104,PARTIDO ISOLADO,NOVO,RS,08/12/1963,31418060469,2,MASCULINO,8,SUPERIOR COMPLETO,3,CASADO(A),1,BRANCA,296,SERVIDOR PÚBLICO FEDERAL,5,SUPLENTE
05/10/2026,10:14:11,2026,2,ELEIÇÃO ORDINÁRIA,1,6259,Eleições Gerais Estaduais 2026,04/10/2026,ESTADUAL,RS,RS,RIO GRANDE DO SUL,6,DEPUTADO FEDERAL,210002532995,3010,SANDRA BONETTO,SANDRA BONETTO,#NULO,69994439049,NÃO DIVULGÁVEL,-3,#NE,PARTIDO ISOLADO,30,NOVO,PARTIDO NOVO,-1,#NULO,#NULO,#NULO,210001800104,PARTIDO ISOLADO,NOVO,RS,05/11/1977,67099900442,4,FEMININO,8,SUPERIOR COMPLETO,3,CASADO(A),1,BRANCA,278,VEREADOR,5,SUPLENTE
05/10/2026,10:14:11,2026,2,ELEIÇÃO ORDINÁRIA,1,6259,Eleições Gerais Estaduais 2026,04/10/2026,ESTADUAL,RS,RS,RIO GRANDE DO SUL,6,DEPUTADO FEDERAL,210002532996,3022,HIAGO STOCK MORANDI,HIAGO MORANDI,#NULO,2860760040,NÃO DIVULGÁVEL,-3,#NE,PARTIDO ISOLADO,30,NOVO,PARTIDO NOVO,-1,#NULO,#NULO,#NULO,210001800104,PARTIDO ISOLADO,NOVO,RS,14/06/1994,109068750400,2,MASCULINO,6,ENSINO MÉDIO COMPLETO,3,CASADO(A),1,BRANCA,278,VEREADOR,5,SUPLENTE
05/10/2026,10:14:11,2026,2,ELEIÇÃO ORDINÁRIA,1,6259,Eleições Gerais Estaduais 2026,04/10/2026,ESTADUAL,RS,RS,RIO GRANDE DO SUL,6,DEPUTADO FEDERAL,210002532997,3070,DOUGLAS WINTER CIECHOWIEZ,DOUGLAS WINTER,#NULO,96788674000,NÃO DIVULGÁVEL,-3,#NE,PARTIDO ISOLADO,30,NOVO,PARTIDO NOVO,-1,#NULO,#NULO,#NULO,210001800104,PARTIDO ISOLADO,NOVO,RS,30/12/1981,75508500485,2,MASCULINO,8,SUPERIOR COMPLETO,3,CASADO(A),1,BRANCA,257,EMPRESÁRIO,5,SUPLENTE
05/10/2026,10:14:11,2026,2,ELEIÇÃO ORDINÁRIA,1,6259,Eleições Gerais Estaduais 2026,04/10/2026,ESTADUAL,RS,RS,RIO GRANDE DO SUL,6,DEPUTADO FEDERAL,210002532998,3000,ADA CRISTINA MUNARETTO,ADA MUNARETTO,#NULO,76645541015,NÃO DIVULGÁVEL,-3,#NE,PARTIDO ISOLADO,30,NOVO,PARTIDO NOVO,-1,#NULO,#NULO,#NULO,210001800104,PARTIDO ISOLADO,NOVO,RS,01/08/1975,61972900485,4,FEMININO,8,SUPERIOR COMPLETO,3,CASADO(A),1,BRANCA,278,VEREADOR,5,SUPLENTE
05/10/2026,10:14:11,2026,2,ELEIÇÃO ORDINÁRIA,1,6259,Eleições Gerais Estaduais 2026,04/10/2026,ESTADUAL,RS,RS,RIO GRANDE DO SUL,6,DEPUTADO FEDERAL,210002532999,3002,GRACIANO ANIBAL LIMA SAIS,GRACIANO SAIS,#NULO,26216680030,NÃO DIVULGÁVEL,-3,#NE,PARTIDO ISOLADO,30,NOVO,PARTIDO NOVO,-1,#NULO,#NULO,#NULO,210001800104,PARTIDO ISOLADO,NOVO,RS,28/10/1960,35441060426,2,MASCULINO,6,ENSINO MÉDIO COMPLETO,9,DIVORCIADO(A),1,BRANCA,169,COMERCIANTE,5,SUPLENTE
05/10/2026,10:14:11,2026,2,ELEIÇÃO ORDINÁRIA,1,6259,Eleições Gerais Estaduais 2026,04/10/2026,ESTADUAL,RS,RS,RIO GRANDE DO SUL,6,DEPUTADO FEDERAL,210002533000,3012,VANDA RODRIGUES SANTOS,VANDA SANTOS,#NULO,71943498091,NÃO DIVULGÁVEL,-3,#NE,PARTIDO ISOLADO,30,NOVO,PARTIDO NOVO,-1,#NULO,#NULO,#NULO,210001800104,PARTIDO ISOLADO,NOVO,RS,15/02/1974,67609030418,4,FEMININO,8,SUPERIOR COMPLETO,1,SOLTEIRO(A),1,BRANCA,131,ADVOGADO,5,SUPLENTE
05/10/2026,10:14:11,2026,2,ELEIÇÃO ORDINÁRIA,1,6259,Eleições Gerais Estaduais 2026,04/10/2026,ESTADUAL,RS,RS,RIO GRANDE DO SUL,6,DEPUTADO FEDERAL,210002533001,3077,LEANDRO HENDGES LOPES,LEANDRO LOPES,#NULO,1998879003,NÃO DIVULGÁVEL,-3,#NE,PARTIDO ISOLADO,30,NOVO,PARTIDO NOVO,-1,#NULO,#NULO,#NULO,210001800104,PARTIDO ISOLADO,NOVO,RS,15/08/1989,96765670442,2,MASCULINO,7,SUPERIOR INCOMPLETO,9,DIVORCIADO(A),1,BRANCA,999,OUTROS,5,SUPLENTE
05/10/2026,10:14:11,2026,2,ELEIÇÃO ORDINÁRIA,1,6259,Eleições Gerais Estaduais 2026,04/10/2026,ESTADUAL,RS,RS,RIO GRANDE DO SUL,6,DEPUTADO FEDERAL,210002533002,3030,FELIPE ZORTÉA CAMOZZATO,FELIPE CAMOZZATO,#NULO,1853599069,NÃO DIVULGÁVEL,-3,#NE,PARTIDO ISOLADO,30,NOVO,PARTIDO NOVO,-1,#NULO,#NULO,#NULO,210001800104,PARTIDO ISOLADO,NOVO,RS,09/01/1988,96398230400,2,MASCULINO,8,SUPERIOR COMPLETO,3,CASADO(A),1,BRANCA,277,DEPUTADO,2,ELEITO POR QP
05/10/2026,10:14:11,2026,2,ELEIÇÃO ORDINÁRIA,1,6259,Eleições Gerais Estaduais 2026,04/10/2026,ESTADUAL,RS,RS,RIO GRANDE DO SUL,6,DEPUTADO FEDERAL,210002533003,3019,MARCO ANTONIO MOURA DOS SANTOS,CORONEL MARCO SANTOS,#NULO,33941653091,NÃO DIVULGÁVEL,-3,#NE,PARTIDO ISOLADO,30,NOVO,PARTIDO NOVO,-1,#NULO,#NULO,#NULO,210001800104,PARTIDO ISOLADO,NOVO,RS,22/05/1962,3850900400,2,MASCULINO,8,SUPERIOR COMPLETO,3,CASADO(A),1,BRANCA,233,POLICIAL MILITAR,5,SUPLENTE
05/10/2026,10:14:11,2026,2,ELEIÇÃO ORDINÁRIA,1,6259,Eleições Gerais Estaduais 2026,04/10/2026,ESTADUAL,RS,RS,RIO GRANDE DO SUL,6,DEPUTADO FEDERAL,210002533004,3009,EDUARDO GIL DA SILVA CARREIRA,EDUARDO CARREIRA,#NULO,72420863020,NÃO DIVULGÁVEL,-3,#NE,PARTIDO ISOLADO,30,NOVO,PARTIDO NOVO,-1,#NULO,#NULO,#NULO,210001800104,PARTIDO ISOLADO,NOVO,RS,27/11/1975,59858800400,2,MASCULINO,8,SUPERIOR COMPLETO,9,DIVORCIADO(A),1,BRANCA,131,ADVOGADO,5,SUPLENTE
05/10/2026,10:14:11,2026,2,ELEIÇÃO ORDINÁRIA,1,6259,Eleições Gerais Estaduais 2026,04/10/2026,ESTADUAL,RS,RS,RIO GRANDE DO SUL,6,DEPUTADO FEDERAL,210002533005,3099,GIANCARLO SOUZA SOUTO,SOUZA SOUTO,#NULO,3581070081,NÃO DIVULGÁVEL,-3,#NE,PARTIDO ISOLADO,30,NOVO,PARTIDO NOVO,-1,#NULO,#NULO,#NULO,210001800104,PARTIDO ISOLADO,NOVO,RS,03/02/1999,113153710469,2,MASCULINO,7,SUPERIOR INCOMPLETO,1,SOLTEIRO(A),1,BRANCA,392,"TRABALHADOR DOS SERVIÇOS DE CONTABILIDADE, DE CAIXA E ASSEMELHADOS",5,SUPLENTE
05/10/2026,10:14:11,2026,2,ELEIÇÃO ORDINÁRIA,1,6259,Eleições Gerais Estaduais 2026,04/10/2026,ESTADUAL,RS,RS,RIO GRANDE DO SUL,6,DEPUTADO FEDERAL,210002533006,3003,FABIO MAIA OSTERMANN,FABIO OSTERMANN,#NULO,909999082,NÃO DIVULGÁVEL,-3,#NE,PARTIDO ISOLADO,30,NOVO,PARTIDO NOVO,-1,#NULO,#NULO,#NULO,210001800104,PARTIDO ISOLADO,NOVO,RS,30/08/1984,84018730493,2,MASCULINO,8,SUPERIOR COMPLETO,3,CASADO(A),1,BRANCA,142,PROFESSOR DE ENSINO SUPERIOR,5,SUPLENTE
05/10/2026,10:14:11,2026,2,ELEIÇÃO ORDINÁRIA,1,6259,Eleições Gerais Estaduais 2026,04/10/2026,ESTADUAL,RS,RS,RIO GRANDE DO SUL,6,DEPUTADO FEDERAL,210002533007,3034,JÚLIA BUENO ZARDO,JÚLIA ZARDO,#NULO,2364435005,NÃO DIVULGÁVEL,-3,#NE,PARTIDO ISOLADO,30,NOVO,PARTIDO NOVO,-1,#NULO,#NULO,#NULO,210001800104,PARTIDO ISOLADO,NOVO,RS,09/07/1995,109927880450,4,FEMININO,8,SUPERIOR COMPLETO,1,SOLTEIRO(A),1,BRANCA,102,ARQUITETO,5,SUPLENTE
05/10/2026,10:14:11,2026,2,ELEIÇÃO ORDINÁRIA,1,6259,Eleições Gerais Estaduais 2026,04/10/2026,ESTADUAL,RS,RS,RIO GRANDE DO SUL,6,DEPUTADO FEDERAL,210002533008,3031,WAGNER MACHADO BITTENCOURT,SARGENTO WAGNER,#NULO,1342465008,NÃO DIVULGÁVEL,-3,#NE,PARTIDO ISOLADO,30,NOVO,PARTIDO NOVO,-1,#NULO,#NULO,#NULO,210001800104,PARTIDO ISOLADO,NOVO,RS,16/03/1987,91565170400,2,MASCULINO,8,SUPERIOR COMPLETO,3,CASADO(A),1,BRANCA,295,MEMBRO DAS FORÇAS ARMADAS,5,SUPLENTE
05/10/2026,10:14:11,2026,2,ELEIÇÃO ORDINÁRIA,1,6259,Eleições Gerais Estaduais 2026,04/10/2026,ESTADUAL,RS,RS,RIO GRANDE DO SUL,6,DEPUTADO FEDERAL,210002533009,3075,EDUARDO WARTCHOW,EDUARDO WARTCHOW,#NULO,88595463034,NÃO DIVULGÁVEL,-3,#NE,PARTIDO ISOLADO,30,NOVO,PARTIDO NOVO,-1,#NULO,#NULO,#NULO,210001800104,PARTIDO ISOLADO,NOVO,RS,14/11/1975,65181290485,2,MASCULINO,8,SUPERIOR COMPLETO,3,CASADO(A),1,BRANCA,124,CONTADOR,5,SUPLENTE
05/10/2026,10:14:11,2026,2,ELEIÇÃO ORDINÁRIA,1,6259,Eleições Gerais Estaduais 2026,04/10/2026,ESTADUAL,RS,RS,RIO GRANDE DO SUL,6,DEPUTADO FEDERAL,210002533010,3050,LARA PRADE,LARA PRADE,#NULO,2331650020,NÃO DIVULGÁVEL,-3,#NE,PARTIDO ISOLADO,30,NOVO,PARTIDO NOVO,-1,#NULO,#NULO,#NULO,210001800104,PARTIDO ISOLADO,NOVO,RS,27/05/1998,116414010442,4,FEMININO,8,SUPERIOR COMPLETO,1,SOLTEIRO(A),1,BRANCA,257,EMPRESÁRIO,5,SUPLENTE
05/10/2026,10:14:11,2026,2,ELEIÇÃO ORDINÁRIA,1,6259,Eleições Gerais Estaduais 2026,04/10/2026,ESTADUAL,RS,RS,RIO GRANDE DO SUL,6,DEPUTADO FEDERAL,210002533011,3032,JARBAS NEUMANN,JARBAS NEUMANN,#NULO,2851793063,NÃO DIVULGÁVEL,-3,#NE,PARTIDO ISOLADO,30,NOVO,PARTIDO NOVO,-1,#NULO,#NULO,#NULO,210001800104,PARTIDO ISOLADO,NOVO,RS,16/10/1994,108614890418,2,MASCULINO,8,SUPERIOR COMPLETO,1,SOLTEIRO(A),1,BRANCA,257,EMPRESÁRIO,5,SUPLENTE
05/10/2026,10:14:11,2026,2,ELEIÇÃO ORDINÁRIA,1,6259,Eleições Gerais Estaduais 2026,04/10/2026,ESTADUAL,RS,RS,RIO GRANDE DO SUL,6,DEPUTADO FEDERAL,210002533012,3033,CARLA RODRIGUES DAITX,CARLA DAITX,#NULO,91077338015,NÃO DIVULGÁVEL,-3,#NE,PARTIDO ISOLADO,30,NOVO,PARTIDO NOVO,-1,#NULO,#NULO,#NULO,210001800104,PARTIDO ISOLADO,NOVO,RS,19/12/1976,55185640493,4,FEMININO,8,SUPERIOR COMPLETO,1,SOLTEIRO(A),1,BRANCA,278,VEREADOR,5,SUPLENTE
05/10/2026,10:14:11,2026,2,ELEIÇÃO ORDINÁRIA,1,6259,Eleições Gerais Estaduais 2026,04/10/2026,ESTADUAL,RS,RS,RIO GRANDE DO SUL,6,DEPUTADO FEDERAL,210002533013,3018,FABIANA BORBA HILARIO,FABIANA HILARIO,#NULO,82088160000,NÃO DIVULGÁVEL,-3,#NE,PARTIDO ISOLADO,30,NOVO,PARTIDO NOVO,-1,#NULO,#NULO,#NULO,210001800104,PARTIDO ISOLADO,NOVO,RS,08/04/1976,61888860493,4,FEMININO,8,SUPERIOR COMPLETO,9,DIVORCIADO(A),1,BRANCA,131,ADVOGADO,5,SUPLENTE
05/10/2026,10:14:11,2026,2,ELEIÇÃO ORDINÁRIA,1,6259,Eleições Gerais Estaduais 2026,04/10/2026,ESTADUAL,RS,RS,RIO GRANDE DO SUL,6,DEPUTADO FEDERAL,210002533014,3060,NEUDI JOSE COLOMBO,PR. COLOMBO,#NULO,41349970034,NÃO DIVULGÁVEL,-3,#NE,PARTIDO ISOLADO,30,NOVO,PARTIDO NOVO,-1,#NULO,#NULO,#NULO,210001800104,PARTIDO ISOLADO,NOVO,SC,10/09/1965,33111730418,2,MASCULINO,8,SUPERIOR COMPLETO,3,CASADO(A),1,BRANCA,257,EMPRESÁRIO,5,SUPLENTE
05/10/2026,10:14:11,2026,2,ELEIÇÃO ORDINÁRIA,1,6259,Eleições Gerais Estaduais 2026,04/10/2026,ESTADUAL,RS,RS,RIO GRANDE DO SUL,6,DEPUTADO FEDERAL,210002533015,3001,NAYANE MARCELA MAGALHÃES MOUSQUER SCHMIDT,NAYANE MOUSQUER,#NULO,83568905000,NÃO DIVULGÁVEL,-3,#NE,PARTIDO ISOLADO,30,NOVO,PARTIDO NOVO,-1,#NULO,#NULO,#NULO,210001800104,PARTIDO ISOLADO,NOVO,SP,26/12/1986,94661780426,4,FEMININO,8,SUPERIOR COMPLETO,3,CASADO(A),1,BRANCA,131,ADVOGADO,5,SUPLENTE
05/10/2026,10:14:11,2026,2,ELEIÇÃO ORDINÁRIA,1,6259,Eleições Gerais Estaduais 2026,04/10/2026,ESTADUAL,RS,RS,RIO GRANDE DO SUL,6,DEPUTADO FEDERAL,210002533016,3007,ALINI ARTIOLI DE SOUZA,ALINI ARTIOLI,#NULO,3076603035,NÃO DIVULGÁVEL,-3,#NE,PARTIDO ISOLADO,30,NOVO,PARTIDO NOVO,-1,#NULO,#NULO,#NULO,210001800104,PARTIDO ISOLADO,NOVO,BA,15/02/1992,101646210469,4,FEMININO,8,SUPERIOR COMPLETO,9,DIVORCIADO(A),1,BRANCA,121,ECONOMISTA,5,SUPLENTE
05/10/2026,10:14:11,2026,2,ELEIÇÃO ORDINÁRIA,1,6259,Eleições Gerais Estaduais 2026,04/10/2026,ESTADUAL,RS,RS,RIO GRANDE DO SUL,6,DEPUTADO FEDERAL,210002533415,8008,JAQUELINE SILINSKE,PROF JAQUE,#NULO,2529683018,NÃO DIVULGÁVEL,-3,#NE,PARTIDO ISOLADO,80,UP,UNIDADE POPULAR,-1,#NULO,#NULO,#NULO,210001800145,PARTIDO ISOLADO,UP,RS,04/12/1991,101213050400,4,FEMININO,8,SUPERIOR COMPLETO,1,SOLTEIRO(A),1,BRANCA,142,PROFESSOR DE ENSINO SUPERIOR,4,NÃO ELEITO
05/10/2026,10:14:11,2026,2,ELEIÇÃO ORDINÁRIA,1,6259,Eleições Gerais Estaduais 2026,04/10/2026,ESTADUAL,RS,RS,RIO GRANDE DO SUL,6,DEPUTADO FEDERAL,210002533416,8080,BRUNO ALEXANDRE FERREIRA DE FREITAS,BRUNO DO MLB,#NULO,3274382078,NÃO DIVULGÁVEL,-3,#NE,PARTIDO ISOLADO,80,UP,UNIDADE POPULAR,-1,#NULO,#NULO,#NULO,210001800145,PARTIDO ISOLADO,UP,RS,18/03/1995,114530860469,2,MASCULINO,8,SUPERIOR COMPLETO,1,SOLTEIRO(A),1,BRANCA,132,PSICÓLOGO,4,NÃO ELEITO
05/10/2026,10:14:11,2026,2,ELEIÇÃO ORDINÁRIA,1,6259,Eleições Gerais Estaduais 2026,04/10/2026,ESTADUAL,RS,RS,RIO GRANDE DO SUL,6,DEPUTADO FEDERAL,210002533417,8000,GUSTAVO RAMOS ESTERY,GUSTAVO RAMOS,#NULO,4040466063,NÃO DIVULGÁVEL,-3,#NE,PARTIDO ISOLADO,80,UP,UNIDADE POPULAR,-1,#NULO,#NULO,#NULO,210001800145,PARTIDO ISOLADO,UP,RS,09/09/2000,119904510493,2,MASCULINO,7,SUPERIOR INCOMPLETO,1,SOLTEIRO(A),3,PARDA,999,OUTROS,4,NÃO ELEITO
05/10/2026,10:14:11,2026,2,ELEIÇÃO ORDINÁRIA,1,6259,Eleições Gerais Estaduais 2026,04/10/2026,ESTADUAL,RS,RS,RIO GRANDE DO SUL,6,DEPUTADO FEDERAL,210002533900,5011,MARCIA APARECIDA FRANÇA DOS SANTOS,BAIANA MÁRCIA FRANÇA,#NULO,30288411854,NÃO DIVULGÁVEL,-3,#NE,FEDERAÇÃO,50,PSOL,PARTIDO SOCIALISMO E LIBERDADE,102,FEDERAÇÃO PSOL REDE,50-PSOL/18-REDE,50-PSOL/18-REDE,210001800119,FEDERAÇÃO,FEDERAÇÃO PSOL REDE (50-PSOL / 18-REDE),BA,19/03/1983,113904800507,4,FEMININO,5,ENSINO MÉDIO INCOMPLETO,1,SOLTEIRO(A),3,PARDA,394,AUXILIAR DE ESCRITÓRIO E ASSEMELHADOS,5,SUPLENTE
05/10/2026,10:14:11,2026,2,ELEIÇÃO ORDINÁRIA,1,6259,Eleições Gerais Estaduais 2026,04/10/2026,ESTADUAL,RS,RS,RIO GRANDE DO SUL,6,DEPUTADO FEDERAL,210002533901,5033,PATRICIA DE OLIVEIRA REX,PATY REX,#NULO,7942666905,NÃO DIVULGÁVEL,-3,#NE,FEDERAÇÃO,50,PSOL,PARTIDO SOCIALISMO E LIBERDADE,102,FEDERAÇÃO PSOL REDE,50-PSOL/18-REDE,50-PSOL/18-REDE,210001800119,FEDERAÇÃO,FEDERAÇÃO PSOL REDE (50-PSOL / 18-REDE),PR,22/09/1989,87391720647,4,FEMININO,8,SUPERIOR COMPLETO,1,SOLTEIRO(A),1,BRANCA,999,OUTROS,5,SUPLENTE
05/10/2026,10:14:11,2026,2,ELEIÇÃO ORDINÁRIA,1,6259,Eleições Gerais Estaduais 2026,04/10/2026,ESTADUAL,RS,RS,RIO GRANDE DO SUL,6,DEPUTADO FEDERAL,210002533902,5050,FERNANDA MELCHIONNA E SILVA,FERNANDA MELCHIONNA,#NULO,213461005,NÃO DIVULGÁVEL,-3,#NE,FEDERAÇÃO,50,PSOL,PARTIDO SOCIALISMO E LIBERDADE,102,FEDERAÇÃO PSOL REDE,50-PSOL/18-REDE,50-PSOL/18-REDE,210001800119,FEDERAÇÃO,FEDERAÇÃO PSOL REDE (50-PSOL / 18-REDE),RS,02/02/1984,84800660469,4,FEMININO,8,SUPERIOR COMPLETO,1,SOLTEIRO(A),1,BRANCA,277,DEPUTADO,2,ELEITO POR QP
05/10/2026,10:14:11,2026,2,ELEIÇÃO ORDINÁRIA,1,6259,Eleições Gerais Estaduais 2026,04/10/2026,ESTADUAL,RS,RS,RIO GRANDE DO SUL,6,DEPUTADO FEDERAL,210002533903,1818,DAIANE DOS SANTOS MARTINS,DAIANE MARTINS,#NULO,2229899040,NÃO DIVULGÁVEL,-3,#NE,FEDERAÇÃO,18,REDE,REDE SUSTENTABILIDADE,102,FEDERAÇÃO PSOL REDE,50-PSOL/18-REDE,50-PSOL/18-REDE,210001800119,FEDERAÇÃO,FEDERAÇÃO PSOL REDE (50-PSOL / 18-REDE),RS,20/03/1989,94952580426,4,FEMININO,7,SUPERIOR INCOMPLETO,1,SOLTEIRO(A),3,PARDA,999,OUTROS,5,SUPLENTE
05/10/2026,10:14:11,2026,2,ELEIÇÃO ORDINÁRIA,1,6259,Eleições Gerais Estaduais 2026,04/10/2026,ESTADUAL,RS,RS,RIO GRANDE DO SUL,6,DEPUTADO FEDERAL,210002533904,5066,LEANDRO DUTRA SOARES,LEANDRO DUTRA,#NULO,62898647004,NÃO DIVULGÁVEL,-3,#NE,FEDERAÇÃO,50,PSOL,PARTIDO SOCIALISMO E LIBERDADE,102,FEDERAÇÃO PSOL REDE,50-PSOL/18-REDE,50-PSOL/18-REDE,210001800119,FEDERAÇÃO,FEDERAÇÃO PSOL REDE (50-PSOL / 18-REDE),RS,04/02/1974,59356650400,2,MASCULINO,7,SUPERIOR INCOMPLETO,3,CASADO(A),2,PRETA,403,"CORRETOR DE IMÓVEIS, SEGUROS, TÍTULOS E VALORES",5,SUPLENTE
05/10/2026,10:14:11,2026,2,ELEIÇÃO ORDINÁRIA,1,6259,Eleições Gerais Estaduais 2026,04/10/2026,ESTADUAL,RS,RS,RIO GRANDE DO SUL,6,DEPUTADO FEDERAL,210002533905,5012,JOÃO LUIZ BRAGA,JOHN ELVIS BRAGA,#NULO,46151222091,NÃO DIVULGÁVEL,-3,#NE,FEDERAÇÃO,50,PSOL,PARTIDO SOCIALISMO E LIBERDADE,102,FEDERAÇÃO PSOL REDE,50-PSOL/18-REDE,50-PSOL/18-REDE,210001800119,FEDERAÇÃO,FEDERAÇÃO PSOL REDE (50-PSOL / 18-REDE),RS,30/01/1966,28732150442,2,MASCULINO,8,SUPERIOR COMPLETO,1,SOLTEIRO(A),1,BRANCA,121,ECONOMISTA,5,SUPLENTE
05/10/2026,10:14:11,2026,2,ELEIÇÃO ORDINÁRIA,1,6259,Eleições Gerais Estaduais 2026,04/10/2026,ESTADUAL,RS,RS,RIO GRANDE DO SUL,6,DEPUTADO FEDERAL,210002533906,5077,EDERSON SOLANO ALVES,PAI EDERSON DE OGUM,#NULO,1866816071,NÃO DIVULGÁVEL,-3,#NE,FEDERAÇÃO,50,PSOL,PARTIDO SOCIALISMO E LIBERDADE,102,FEDERAÇÃO PSOL REDE,50-PSOL/18-REDE,50-PSOL/18-REDE,210001800119,FEDERAÇÃO,FEDERAÇÃO PSOL REDE (50-PSOL / 18-REDE),RS,11/09/1985,84002370493,2,MASCULINO,3,ENSINO FUNDAMENTAL INCOMPLETO,1,SOLTEIRO(A),1,BRANCA,999,OUTROS,5,SUPLENTE
05/10/2026,10:14:11,2026,2,ELEIÇÃO ORDINÁRIA,1,6259,Eleições Gerais Estaduais 2026,04/10/2026,ESTADUAL,RS,RS,RIO GRANDE DO SUL,6,DEPUTADO FEDERAL,210002533907,1800,JÚLIO ALBERTO BRAGA LOPES DE MOURA,JULIO MOURA VOLUNTÁRIO,#NULO,53220242049,NÃO DIVULGÁVEL,-3,#NE,FEDERAÇÃO,18,REDE,REDE SUSTENTABILIDADE,102,FEDERAÇÃO PSOL REDE,50-PSOL/18-REDE,50-PSOL/18-REDE,210001800119,FEDERAÇÃO,FEDERAÇÃO PSOL REDE (50-PSOL / 18-REDE),RS,13/07/1968,256710442,2,MASCULINO,6,ENSINO MÉDIO COMPLETO,1,SOLTEIRO(A),1,BRANCA,999,OUTROS,5,SUPLENTE
05/10/2026,10:14:11,2026,2,ELEIÇÃO ORDINÁRIA,1,6259,Eleições Gerais Estaduais 2026,04/10/2026,ESTADUAL,RS,RS,RIO GRANDE DO SUL,6,DEPUTADO FEDERAL,210002533908,5070,INGRA COSTA E SILVA,INGRA,#NULO,2456074041,NÃO DIVULGÁVEL,-3,#NE,FEDERAÇÃO,50,PSOL,PARTIDO SOCIALISMO E LIBERDADE,102,FEDERAÇÃO PSOL REDE,50-PSOL/18-REDE,50-PSOL/18-REDE,210001800119,FEDERAÇÃO,FEDERAÇÃO PSOL REDE (50-PSOL / 18-REDE),RS,02/04/1991,102474980426,4,FEMININO,8,SUPERIOR COMPLETO,1,SOLTEIRO(A),1,BRANCA,171,JORNALISTA E REDATOR,5,SUPLENTE
05/10/2026,10:14:11,2026,2,ELEIÇÃO ORDINÁRIA,1,6259,Eleições Gerais Estaduais 2026,04/10/2026,ESTADUAL,RS,RS,RIO GRANDE DO SUL,6,DEPUTADO FEDERAL,210002533909,5010,LEANDRO TORANCA FAGUNDES,GUIDO CNR,#NULO,85533289020,NÃO DIVULGÁVEL,-3,#NE,FEDERAÇÃO,50,PSOL,PARTIDO SOCIALISMO E LIBERDADE,102,FEDERAÇÃO PSOL REDE,50-PSOL/18-REDE,50-PSOL/18-REDE,210001800119,FEDERAÇÃO,FEDERAÇÃO PSOL REDE (50-PSOL / 18-REDE),RS,04/03/1980,105843160442,2,MASCULINO,6,ENSINO MÉDIO COMPLETO,3,CASADO(A),2,PRETA,164,MÚSICO,5,SUPLENTE
05/10/2026,10:14:11,2026,2,ELEIÇÃO ORDINÁRIA,1,6259,Eleições Gerais Estaduais 2026,04/10/2026,ESTADUAL,RS,RS,RIO GRANDE DO SUL,6,DEPUTADO FEDERAL,210002533910,5045,BETINA DIAS TORRIANI,BETINA TORRIANI,#NULO,3489242084,NÃO DIVULGÁVEL,-3,#NE,FEDERAÇÃO,50,PSOL,PARTIDO SOCIALISMO E LIBERDADE,102,FEDERAÇÃO PSOL REDE,50-PSOL/18-REDE,50-PSOL/18-REDE,210001800119,FEDERAÇÃO,FEDERAÇÃO PSOL REDE (50-PSOL / 18-REDE),RS,12/05/1994,103488320442,4,FEMININO,8,SUPERIOR COMPLETO,1,SOLTEIRO(A),1,BRANCA,266,PROFESSOR DE ENSINO MÉDIO,5,SUPLENTE
05/10/2026,10:14:11,2026,2,ELEIÇÃO ORDINÁRIA,1,6259,Eleições Gerais Estaduais 2026,04/10/2026,ESTADUAL,RS,RS,RIO GRANDE DO SUL,6,DEPUTADO FEDERAL,210002533911,5004,EDERSON DE OLIVEIRA RODRIGUES,SOLDADO EDERSON,#NULO,1565285093,NÃO DIVULGÁVEL,-3,#NE,FEDERAÇÃO,50,PSOL,PARTIDO SOCIALISMO E LIBERDADE,102,FEDERAÇÃO PSOL REDE,50-PSOL/18-REDE,50-PSOL/18-REDE,210001800119,FEDERAÇÃO,FEDERAÇÃO PSOL REDE (50-PSOL / 18-REDE),RS,02/05/1988,97424120493,2,MASCULINO,6,ENSINO MÉDIO COMPLETO,9,DIVORCIADO(A),2,PRETA,233,POLICIAL MILITAR,5,SUPLENTE
05/10/2026,10:14:11,2026,2,ELEIÇÃO ORDINÁRIA,1,6259,Eleições Gerais Estaduais 2026,04/10/2026,ESTADUAL,RS,RS,RIO GRANDE DO SUL,6,DEPUTADO FEDERAL,210002533912,5055,JURANDIR BUCHWEITZ E SILVA,JURANDIR SILVA,#NULO,92189040,NÃO DIVULGÁVEL,-3,#NE,FEDERAÇÃO,50,PSOL,PARTIDO SOCIALISMO E LIBERDADE,102,FEDERAÇÃO PSOL REDE,50-PSOL/18-REDE,50-PSOL/18-REDE,210001800119,FEDERAÇÃO,FEDERAÇÃO PSOL REDE (50-PSOL / 18-REDE),RS,15/06/1983,81932580485,2,MASCULINO,8,SUPERIOR COMPLETO,1,SOLTEIRO(A),1,BRANCA,278,VEREADOR,5,SUPLENTE
05/10/2026,10:14:11,2026,2,ELEIÇÃO ORDINÁRIA,1,6259,Eleições Gerais Estaduais 2026,04/10/2026,ESTADUAL,RS,RS,RIO GRANDE DO SUL,6,DEPUTADO FEDERAL,210002533913,5001,ATENA BEAUVOIR ROVEDA,ATENA,ATENA BEAUVOIR ROVEDA,84498773004,NÃO DIVULGÁVEL,-3,#NE,FEDERAÇÃO,50,PSOL,PARTIDO SOCIALISMO E LIBERDADE,102,FEDERAÇÃO PSOL REDE,50-PSOL/18-REDE,50-PSOL/18-REDE,210001800119,FEDERAÇÃO,FEDERAÇÃO PSOL REDE (50-PSOL / 18-REDE),RS,20/04/1991,105179490434,4,FEMININO,8,SUPERIOR COMPLETO,1,SOLTEIRO(A),1,BRANCA,278,VEREADOR,5,SUPLENTE
05/10/2026,10:14:11,2026,2,ELEIÇÃO ORDINÁRIA,1,6259,Eleições Gerais Estaduais 2026,04/10/2026,ESTADUAL,RS,RS,RIO GRANDE DO SUL,6,DEPUTADO FEDERAL,210002533914,5075,TIAGO DOMINGUEZ PACHECO,TIAGO DOMINGUEZ,#NULO,2358675008,NÃO DIVULGÁVEL,-3,#NE,FEDERAÇÃO,50,PSOL,PARTIDO SOCIALISMO E LIBERDADE,102,FEDERAÇÃO PSOL REDE,50-PSOL/18-REDE,50-PSOL/18-REDE,210001800119,FEDERAÇÃO,FEDERAÇÃO PSOL REDE (50-PSOL / 18-REDE),RS,11/05/1993,106108370493,2,MASCULINO,8,SUPERIOR COMPLETO,1,SOLTEIRO(A),1,BRANCA,112,VETERINÁRIO,5,SUPLENTE
05/10/2026,10:14:11,2026,2,ELEIÇÃO ORDINÁRIA,1,6259,Eleições Gerais Estaduais 2026,04/10/2026,ESTADUAL,RS,RS,RIO GRANDE DO SUL,6,DEPUTADO FEDERAL,210002533915,5015,CRISTIANE MACHADO MARQUES,CRIS MACHADO,#NULO,81352891034,NÃO DIVULGÁVEL,-3,#NE,FEDERAÇÃO,50,PSOL,PARTIDO SOCIALISMO E LIBERDADE,102,FEDERAÇÃO PSOL REDE,50-PSOL/18-REDE,50-PSOL/18-REDE,210001800119,FEDERAÇÃO,FEDERAÇÃO PSOL REDE (50-PSOL / 18-REDE),RS,03/10/1985,94373750426,4,FEMININO,6,ENSINO MÉDIO COMPLETO,1,SOLTEIRO(A),2,PRETA,999,OUTROS,5,SUPLENTE
05/10/2026,10:14:11,2026,2,ELEIÇÃO ORDINÁRIA,1,6259,Eleições Gerais Estaduais 2026,04/10/2026,ESTADUAL,RS,RS,RIO GRANDE DO SUL,6,DEPUTADO FEDERAL,210002533916,5002,TAMIRES PAVEGLIO,TAMI PAVEGLIO,#NULO,3364193096,NÃO DIVULGÁVEL,-3,#NE,FEDERAÇÃO,50,PSOL,PARTIDO SOCIALISMO E LIBERDADE,102,FEDERAÇÃO PSOL REDE,50-PSOL/18-REDE,50-PSOL/18-REDE,210001800119,FEDERAÇÃO,FEDERAÇÃO PSOL REDE (50-PSOL / 18-REDE),RS,19/04/1994,110332370477,4,FEMININO,6,ENSINO MÉDIO COMPLETO,1,SOLTEIRO(A),1,BRANCA,132,PSICÓLOGO,5,SUPLENTE
05/10/2026,10:14:11,2026,2,ELEIÇÃO ORDINÁRIA,1,6259,Eleições Gerais Estaduais 2026,04/10/2026,ESTADUAL,RS,RS,RIO GRANDE DO SUL,6,DEPUTADO FEDERAL,210002533917,5005,RAFAEL DIAS PERLASCA,RAFAEL PERLASCA,RAFAEL DIAS PERLASCA,787119083,NÃO DIVULGÁVEL,-3,#NE,FEDERAÇÃO,50,PSOL,PARTIDO SOCIALISMO E LIBERDADE,102,FEDERAÇÃO PSOL REDE,50-PSOL/18-REDE,50-PSOL/18-REDE,210001800119,FEDERAÇÃO,FEDERAÇÃO PSOL REDE (50-PSOL / 18-REDE),RS,15/01/1987,92645760434,2,MASCULINO,7,SUPERIOR INCOMPLETO,3,CASADO(A),1,BRANCA,298,SERVIDOR PÚBLICO MUNICIPAL,5,SUPLENTE
05/10/2026,10:14:11,2026,2,ELEIÇÃO ORDINÁRIA,1,6259,Eleições Gerais Estaduais 2026,04/10/2026,ESTADUAL,RS,RS,RIO GRANDE DO SUL,6,DEPUTADO FEDERAL,210002533918,5099,PAULO BRACK,PAULO BRACK,#NULO,38071576034,NÃO DIVULGÁVEL,-3,#NE,FEDERAÇÃO,50,PSOL,PARTIDO SOCIALISMO E LIBERDADE,102,FEDERAÇÃO PSOL REDE,50-PSOL/18-REDE,50-PSOL/18-REDE,210001800119,FEDERAÇÃO,FEDERAÇÃO PSOL REDE (50-PSOL / 18-REDE),RS,20/09/1959,44237010442,2,MASCULINO,8,SUPERIOR COMPLETO,3,CASADO(A),1,BRANCA,142,PROFESSOR DE ENSINO SUPERIOR,5,SUPLENTE
05/10/2026,10:14:11,2026,2,ELEIÇÃO ORDINÁRIA,1,6259,Eleições Gerais Estaduais 2026,04/10/2026,ESTADUAL,RS,RS,RIO GRANDE DO SUL,6,DEPUTADO FEDERAL,210002533919,5000,CARLOS ROBERTO DE SOUZA ROBAINA,ROBERTO ROBAINA,#NULO,64244253068,NÃO DIVULGÁVEL,-3,#NE,FEDERAÇÃO,50,PSOL,PARTIDO SOCIALISMO E LIBERDADE,102,FEDERAÇÃO PSOL REDE,50-PSOL/18-REDE,50-PSOL/18-REDE,210001800119,FEDERAÇÃO,FEDERAÇÃO PSOL REDE (50-PSOL / 18-REDE),RS,29/09/1967,37622120493,2,MASCULINO,8,SUPERIOR COMPLETO,1,SOLTEIRO(A),1,BRANCA,278,VEREADOR,5,SUPLENTE
05/10/2026,10:14:11,2026,2,ELEIÇÃO ORDINÁRIA,1,6259,Eleições Gerais Estaduais 2026,04/10/2026,ESTADUAL,RS,RS,RIO GRANDE DO SUL,6,DEPUTADO FEDERAL,210002533920,5090,VINICIUS DE MORAES BRASIL,PROFESSOR VINICIUS,#NULO,1172750009,NÃO DIVULGÁVEL,-3,#NE,FEDERAÇÃO,50,PSOL,PARTIDO SOCIALISMO E LIBERDADE,102,FEDERAÇÃO PSOL REDE,50-PSOL/18-REDE,50-PSOL/18-REDE,210001800119,FEDERAÇÃO,FEDERAÇÃO PSOL REDE (50-PSOL / 18-REDE),RS,04/08/1984,87741460469,2,MASCULINO,8,SUPERIOR COMPLETO,1,SOLTEIRO(A),1,BRANCA,266,PROFESSOR DE ENSINO MÉDIO,5,SUPLENTE
05/10/2026,10:14:11,2026,2,ELEIÇÃO ORDINÁRIA,1,6259,Eleições Gerais Estaduais 2026,04/10/2026,ESTADUAL,RS,RS,RIO GRANDE DO SUL,6,DEPUTADO FEDERAL,210002533921,5007,ALISSON DA SILVA OLIVEIRA,ALISSON OLIVEIRA,#NULO,3219786090,NÃO DIVULGÁVEL,-3,#NE,FEDERAÇÃO,50,PSOL,PARTIDO SOCIALISMO E LIBERDADE,102,FEDERAÇÃO PSOL REDE,50-PSOL/18-REDE,50-PSOL/18-REDE,210001800119,FEDERAÇÃO,FEDERAÇÃO PSOL REDE (50-PSOL / 18-REDE),RS,16/04/1994,106946280450,2,MASCULINO,7,SUPERIOR INCOMPLETO,1,SOLTEIRO(A),1,BRANCA,999,OUTROS,5,SUPLENTE
05/10/2026,10:14:11,2026,2,ELEIÇÃO ORDINÁRIA,1,6259,Eleições Gerais Estaduais 2026,04/10/2026,ESTADUAL,RS,RS,RIO GRANDE DO SUL,6,DEPUTADO FEDERAL,210002533922,5086,GLADIS ELISA LIGORIO DA SILVA,MÃE KATITA DE OXALÁ,#NULO,70080550053,NÃO DIVULGÁVEL,-3,#NE,FEDERAÇÃO,50,PSOL,PARTIDO SOCIALISMO E LIBERDADE,102,FEDERAÇÃO PSOL REDE,50-PSOL/18-REDE,50-PSOL/18-REDE,210001800119,FEDERAÇÃO,FEDERAÇÃO PSOL REDE (50-PSOL / 18-REDE),RS,02/10/1964,8757560493,4,FEMININO,5,ENSINO MÉDIO INCOMPLETO,1,SOLTEIRO(A),2,PRETA,999,OUTROS,5,SUPLENTE
05/10/2026,10:14:11,2026,2,ELEIÇÃO ORDINÁRIA,1,6259,Eleições Gerais Estaduais 2026,04/10/2026,ESTADUAL,RS,RS,RIO GRANDE DO SUL,6,DEPUTADO FEDERAL,210002533923,5088,ALMIRO RODRIGO GEHRAT,RODRIGO CEBOLA,#NULO,96220627091,NÃO DIVULGÁVEL,-3,#NE,FEDERAÇÃO,50,PSOL,PARTIDO SOCIALISMO E LIBERDADE,102,FEDERAÇÃO PSOL REDE,50-PSOL/18-REDE,50-PSOL/18-REDE,210001800119,FEDERAÇÃO,FEDERAÇÃO PSOL REDE (50-PSOL / 18-REDE),SP,20/09/1980,68093040477,2,MASCULINO,7,SUPERIOR INCOMPLETO,1,SOLTEIRO(A),1,BRANCA,999,OUTROS,5,SUPLENTE
05/10/2026,10:14:11,2026,2,ELEIÇÃO ORDINÁRIA,1,6259,Eleições Gerais Estaduais 2026,04/10/2026,ESTADUAL,RS,RS,RIO GRANDE DO SUL,6,DEPUTADO FEDERAL,210002534270,2022,RONY DE ASSIS GABRIEL,RONY GABRIEL,#NULO,2998796079,NÃO DIVULGÁVEL,-3,#NE,PARTIDO ISOLADO,20,PODE,PODEMOS,-1,#NULO,#NULO,#NULO,210001800122,PARTIDO ISOLADO,PODE,ES,11/07/1994,104875340485,2,MASCULINO,8,SUPERIOR COMPLETO,3,CASADO(A),3,PARDA,278,VEREADOR,2,ELEITO POR QP
05/10/2026,10:14:11,2026,2,ELEIÇÃO ORDINÁRIA,1,6259,Eleições Gerais Estaduais 2026,04/10/2026,ESTADUAL,RS,RS,RIO GRANDE DO SUL,6,DEPUTADO FEDERAL,210002534271,2053,ROBSON CAMARGO LIMA E SILVA,ROBSON CAMARGO,#NULO,95221344068,NÃO DIVULGÁVEL,-3,#NE,PARTIDO ISOLADO,20,PODE,PODEMOS,-1,#NULO,#NULO,#NULO,210001800122,PARTIDO ISOLADO,PODE,PR,10/07/1977,65988640477,2,MASCULINO,8,SUPERIOR COMPLETO,3,CASADO(A),3,PARDA,999,OUTROS,5,SUPLENTE
05/10/2026,10:14:11,2026,2,ELEIÇÃO ORDINÁRIA,1,6259,Eleições Gerais Estaduais 2026,04/10/2026,ESTADUAL,RS,RS,RIO GRANDE DO SUL,6,DEPUTADO FEDERAL,210002534272,2020,MAURICIO ALEXANDRE DZIEDRICKI,MAURÍCIO DZIEDRICKI,#NULO,95887105020,NÃO DIVULGÁVEL,-3,#NE,PARTIDO ISOLADO,20,PODE,PODEMOS,-1,#NULO,#NULO,#NULO,210001800122,PARTIDO ISOLADO,PODE,PR,26/07/1979,74734270400,2,MASCULINO,8,SUPERIOR COMPLETO,3,CASADO(A),1,BRANCA,131,ADVOGADO,5,SUPLENTE
05/10/2026,10:14:11,2026,2,ELEIÇÃO ORDINÁRIA,1,6259,Eleições Gerais Estaduais 2026,04/10/2026,ESTADUAL,RS,RS,RIO GRANDE DO SUL,6,DEPUTADO FEDERAL,210002534273,2044,JOCIMAR SANTOS DE JESUS,JOCIMAR SANTOS,#NULO,2085016901,NÃO DIVULGÁVEL,-3,#NE,PARTIDO ISOLADO,20,PODE,PODEMOS,-1,#NULO,#NULO,#NULO,210001800122,PARTIDO ISOLADO,PODE,PR,18/08/1977,67911400647,2,MASCULINO,8,SUPERIOR COMPLETO,3,CASADO(A),3,PARDA,297,SERVIDOR PÚBLICO ESTADUAL,5,SUPLENTE
05/10/2026,10:14:11,2026,2,ELEIÇÃO ORDINÁRIA,1,6259,Eleições Gerais Estaduais 2026,04/10/2026,ESTADUAL,RS,RS,RIO GRANDE DO SUL,6,DEPUTADO FEDERAL,210002534274,2066,SINARA KUHN,SINARA KUHN,#NULO,92688284053,NÃO DIVULGÁVEL,-3,#NE,PARTIDO ISOLADO,20,PODE,PODEMOS,-1,#NULO,#NULO,#NULO,210001800122,PARTIDO ISOLADO,PODE,RS,14/04/1980,71885660485,4,FEMININO,8,SUPERIOR COMPLETO,1,SOLTEIRO(A),1,BRANCA,999,OUTROS,5,SUPLENTE
05/10/2026,10:14:11,2026,2,ELEIÇÃO ORDINÁRIA,1,6259,Eleições Gerais Estaduais 2026,04/10/2026,ESTADUAL,RS,RS,RIO GRANDE DO SUL,6,DEPUTADO FEDERAL,210002534275,2040,JOCASTA HELENA TAGUCHI,DRA. JOCASTA TAGUCHI,#NULO,1543191045,NÃO DIVULGÁVEL,-3,#NE,PARTIDO ISOLADO,20,PODE,PODEMOS,-1,#NULO,#NULO,#NULO,210001800122,PARTIDO ISOLADO,PODE,RS,08/07/1988,92399310426,4,FEMININO,8,SUPERIOR COMPLETO,5,VIÚVO(A),1,BRANCA,999,OUTROS,5,SUPLENTE
05/10/2026,10:14:11,2026,2,ELEIÇÃO ORDINÁRIA,1,6259,Eleições Gerais Estaduais 2026,04/10/2026,ESTADUAL,RS,RS,RIO GRANDE DO SUL,6,DEPUTADO FEDERAL,210002534276,2054,FERNANDA JULIANA DA CUNHA BECKER,FERNANDA JULIANA,#NULO,90355814072,NÃO DIVULGÁVEL,-3,#NE,PARTIDO ISOLADO,20,PODE,PODEMOS,-1,#NULO,#NULO,#NULO,210001800122,PARTIDO ISOLADO,PODE,RS,05/02/1980,70083130442,4,FEMININO,8,SUPERIOR COMPLETO,1,SOLTEIRO(A),1,BRANCA,125,ADMINISTRADOR,5,SUPLENTE
05/10/2026,10:14:11,2026,2,ELEIÇÃO ORDINÁRIA,1,6259,Eleições Gerais Estaduais 2026,04/10/2026,ESTADUAL,RS,RS,RIO GRANDE DO SUL,6,DEPUTADO FEDERAL,210002534277,2007,SERGIO PEDRO ZAMBIASI,SERGIO ZAMBIASI,#NULO,13567675087,NÃO DIVULGÁVEL,-3,#NE,PARTIDO ISOLADO,20,PODE,PODEMOS,-1,#NULO,#NULO,#NULO,210001800122,PARTIDO ISOLADO,PODE,RS,09/09/1949,31118230426,2,MASCULINO,6,ENSINO MÉDIO COMPLETO,3,CASADO(A),1,BRANCA,999,OUTROS,2,ELEITO POR QP
05/10/2026,10:14:11,2026,2,ELEIÇÃO ORDINÁRIA,1,6259,Eleições Gerais Estaduais 2026,04/10/2026,ESTADUAL,RS,RS,RIO GRANDE DO SUL,6,DEPUTADO FEDERAL,210002534278,2025,SILVIA HELENA LUZ DE ABREU,SILVIA HELENA,#NULO,70930791053,NÃO DIVULGÁVEL,-3,#NE,PARTIDO ISOLADO,20,PODE,PODEMOS,-1,#NULO,#NULO,#NULO,210001800122,PARTIDO ISOLADO,PODE,RS,13/01/1974,63292860469,4,FEMININO,8,SUPERIOR COMPLETO,1,SOLTEIRO(A),1,BRANCA,131,ADVOGADO,5,SUPLENTE
05/10/2026,10:14:11,2026,2,ELEIÇÃO ORDINÁRIA,1,6259,Eleições Gerais Estaduais 2026,04/10/2026,ESTADUAL,RS,RS,RIO GRANDE DO SUL,6,DEPUTADO FEDERAL,210002534279,2024,LUIS AUGUSTO BRINGMANN,LUIS AUGUSTO,#NULO,2236377002,NÃO DIVULGÁVEL,-3,#NE,PARTIDO ISOLADO,20,PODE,PODEMOS,-1,#NULO,#NULO,#NULO,210001800122,PARTIDO ISOLADO,PODE,RS,24/02/1993,106393380434,2,MASCULINO,8,SUPERIOR COMPLETO,9,DIVORCIADO(A),3,PARDA,131,ADVOGADO,5,SUPLENTE
05/10/2026,10:14:11,2026,2,ELEIÇÃO ORDINÁRIA,1,6259,Eleições Gerais Estaduais 2026,04/10/2026,ESTADUAL,RS,RS,RIO GRANDE DO SUL,6,DEPUTADO FEDERAL,210002534280,2033,MATHEUS JUNGES GOMES,MATHEUS JUNGES,#NULO,1772689050,NÃO DIVULGÁVEL,-3,#NE,PARTIDO ISOLADO,20,PODE,PODEMOS,-1,#NULO,#NULO,#NULO,210001800122,PARTIDO ISOLADO,PODE,RS,26/12/1988,94834560434,2,MASCULINO,8,SUPERIOR COMPLETO,3,CASADO(A),3,PARDA,257,EMPRESÁRIO,5,SUPLENTE
05/10/2026,10:14:11,2026,2,ELEIÇÃO ORDINÁRIA,1,6259,Eleições Gerais Estaduais 2026,04/10/2026,ESTADUAL,RS,RS,RIO GRANDE DO SUL,6,DEPUTADO FEDERAL,210002534281,2085,CARMEM SOLANGE KIRSCH DA SILVA,CARMEM DO TAXI,#NULO,59120533004,NÃO DIVULGÁVEL,-3,#NE,PARTIDO ISOLADO,20,PODE,PODEMOS,-1,#NULO,#NULO,#NULO,210001800122,PARTIDO ISOLADO,PODE,RS,06/06/1963,18954260400,4,FEMININO,8,SUPERIOR COMPLETO,3,CASADO(A),1,BRANCA,999,OUTROS,5,SUPLENTE
05/10/2026,10:14:11,2026,2,ELEIÇÃO ORDINÁRIA,1,6259,Eleições Gerais Estaduais 2026,04/10/2026,ESTADUAL,RS,RS,RIO GRANDE DO SUL,6,DEPUTADO FEDERAL,210002534282,2000,ELITON DOS SANTOS AVILA,ELITON AVILA,#NULO,2828737080,NÃO DIVULGÁVEL,-3,#NE,PARTIDO ISOLADO,20,PODE,PODEMOS,-1,#NULO,#NULO,#NULO,210001800122,PARTIDO ISOLADO,PODE,RS,09/02/1997,110177910469,2,MASCULINO,8,SUPERIOR COMPLETO,1,SOLTEIRO(A),1,BRANCA,278,VEREADOR,5,SUPLENTE
05/10/2026,10:14:11,2026,2,ELEIÇÃO ORDINÁRIA,1,6259,Eleições Gerais Estaduais 2026,04/10/2026,ESTADUAL,RS,RS,RIO GRANDE DO SUL,6,DEPUTADO FEDERAL,210002534283,2077,IRIEL DALLACORT SACHET,IRIEL SACHET,#NULO,1434139026,NÃO DIVULGÁVEL,-3,#NE,PARTIDO ISOLADO,20,PODE,PODEMOS,-1,#NULO,#NULO,#NULO,210001800122,PARTIDO ISOLADO,PODE,RS,12/05/1998,112677400418,2,MASCULINO,6,ENSINO MÉDIO COMPLETO,1,SOLTEIRO(A),1,BRANCA,278,VEREADOR,5,SUPLENTE
05/10/2026,10:14:11,2026,2,ELEIÇÃO ORDINÁRIA,1,6259,Eleições Gerais Estaduais 2026,04/10/2026,ESTADUAL,RS,RS,RIO GRANDE DO SUL,6,DEPUTADO FEDERAL,210002534284,2099,CAUE FUHRO SOUTO MARTINS,CAUÊ FISCALIZADOR,#NULO,3081309018,NÃO DIVULGÁVEL,-3,#NE,PARTIDO ISOLADO,20,PODE,PODEMOS,-1,#NULO,#NULO,#NULO,210001800122,PARTIDO ISOLADO,PODE,RS,13/01/1993,105832760469,2,MASCULINO,7,SUPERIOR INCOMPLETO,1,SOLTEIRO(A),1,BRANCA,278,VEREADOR,5,SUPLENTE
05/10/2026,10:14:11,2026,2,ELEIÇÃO ORDINÁRIA,1,6259,Eleições Gerais Estaduais 2026,04/10/2026,ESTADUAL,RS,RS,RIO GRANDE DO SUL,6,DEPUTADO FEDERAL,210002534285,2080,ISRAEL COSTA DA SILVA,ISRAEL COSTA,#NULO,2377666043,NÃO DIVULGÁVEL,-3,#NE,PARTIDO ISOLADO,20,PODE,PODEMOS,-1,#NULO,#NULO,#NULO,210001800122,PARTIDO ISOLADO,PODE,RS,14/02/1991,106242350400,2,MASCULINO,6,ENSINO MÉDIO COMPLETO,1,SOLTEIRO(A),3,PARDA,257,EMPRESÁRIO,5,SUPLENTE
05/10/2026,10:14:11,2026,2,ELEIÇÃO ORDINÁRIA,1,6259,Eleições Gerais Estaduais 2026,04/10/2026,ESTADUAL,RS,RS,RIO GRANDE DO SUL,6,DEPUTADO FEDERAL,210002534286,2016,VERA DE MOURA FREIRE,VERA FREIRE,#NULO,38751666049,NÃO DIVULGÁVEL,-3,#NE,PARTIDO ISOLADO,20,PODE,PODEMOS,-1,#NULO,#NULO,#NULO,210001800122,PARTIDO ISOLADO,PODE,RS,19/09/1963,39726550400,4,FEMININO,6,ENSINO MÉDIO COMPLETO,3,CASADO(A),1,BRANCA,999,OUTROS,5,SUPLENTE
05/10/2026,10:14:11,2026,2,ELEIÇÃO ORDINÁRIA,1,6259,Eleições Gerais Estaduais 2026,04/10/2026,ESTADUAL,RS,RS,RIO GRANDE DO SUL,6,DEPUTADO FEDERAL,210002534287,2004,RENAN MACHADO DE LIMA,RENAN MACHADO,#NULO,86934180097,NÃO DIVULGÁVEL,-3,#NE,PARTIDO ISOLADO,20,PODE,PODEMOS,-1,#NULO,#NULO,#NULO,210001800122,PARTIDO ISOLADO,PODE,RS,26/06/1997,113867700400,2,MASCULINO,6,ENSINO MÉDIO COMPLETO,3,CASADO(A),2,PRETA,999,OUTROS,5,SUPLENTE
05/10/2026,10:14:11,2026,2,ELEIÇÃO ORDINÁRIA,1,6259,Eleições Gerais Estaduais 2026,04/10/2026,ESTADUAL,RS,RS,RIO GRANDE DO SUL,6,DEPUTADO FEDERAL,210002534288,2028,LUCIANE ELISA DA SILVA BENTO,LÚ BENTO,#NULO,70558914004,NÃO DIVULGÁVEL,-3,#NE,PARTIDO ISOLADO,20,PODE,PODEMOS,-1,#NULO,#NULO,#NULO,210001800122,PARTIDO ISOLADO,PODE,RS,22/06/1974,61489580418,4,FEMININO,8,SUPERIOR COMPLETO,3,CASADO(A),2,PRETA,999,OUTROS,5,SUPLENTE
05/10/2026,10:14:11,2026,2,ELEIÇÃO ORDINÁRIA,1,6259,Eleições Gerais Estaduais 2026,04/10/2026,ESTADUAL,RS,RS,RIO GRANDE DO SUL,6,DEPUTADO FEDERAL,210002534289,2010,MARCIELE DA SILVEIRA ROSA,MARCIELE ROSA,#NULO,1912154064,NÃO DIVULGÁVEL,-3,#NE,PARTIDO ISOLADO,20,PODE,PODEMOS,-1,#NULO,#NULO,#NULO,210001800122,PARTIDO ISOLADO,PODE,RS,29/04/1992,106073970442,4,FEMININO,8,SUPERIOR COMPLETO,9,DIVORCIADO(A),1,BRANCA,278,VEREADOR,5,SUPLENTE
05/10/2026,10:14:11,2026,2,ELEIÇÃO ORDINÁRIA,1,6259,Eleições Gerais Estaduais 2026,04/10/2026,ESTADUAL,RS,RS,RIO GRANDE DO SUL,6,DEPUTADO FEDERAL,210002534290,2012,LUBION DUGARE RAGGENBASS MORAES,LUBION MORAES,#NULO,597607028,NÃO DIVULGÁVEL,-3,#NE,PARTIDO ISOLADO,20,PODE,PODEMOS,-1,#NULO,#NULO,#NULO,210001800122,PARTIDO ISOLADO,PODE,RS,21/05/1985,83556700426,2,MASCULINO,7,SUPERIOR INCOMPLETO,3,CASADO(A),1,BRANCA,125,ADMINISTRADOR,5,SUPLENTE
05/10/2026,10:14:11,2026,2,ELEIÇÃO ORDINÁRIA,1,6259,Eleições Gerais Estaduais 2026,04/10/2026,ESTADUAL,RS,RS,RIO GRANDE DO SUL,6,DEPUTADO FEDERAL,210002534291,2030,ANTONIO ELEMAR DE OLIVEIRA,TONY OLIVEIRA,#NULO,62543512004,NÃO DIVULGÁVEL,-3,#NE,PARTIDO ISOLADO,20,PODE,PODEMOS,-1,#NULO,#NULO,#NULO,210001800122,PARTIDO ISOLADO,PODE,RS,11/12/1971,58155820418,2,MASCULINO,6,ENSINO MÉDIO COMPLETO,3,CASADO(A),1,BRANCA,278,VEREADOR,5,SUPLENTE
05/10/2026,10:14:11,2026,2,ELEIÇÃO ORDINÁRIA,1,6259,Eleições Gerais Estaduais 2026,04/10/2026,ESTADUAL,RS,RS,RIO GRANDE DO SUL,6,DEPUTADO FEDERAL,210002534292,2055,MARCELO DE BRUM DA COSTA,MARCELO BRUM ¿ A VOZ DO CAMPO,#NULO,73324507049,NÃO DIVULGÁVEL,-3,#NE,PARTIDO ISOLADO,20,PODE,PODEMOS,-1,#NULO,#NULO,#NULO,210001800122,PARTIDO ISOLADO,PODE,RS,25/11/1972,57684220477,2,MASCULINO,6,ENSINO MÉDIO COMPLETO,3,CASADO(A),1,BRANCA,999,OUTROS,5,SUPLENTE
05/10/2026,10:14:11,2026,2,ELEIÇÃO ORDINÁRIA,1,6259,Eleições Gerais Estaduais 2026,04/10/2026,ESTADUAL,RS,RS,RIO GRANDE DO SUL,6,DEPUTADO FEDERAL,210002534293,2001,MAICO PRIMAZ VOLZ,MAICO VOLZ,#NULO,375066098,NÃO DIVULGÁVEL,-3,#NE,PARTIDO ISOLADO,20,PODE,PODEMOS,-1,#NULO,#NULO,#NULO,210001800122,PARTIDO ISOLADO,PODE,RS,25/06/1984,84145560400,2,MASCULINO,8,SUPERIOR COMPLETO,1,SOLTEIRO(A),1,BRANCA,233,POLICIAL MILITAR,5,SUPLENTE
05/10/2026,10:14:11,2026,2,ELEIÇÃO ORDINÁRIA,1,6259,Eleições Gerais Estaduais 2026,04/10/2026,ESTADUAL,RS,RS,RIO GRANDE DO SUL,6,DEPUTADO FEDERAL,210002534294,2011,CORINHA BEATRIS ORNES MOLLING,CORINHA MOLLING,#NULO,43694683020,NÃO DIVULGÁVEL,-3,#NE,PARTIDO ISOLADO,20,PODE,PODEMOS,-1,#NULO,#NULO,#NULO,210001800122,PARTIDO ISOLADO,PODE,RS,09/03/1964,10366020442,4,FEMININO,8,SUPERIOR COMPLETO,3,CASADO(A),1,BRANCA,265,PROFESSOR DE ENSINO FUNDAMENTAL,5,SUPLENTE
05/10/2026,10:14:11,2026,2,ELEIÇÃO ORDINÁRIA,1,6259,Eleições Gerais Estaduais 2026,04/10/2026,ESTADUAL,RS,RS,RIO GRANDE DO SUL,6,DEPUTADO FEDERAL,210002534295,2060,REGINA DUTRA OLIVEIRA CAETANO,REGINA CAETANO,#NULO,60882379020,NÃO DIVULGÁVEL,-3,#NE,PARTIDO ISOLADO,20,PODE,PODEMOS,-1,#NULO,#NULO,#NULO,210001800122,PARTIDO ISOLADO,PODE,RS,29/03/1971,56496290400,4,FEMININO,8,SUPERIOR COMPLETO,3,CASADO(A),1,BRANCA,999,OUTROS,5,SUPLENTE
05/10/2026,10:14:11,2026,2,ELEIÇÃO ORDINÁRIA,1,6259,Eleições Gerais Estaduais 2026,04/10/2026,ESTADUAL,RS,RS,RIO GRANDE DO SUL,6,DEPUTADO FEDERAL,210002534296,2090,JOSE CLEMENTE DA SILVA CORREA,CLEMENTE,#NULO,45114129015,NÃO DIVULGÁVEL,-3,#NE,PARTIDO ISOLADO,20,PODE,PODEMOS,-1,#NULO,#NULO,#NULO,210001800122,PARTIDO ISOLADO,PODE,RS,11/04/1965,12137490493,2,MASCULINO,8,SUPERIOR COMPLETO,3,CASADO(A),3,PARDA,278,VEREADOR,5,SUPLENTE
05/10/2026,10:14:11,2026,2,ELEIÇÃO ORDINÁRIA,1,6259,Eleições Gerais Estaduais 2026,04/10/2026,ESTADUAL,RS,RS,RIO GRANDE DO SUL,6,DEPUTADO FEDERAL,210002534297,2026,LEVI LORENZO MELO,DR LEVI,#NULO,39815161091,NÃO DIVULGÁVEL,-3,#NE,PARTIDO ISOLADO,20,PODE,PODEMOS,-1,#NULO,#NULO,#NULO,210001800122,PARTIDO ISOLADO,PODE,RS,30/03/1965,29092570442,2,MASCULINO,8,SUPERIOR COMPLETO,3,CASADO(A),1,BRANCA,111,MÉDICO,5,SUPLENTE
05/10/2026,10:14:11,2026,2,ELEIÇÃO ORDINÁRIA,1,6259,Eleições Gerais Estaduais 2026,04/10/2026,ESTADUAL,RS,RS,RIO GRANDE DO SUL,6,DEPUTADO FEDERAL,210002534298,2023,FELIPE VIANNA DUARTE,FELIPE FORÇA TAREFA,#NULO,1938278089,NÃO DIVULGÁVEL,-3,#NE,PARTIDO ISOLADO,20,PODE,PODEMOS,-1,#NULO,#NULO,#NULO,210001800122,PARTIDO ISOLADO,PODE,RS,09/07/1988,100570700442,2,MASCULINO,6,ENSINO MÉDIO COMPLETO,3,CASADO(A),1,BRANCA,257,EMPRESÁRIO,5,SUPLENTE
05/10/2026,10:14:11,2026,2,ELEIÇÃO ORDINÁRIA,1,6259,Eleições Gerais Estaduais 2026,04/10/2026,ESTADUAL,RS,RS,RIO GRANDE DO SUL,6,DEPUTADO FEDERAL,210002534299,2070,JEAN MARCOS DE MELO GALVAO,PASTOR JEAN GALVÃO,#NULO,9520016910,NÃO DIVULGÁVEL,-3,#NE,PARTIDO ISOLADO,20,PODE,PODEMOS,-1,#NULO,#NULO,#NULO,210001800122,PARTIDO ISOLADO,PODE,SC,28/07/1995,60324620973,2,MASCULINO,7,SUPERIOR INCOMPLETO,3,CASADO(A),3,PARDA,910,SACERDOTE OU MEMBRO DE ORDEM OU SEITA RELIGIOSA,5,SUPLENTE
05/10/2026,10:14:11,2026,2,ELEIÇÃO ORDINÁRIA,1,6259,Eleições Gerais Estaduais 2026,04/10/2026,ESTADUAL,RS,RS,RIO GRANDE DO SUL,6,DEPUTADO FEDERAL,210002534300,2006,VINICIUS DOS SANTOS CONEJO,DR VINI CONEJO,#NULO,31844836819,NÃO DIVULGÁVEL,-3,#NE,PARTIDO ISOLADO,20,PODE,PODEMOS,-1,#NULO,#NULO,#NULO,210001800122,PARTIDO ISOLADO,PODE,SP,09/07/1992,376726730132,2,MASCULINO,8,SUPERIOR COMPLETO,3,CASADO(A),1,BRANCA,111,MÉDICO,5,SUPLENTE
05/10/2026,10:14:11,2026,2,ELEIÇÃO ORDINÁRIA,1,6259,Eleições Gerais Estaduais 2026,04/10/2026,ESTADUAL,RS,RS,RIO GRANDE DO SUL,6,DEPUTADO FEDERAL,210002534301,2002,JOEL TRONI DE OLIVEIRA,COMANDANTE TRONI,#NULO,80824366034,NÃO DIVULGÁVEL,-3,#NE,PARTIDO ISOLADO,20,PODE,PODEMOS,-1,#NULO,#NULO,#NULO,210001800122,PARTIDO ISOLADO,PODE,SP,20/11/1978,74707690485,2,MASCULINO,7,SUPERIOR INCOMPLETO,3,CASADO(A),1,BRANCA,999,OUTROS,5,SUPLENTE
05/10/2026,10:14:11,2026,2,ELEIÇÃO ORDINÁRIA,1,6259,Eleições Gerais Estaduais 2026,04/10/2026,ESTADUAL,RS,RS,RIO GRANDE DO SUL,6,DEPUTADO FEDERAL,210002534580,1314,JOSÉ ELIAS DOS SANTOS CABREIRA,ELIAS CABREIRA,#NULO,63172763072,NÃO DIVULGÁVEL,-3,#NE,FEDERAÇÃO,13,PT,PARTIDO DOS TRABALHADORES,101,FEDERAÇÃO BRASIL DA ESPERANÇA - FE BRASIL,13-PT/65-PC do B/43-PV,13-PT/65-PC do B/43-PV,210001800199,FEDERAÇÃO,FEDERAÇÃO BRASIL DA ESPERANÇA - FE BRASIL (13-PT / 65-PC do B / 43-PV),RS,25/10/1969,53205160426,2,MASCULINO,8,SUPERIOR COMPLETO,3,CASADO(A),2,PRETA,131,ADVOGADO,5,SUPLENTE
05/10/2026,10:14:11,2026,2,ELEIÇÃO ORDINÁRIA,1,6259,Eleições Gerais Estaduais 2026,04/10/2026,ESTADUAL,RS,RS,RIO GRANDE DO SUL,6,DEPUTADO FEDERAL,210002534581,1301,ROSANE TERESINHA DA SILVA NASCIMENTO,ROSANE NASCIMENTO,#NULO,60577347004,NÃO DIVULGÁVEL,-3,#NE,FEDERAÇÃO,13,PT,PARTIDO DOS TRABALHADORES,101,FEDERAÇÃO BRASIL DA ESPERANÇA - FE BRASIL,13-PT/65-PC do B/43-PV,13-PT/65-PC do B/43-PV,210001800199,FEDERAÇÃO,FEDERAÇÃO BRASIL DA ESPERANÇA - FE BRASIL (13-PT / 65-PC do B / 43-PV),RS,13/03/1969,52017880450,4,FEMININO,8,SUPERIOR COMPLETO,9,DIVORCIADO(A),3,PARDA,922,SERVIDOR PÚBLICO CIVIL APOSENTADO,5,SUPLENTE
05/10/2026,10:14:11,2026,2,ELEIÇÃO ORDINÁRIA,1,6259,Eleições Gerais Estaduais 2026,04/10/2026,ESTADUAL,RS,RS,RIO GRANDE DO SUL,6,DEPUTADO FEDERAL,210002534582,1300,JONAS TARCISIO REIS,JONAS REIS,#NULO,1730632092,NÃO DIVULGÁVEL,-3,#NE,FEDERAÇÃO,13,PT,PARTIDO DOS TRABALHADORES,101,FEDERAÇÃO BRASIL DA ESPERANÇA - FE BRASIL,13-PT/65-PC do B/43-PV,13-PT/65-PC do B/43-PV,210001800199,FEDERAÇÃO,FEDERAÇÃO BRASIL DA ESPERANÇA - FE BRASIL (13-PT / 65-PC do B / 43-PV),RS,27/11/1987,93405020426,2,MASCULINO,8,SUPERIOR COMPLETO,1,SOLTEIRO(A),4,AMARELA,278,VEREADOR,5,SUPLENTE
05/10/2026,10:14:11,2026,2,ELEIÇÃO ORDINÁRIA,1,6259,Eleições Gerais Estaduais 2026,04/10/2026,ESTADUAL,RS,RS,RIO GRANDE DO SUL,6,DEPUTADO FEDERAL,210002534583,1333,DENISE DA SILVA PESSÔA,DENISE PESSÔA,#NULO,81193157072,NÃO DIVULGÁVEL,-3,#NE,FEDERAÇÃO,13,PT,PARTIDO DOS TRABALHADORES,101,FEDERAÇÃO BRASIL DA ESPERANÇA - FE BRASIL,13-PT/65-PC do B/43-PV,13-PT/65-PC do B/43-PV,210001800199,FEDERAÇÃO,FEDERAÇÃO BRASIL DA ESPERANÇA - FE BRASIL (13-PT / 65-PC do B / 43-PV),RS,17/06/1983,78969470469,4,FEMININO,8,SUPERIOR COMPLETO,1,SOLTEIRO(A),2,PRETA,277,DEPUTADO,2,ELEITO POR QP
05/10/2026,10:14:11,2026,2,ELEIÇÃO ORDINÁRIA,1,6259,Eleições Gerais Estaduais 2026,04/10/2026,ESTADUAL,RS,RS,RIO GRANDE DO SUL,6,DEPUTADO FEDERAL,210002534584,1307,ANTONIO VALDECI OLIVEIRA DE OLIVEIRA,VALDECI OLIVEIRA,#NULO,28783972072,NÃO DIVULGÁVEL,-3,#NE,FEDERAÇÃO,13,PT,PARTIDO DOS TRABALHADORES,101,FEDERAÇÃO BRASIL DA ESPERANÇA - FE BRASIL,13-PT/65-PC do B/43-PV,13-PT/65-PC do B/43-PV,210001800199,FEDERAÇÃO,FEDERAÇÃO BRASIL DA ESPERANÇA - FE BRASIL (13-PT / 65-PC do B / 43-PV),RS,07/09/1957,8405260434,2,MASCULINO,7,SUPERIOR INCOMPLETO,3,CASADO(A),1,BRANCA,277,DEPUTADO,3,ELEITO POR MÉDIA
05/10/2026,10:14:11,2026,2,ELEIÇÃO ORDINÁRIA,1,6259,Eleições Gerais Estaduais 2026,04/10/2026,ESTADUAL,RS,RS,RIO GRANDE DO SUL,6,DEPUTADO FEDERAL,210002534585,6500,ANTONIO CARLOS SILVEIRA DOS SANTOS,TONHÃO DOS SANTOS,#NULO,48842168068,NÃO DIVULGÁVEL,-3,#NE,FEDERAÇÃO,65,PCDOB,PARTIDO COMUNISTA DO BRASIL,101,FEDERAÇÃO BRASIL DA ESPERANÇA - FE BRASIL,13-PT/65-PC do B/43-PV,13-PT/65-PC do B/43-PV,210001800199,FEDERAÇÃO,FEDERAÇÃO BRASIL DA ESPERANÇA - FE BRASIL (13-PT / 65-PC do B / 43-PV),RS,04/11/1967,17435850442,2,MASCULINO,8,SUPERIOR COMPLETO,9,DIVORCIADO(A),1,BRANCA,923,APOSENTADO (EXCETO SERVIDOR PÚBLICO),5,SUPLENTE
05/10/2026,10:14:11,2026,2,ELEIÇÃO ORDINÁRIA,1,6259,Eleições Gerais Estaduais 2026,04/10/2026,ESTADUAL,RS,RS,RIO GRANDE DO SUL,6,DEPUTADO FEDERAL,210002534586,1302,JOSE ALBERTO REUS FORTUNATI,FORTUNATI,#NULO,20043465072,NÃO DIVULGÁVEL,-3,#NE,FEDERAÇÃO,13,PT,PARTIDO DOS TRABALHADORES,101,FEDERAÇÃO BRASIL DA ESPERANÇA - FE BRASIL,13-PT/65-PC do B/43-PV,13-PT/65-PC do B/43-PV,210001800199,FEDERAÇÃO,FEDERAÇÃO BRASIL DA ESPERANÇA - FE BRASIL (13-PT / 65-PC do B / 43-PV),RS,24/10/1955,26734570450,2,MASCULINO,8,SUPERIOR COMPLETO,1,SOLTEIRO(A),1,BRANCA,131,ADVOGADO,5,SUPLENTE
05/10/2026,10:14:11,2026,2,ELEIÇÃO ORDINÁRIA,1,6259,Eleições Gerais Estaduais 2026,04/10/2026,ESTADUAL,RS,RS,RIO GRANDE DO SUL,6,DEPUTADO FEDERAL,210002534587,1311,JULIO CÉSAR STOBBE,DR. JULIO STOBBE,#NULO,59452994053,NÃO DIVULGÁVEL,-3,#NE,FEDERAÇÃO,13,PT,PARTIDO DOS TRABALHADORES,101,FEDERAÇÃO BRASIL DA ESPERANÇA - FE BRASIL,13-PT/65-PC do B/43-PV,13-PT/65-PC do B/43-PV,210001800199,FEDERAÇÃO,FEDERAÇÃO BRASIL DA ESPERANÇA - FE BRASIL (13-PT / 65-PC do B / 43-PV),RS,08/10/1970,54322060450,2,MASCULINO,8,SUPERIOR COMPLETO,3,CASADO(A),1,BRANCA,111,MÉDICO,5,SUPLENTE
05/10/2026,10:14:11,2026,2,ELEIÇÃO ORDINÁRIA,1,6259,Eleições Gerais Estaduais 2026,04/10/2026,ESTADUAL,RS,RS,RIO GRANDE DO SUL,6,DEPUTADO FEDERAL,210002534588,6565,DAIANA SILVA DOS SANTOS,DAIANA SANTOS,#NULO,104610000,NÃO DIVULGÁVEL,-3,#NE,FEDERAÇÃO,65,PCDOB,PARTIDO COMUNISTA DO BRASIL,101,FEDERAÇÃO BRASIL DA ESPERANÇA - FE BRASIL,13-PT/65-PC do B/43-PV,13-PT/65-PC do B/43-PV,210001800199,FEDERAÇÃO,FEDERAÇÃO BRASIL DA ESPERANÇA - FE BRASIL (13-PT / 65-PC do B / 43-PV),RS,29/01/1982,81920740418,4,FEMININO,8,SUPERIOR COMPLETO,1,SOLTEIRO(A),2,PRETA,109,AGENTE DE SAÚDE E SANITARISTA,2,ELEITO POR QP
05/10/2026,10:14:11,2026,2,ELEIÇÃO ORDINÁRIA,1,6259,Eleições Gerais Estaduais 2026,04/10/2026,ESTADUAL,RS,RS,RIO GRANDE DO SUL,6,DEPUTADO FEDERAL,210002534589,1378,REGINETE SOUZA BISPO,REGINETE BISPO,#NULO,40817539034,NÃO DIVULGÁVEL,-3,#NE,FEDERAÇÃO,13,PT,PARTIDO DOS TRABALHADORES,101,FEDERAÇÃO BRASIL DA ESPERANÇA - FE BRASIL,13-PT/65-PC do B/43-PV,13-PT/65-PC do B/43-PV,210001800199,FEDERAÇÃO,FEDERAÇÃO BRASIL DA ESPERANÇA - FE BRASIL (13-PT / 65-PC do B / 43-PV),RS,23/01/1963,14739570477,4,FEMININO,8,SUPERIOR COMPLETO,1,SOLTEIRO(A),2,PRETA,999,OUTROS,5,SUPLENTE
05/10/2026,10:14:11,2026,2,ELEIÇÃO ORDINÁRIA,1,6259,Eleições Gerais Estaduais 2026,04/10/2026,ESTADUAL,RS,RS,RIO GRANDE DO SUL,6,DEPUTADO FEDERAL,210002534590,1331,EDUARDO EVALDT MANIQUE,EDUARDO MANIQUE,#NULO,3423773022,NÃO DIVULGÁVEL,-3,#NE,FEDERAÇÃO,13,PT,PARTIDO DOS TRABALHADORES,101,FEDERAÇÃO BRASIL DA ESPERANÇA - FE BRASIL,13-PT/65-PC do B/43-PV,13-PT/65-PC do B/43-PV,210001800199,FEDERAÇÃO,FEDERAÇÃO BRASIL DA ESPERANÇA - FE BRASIL (13-PT / 65-PC do B / 43-PV),RS,18/02/1998,116792040434,2,MASCULINO,8,SUPERIOR COMPLETO,3,CASADO(A),1,BRANCA,124,CONTADOR,5,SUPLENTE
05/10/2026,10:14:11,2026,2,ELEIÇÃO ORDINÁRIA,1,6259,Eleições Gerais Estaduais 2026,04/10/2026,ESTADUAL,RS,RS,RIO GRANDE DO SUL,6,DEPUTADO FEDERAL,210002534591,1345,MIRIAM PAZ GARCEZ MARRONI,MIRIAM MARRONI,#NULO,28886062087,NÃO DIVULGÁVEL,-3,#NE,FEDERAÇÃO,13,PT,PARTIDO DOS TRABALHADORES,101,FEDERAÇÃO BRASIL DA ESPERANÇA - FE BRASIL,13-PT/65-PC do B/43-PV,13-PT/65-PC do B/43-PV,210001800199,FEDERAÇÃO,FEDERAÇÃO BRASIL DA ESPERANÇA - FE BRASIL (13-PT / 65-PC do B / 43-PV),RS,18/06/1956,9748380450,4,FEMININO,8,SUPERIOR COMPLETO,3,CASADO(A),1,BRANCA,278,VEREADOR,5,SUPLENTE
05/10/2026,10:14:11,2026,2,ELEIÇÃO ORDINÁRIA,1,6259,Eleições Gerais Estaduais 2026,04/10/2026,ESTADUAL,RS,RS,RIO GRANDE DO SUL,6,DEPUTADO FEDERAL,210002534592,1330,NAITON LUÍS GAMA,NAITON GAMA,#NULO,3189421005,NÃO DIVULGÁVEL,-3,#NE,FEDERAÇÃO,13,PT,PARTIDO DOS TRABALHADORES,101,FEDERAÇÃO BRASIL DA ESPERANÇA - FE BRASIL,13-PT/65-PC do B/43-PV,13-PT/65-PC do B/43-PV,210001800199,FEDERAÇÃO,FEDERAÇÃO BRASIL DA ESPERANÇA - FE BRASIL (13-PT / 65-PC do B / 43-PV),RS,20/12/1995,109553130469,2,MASCULINO,7,SUPERIOR INCOMPLETO,1,SOLTEIRO(A),1,BRANCA,156,"TÉCNICO DE ELETRICIDADE, ELETRÔNICA E TELECOMUNICAÇÕES",5,SUPLENTE
05/10/2026,10:14:11,2026,2,ELEIÇÃO ORDINÁRIA,1,6259,Eleições Gerais Estaduais 2026,04/10/2026,ESTADUAL,RS,RS,RIO GRANDE DO SUL,6,DEPUTADO FEDERAL,210002534593,4300,PATRICIA BECKER,PATRÍCIA BECKER,#NULO,1733585001,NÃO DIVULGÁVEL,-3,#NE,FEDERAÇÃO,43,PV,PARTIDO VERDE,101,FEDERAÇÃO BRASIL DA ESPERANÇA - FE BRASIL,13-PT/65-PC do B/43-PV,13-PT/65-PC do B/43-PV,210001800199,FEDERAÇÃO,FEDERAÇÃO BRASIL DA ESPERANÇA - FE BRASIL (13-PT / 65-PC do B / 43-PV),RS,22/01/1986,88543300477,4,FEMININO,6,ENSINO MÉDIO COMPLETO,1,SOLTEIRO(A),1,BRANCA,581,DONA DE CASA,5,SUPLENTE
05/10/2026,10:14:11,2026,2,ELEIÇÃO ORDINÁRIA,1,6259,Eleições Gerais Estaduais 2026,04/10/2026,ESTADUAL,RS,RS,RIO GRANDE DO SUL,6,DEPUTADO FEDERAL,210002534594,1303,LAURA SOARES SITO SILVEIRA,LAURA SITO,#NULO,2793988081,NÃO DIVULGÁVEL,-3,#NE,FEDERAÇÃO,13,PT,PARTIDO DOS TRABALHADORES,101,FEDERAÇÃO BRASIL DA ESPERANÇA - FE BRASIL,13-PT/65-PC do B/43-PV,13-PT/65-PC do B/43-PV,210001800199,FEDERAÇÃO,FEDERAÇÃO BRASIL DA ESPERANÇA - FE BRASIL (13-PT / 65-PC do B / 43-PV),RS,29/11/1991,101453690485,4,FEMININO,8,SUPERIOR COMPLETO,1,SOLTEIRO(A),2,PRETA,277,DEPUTADO,5,SUPLENTE
05/10/2026,10:14:11,2026,2,ELEIÇÃO ORDINÁRIA,1,6259,Eleições Gerais Estaduais 2026,04/10/2026,ESTADUAL,RS,RS,RIO GRANDE DO SUL,6,DEPUTADO FEDERAL,210002534595,1350,THAIS MARIA FERREIRA SAMPAIO,PÉROLA SAMPAIO,#NULO,99350424053,NÃO DIVULGÁVEL,-3,#NE,FEDERAÇÃO,13,PT,PARTIDO DOS TRABALHADORES,101,FEDERAÇÃO BRASIL DA ESPERANÇA - FE BRASIL,13-PT/65-PC do B/43-PV,13-PT/65-PC do B/43-PV,210001800199,FEDERAÇÃO,FEDERAÇÃO BRASIL DA ESPERANÇA - FE BRASIL (13-PT / 65-PC do B / 43-PV),RS,21/09/1979,78350260434,4,FEMININO,8,SUPERIOR COMPLETO,1,SOLTEIRO(A),2,PRETA,999,OUTROS,5,SUPLENTE
05/10/2026,10:14:11,2026,2,ELEIÇÃO ORDINÁRIA,1,6259,Eleições Gerais Estaduais 2026,04/10/2026,ESTADUAL,RS,RS,RIO GRANDE DO SUL,6,DEPUTADO FEDERAL,210002534596,1310,LEONEL JOSE MOREM MATIAS,PROFESSOR LEONEL,#NULO,42605121020,NÃO DIVULGÁVEL,-3,#NE,FEDERAÇÃO,13,PT,PARTIDO DOS TRABALHADORES,101,FEDERAÇÃO BRASIL DA ESPERANÇA - FE BRASIL,13-PT/65-PC do B/43-PV,13-PT/65-PC do B/43-PV,210001800199,FEDERAÇÃO,FEDERAÇÃO BRASIL DA ESPERANÇA - FE BRASIL (13-PT / 65-PC do B / 43-PV),RS,31/01/1965,21769530426,2,MASCULINO,8,SUPERIOR COMPLETO,1,SOLTEIRO(A),1,BRANCA,266,PROFESSOR DE ENSINO MÉDIO,5,SUPLENTE
05/10/2026,10:14:11,2026,2,ELEIÇÃO ORDINÁRIA,1,6259,Eleições Gerais Estaduais 2026,04/10/2026,ESTADUAL,RS,RS,RIO GRANDE DO SUL,6,DEPUTADO FEDERAL,210002534597,1313,ALEXANDRE DUARTE LINDENMEYER,ALEXANDRE LINDENMEYER,#NULO,47282428034,NÃO DIVULGÁVEL,-3,#NE,FEDERAÇÃO,13,PT,PARTIDO DOS TRABALHADORES,101,FEDERAÇÃO BRASIL DA ESPERANÇA - FE BRASIL,13-PT/65-PC do B/43-PV,13-PT/65-PC do B/43-PV,210001800199,FEDERAÇÃO,FEDERAÇÃO BRASIL DA ESPERANÇA - FE BRASIL (13-PT / 65-PC do B / 43-PV),RS,23/12/1963,13250030450,2,MASCULINO,8,SUPERIOR COMPLETO,3,CASADO(A),1,BRANCA,277,DEPUTADO,5,SUPLENTE
05/10/2026,10:14:11,2026,2,ELEIÇÃO ORDINÁRIA,1,6259,Eleições Gerais Estaduais 2026,04/10/2026,ESTADUAL,RS,RS,RIO GRANDE DO SUL,6,DEPUTADO FEDERAL,210002534598,1355,DIONILSO MATEUS MARCON,MARCON,#NULO,43434339000,NÃO DIVULGÁVEL,-3,#NE,FEDERAÇÃO,13,PT,PARTIDO DOS TRABALHADORES,101,FEDERAÇÃO BRASIL DA ESPERANÇA - FE BRASIL,13-PT/65-PC do B/43-PV,13-PT/65-PC do B/43-PV,210001800199,FEDERAÇÃO,FEDERAÇÃO BRASIL DA ESPERANÇA - FE BRASIL (13-PT / 65-PC do B / 43-PV),RS,21/09/1964,7161260434,2,MASCULINO,3,ENSINO FUNDAMENTAL INCOMPLETO,3,CASADO(A),1,BRANCA,277,DEPUTADO,2,ELEITO POR QP
05/10/2026,10:14:11,2026,2,ELEIÇÃO ORDINÁRIA,1,6259,Eleições Gerais Estaduais 2026,04/10/2026,ESTADUAL,RS,RS,RIO GRANDE DO SUL,6,DEPUTADO FEDERAL,210002534599,1379,KATIA CILENE DE QUADROS DUARTE,KATIA DUARTE,#NULO,57619468072,NÃO DIVULGÁVEL,-3,#NE,FEDERAÇÃO,13,PT,PARTIDO DOS TRABALHADORES,101,FEDERAÇÃO BRASIL DA ESPERANÇA - FE BRASIL,13-PT/65-PC do B/43-PV,13-PT/65-PC do B/43-PV,210001800199,FEDERAÇÃO,FEDERAÇÃO BRASIL DA ESPERANÇA - FE BRASIL (13-PT / 65-PC do B / 43-PV),RS,20/03/1970,51861400426,4,FEMININO,6,ENSINO MÉDIO COMPLETO,9,DIVORCIADO(A),1,BRANCA,257,EMPRESÁRIO,5,SUPLENTE
05/10/2026,10:14:11,2026,2,ELEIÇÃO ORDINÁRIA,1,6259,Eleições Gerais Estaduais 2026,04/10/2026,ESTADUAL,RS,RS,RIO GRANDE DO SUL,6,DEPUTADO FEDERAL,210002534600,4343,CRISTIANO FERREIRA MORAES,CRIS MORAES,#NULO,20153074,NÃO DIVULGÁVEL,-3,#NE,FEDERAÇÃO,43,PV,PARTIDO VERDE,101,FEDERAÇÃO BRASIL DA ESPERANÇA - FE BRASIL,13-PT/65-PC do B/43-PV,13-PT/65-PC do B/43-PV,210001800199,FEDERAÇÃO,FEDERAÇÃO BRASIL DA ESPERANÇA - FE BRASIL (13-PT / 65-PC do B / 43-PV),RS,15/07/1977,68347310469,2,MASCULINO,8,SUPERIOR COMPLETO,3,CASADO(A),1,BRANCA,278,VEREADOR,5,SUPLENTE
05/10/2026,10:14:11,2026,2,ELEIÇÃO ORDINÁRIA,1,6259,Eleições Gerais Estaduais 2026,04/10/2026,ESTADUAL,RS,RS,RIO GRANDE DO SUL,6,DEPUTADO FEDERAL,210002534601,1320,ELVINO JOSE BOHN GASS,BOHN GASS,#NULO,12558206249,NÃO DIVULGÁVEL,-3,#NE,FEDERAÇÃO,13,PT,PARTIDO DOS TRABALHADORES,101,FEDERAÇÃO BRASIL DA ESPERANÇA - FE BRASIL,13-PT/65-PC do B/43-PV,13-PT/65-PC do B/43-PV,210001800199,FEDERAÇÃO,FEDERAÇÃO BRASIL DA ESPERANÇA - FE BRASIL (13-PT / 65-PC do B / 43-PV),RS,05/02/1962,41625770434,2,MASCULINO,8,SUPERIOR COMPLETO,3,CASADO(A),1,BRANCA,277,DEPUTADO,2,ELEITO POR QP
05/10/2026,10:14:11,2026,2,ELEIÇÃO ORDINÁRIA,1,6259,Eleições Gerais Estaduais 2026,04/10/2026,ESTADUAL,RS,RS,RIO GRANDE DO SUL,6,DEPUTADO FEDERAL,210002534602,1377,CLAUDIO RENATO DE AZEVEDO FILHO,FUFA,#NULO,81751842053,NÃO DIVULGÁVEL,-3,#NE,FEDERAÇÃO,13,PT,PARTIDO DOS TRABALHADORES,101,FEDERAÇÃO BRASIL DA ESPERANÇA - FE BRASIL,13-PT/65-PC do B/43-PV,13-PT/65-PC do B/43-PV,210001800199,FEDERAÇÃO,FEDERAÇÃO BRASIL DA ESPERANÇA - FE BRASIL (13-PT / 65-PC do B / 43-PV),RS,09/05/1980,71781240426,2,MASCULINO,8,SUPERIOR COMPLETO,9,DIVORCIADO(A),1,BRANCA,257,EMPRESÁRIO,5,SUPLENTE
05/10/2026,10:14:11,2026,2,ELEIÇÃO ORDINÁRIA,1,6259,Eleições Gerais Estaduais 2026,04/10/2026,ESTADUAL,RS,RS,RIO GRANDE DO SUL,6,DEPUTADO FEDERAL,210002534603,4321,EDISON MARTINS DOS SANTOS,PROFESSOR EDISON,#NULO,38370077072,NÃO DIVULGÁVEL,-3,#NE,FEDERAÇÃO,43,PV,PARTIDO VERDE,101,FEDERAÇÃO BRASIL DA ESPERANÇA - FE BRASIL,13-PT/65-PC do B/43-PV,13-PT/65-PC do B/43-PV,210001800199,FEDERAÇÃO,FEDERAÇÃO BRASIL DA ESPERANÇA - FE BRASIL (13-PT / 65-PC do B / 43-PV),RS,23/12/1962,32399150442,2,MASCULINO,8,SUPERIOR COMPLETO,3,CASADO(A),1,BRANCA,922,SERVIDOR PÚBLICO CIVIL APOSENTADO,5,SUPLENTE
05/10/2026,10:14:11,2026,2,ELEIÇÃO ORDINÁRIA,1,6259,Eleições Gerais Estaduais 2026,04/10/2026,ESTADUAL,RS,RS,RIO GRANDE DO SUL,6,DEPUTADO FEDERAL,210002534604,1370,MARIA DO ROSARIO NUNES,MARIA DO ROSARIO,#NULO,48989371015,NÃO DIVULGÁVEL,-3,#NE,FEDERAÇÃO,13,PT,PARTIDO DOS TRABALHADORES,101,FEDERAÇÃO BRASIL DA ESPERANÇA - FE BRASIL,13-PT/65-PC do B/43-PV,13-PT/65-PC do B/43-PV,210001800199,FEDERAÇÃO,FEDERAÇÃO BRASIL DA ESPERANÇA - FE BRASIL (13-PT / 65-PC do B / 43-PV),RS,22/11/1966,22431930442,4,FEMININO,8,SUPERIOR COMPLETO,9,DIVORCIADO(A),1,BRANCA,277,DEPUTADO,2,ELEITO POR QP
05/10/2026,10:14:11,2026,2,ELEIÇÃO ORDINÁRIA,1,6259,Eleições Gerais Estaduais 2026,04/10/2026,ESTADUAL,RS,RS,RIO GRANDE DO SUL,6,DEPUTADO FEDERAL,210002534605,1399,ARY JOSE VANAZZI,ARY VANAZZI,#NULO,34643265949,NÃO DIVULGÁVEL,-3,#NE,FEDERAÇÃO,13,PT,PARTIDO DOS TRABALHADORES,101,FEDERAÇÃO BRASIL DA ESPERANÇA - FE BRASIL,13-PT/65-PC do B/43-PV,13-PT/65-PC do B/43-PV,210001800199,FEDERAÇÃO,FEDERAÇÃO BRASIL DA ESPERANÇA - FE BRASIL (13-PT / 65-PC do B / 43-PV),SC,22/10/1958,32547670469,2,MASCULINO,8,SUPERIOR COMPLETO,3,CASADO(A),1,BRANCA,200,HISTORIADOR,5,SUPLENTE
05/10/2026,10:14:11,2026,2,ELEIÇÃO ORDINÁRIA,1,6259,Eleições Gerais Estaduais 2026,04/10/2026,ESTADUAL,RS,RS,RIO GRANDE DO SUL,6,DEPUTADO FEDERAL,210002534650,2233,GUILHERME BENEDETTO TODESCHINI,GUILHERME TODESCHINI,#NULO,98984225304,NÃO DIVULGÁVEL,-3,#NE,PARTIDO ISOLADO,22,PL,PARTIDO LIBERAL,-1,#NULO,#NULO,#NULO,210001800201,PARTIDO ISOLADO,PL,RJ,09/05/1986,91976790400,2,MASCULINO,8,SUPERIOR COMPLETO,3,CASADO(A),1,BRANCA,298,SERVIDOR PÚBLICO MUNICIPAL,5,SUPLENTE
05/10/2026,10:14:11,2026,2,ELEIÇÃO ORDINÁRIA,1,6259,Eleições Gerais Estaduais 2026,04/10/2026,ESTADUAL,RS,RS,RIO GRANDE DO SUL,6,DEPUTADO FEDERAL,210002534651,2211,LEANDRO BERTOLAZZI GOLIN,LEANDRO GOLIN,#NULO,69990581053,NÃO DIVULGÁVEL,-3,#NE,PARTIDO ISOLADO,22,PL,PARTIDO LIBERAL,-1,#NULO,#NULO,#NULO,210001800201,PARTIDO ISOLADO,PL,RS,13/01/1978,70091430493,2,MASCULINO,8,SUPERIOR COMPLETO,3,CASADO(A),1,BRANCA,999,OUTROS,5,SUPLENTE
05/10/2026,10:14:11,2026,2,ELEIÇÃO ORDINÁRIA,1,6259,Eleições Gerais Estaduais 2026,04/10/2026,ESTADUAL,RS,RS,RIO GRANDE DO SUL,6,DEPUTADO FEDERAL,210002534652,2260,VALDECI JOSÉ MARTINS ROCHA,VALDECI ROCHA,#NULO,46306862072,NÃO DIVULGÁVEL,-3,#NE,PARTIDO ISOLADO,22,PL,PARTIDO LIBERAL,-1,#NULO,#NULO,#NULO,210001800201,PARTIDO ISOLADO,PL,RS,26/10/1964,36155180477,2,MASCULINO,8,SUPERIOR COMPLETO,3,CASADO(A),3,PARDA,923,APOSENTADO (EXCETO SERVIDOR PÚBLICO),5,SUPLENTE
05/10/2026,10:14:11,2026,2,ELEIÇÃO ORDINÁRIA,1,6259,Eleições Gerais Estaduais 2026,04/10/2026,ESTADUAL,RS,RS,RIO GRANDE DO SUL,6,DEPUTADO FEDERAL,210002534653,2227,IGOR BALDISSERA BONFANTI,IGOR BONFANTI,#NULO,3633281061,NÃO DIVULGÁVEL,-3,#NE,PARTIDO ISOLADO,22,PL,PARTIDO LIBERAL,-1,#NULO,#NULO,#NULO,210001800201,PARTIDO ISOLADO,PL,RS,29/11/1994,107499360434,2,MASCULINO,8,SUPERIOR COMPLETO,3,CASADO(A),1,BRANCA,257,EMPRESÁRIO,5,SUPLENTE
05/10/2026,10:14:11,2026,2,ELEIÇÃO ORDINÁRIA,1,6259,Eleições Gerais Estaduais 2026,04/10/2026,ESTADUAL,RS,RS,RIO GRANDE DO SUL,6,DEPUTADO FEDERAL,210002534654,2277,MAURICIO BEDIN MARCON,MAURÍCIO MARCON,#NULO,1117026078,NÃO DIVULGÁVEL,-3,#NE,PARTIDO ISOLADO,22,PL,PARTIDO LIBERAL,-1,#NULO,#NULO,#NULO,210001800201,PARTIDO ISOLADO,PL,RS,24/01/1987,92160390450,2,MASCULINO,8,SUPERIOR COMPLETO,3,CASADO(A),1,BRANCA,277,DEPUTADO,2,ELEITO POR QP
05/10/2026,10:14:11,2026,2,ELEIÇÃO ORDINÁRIA,1,6259,Eleições Gerais Estaduais 2026,04/10/2026,ESTADUAL,RS,RS,RIO GRANDE DO SUL,6,DEPUTADO FEDERAL,210002534655,2242,TATIANA FURLAN,DRA TATI FURLAN,#NULO,47514523049,NÃO DIVULGÁVEL,-3,#NE,PARTIDO ISOLADO,22,PL,PARTIDO LIBERAL,-1,#NULO,#NULO,#NULO,210001800201,PARTIDO ISOLADO,PL,RS,24/11/1965,2827030442,4,FEMININO,8,SUPERIOR COMPLETO,9,DIVORCIADO(A),1,BRANCA,111,MÉDICO,5,SUPLENTE
05/10/2026,10:14:11,2026,2,ELEIÇÃO ORDINÁRIA,1,6259,Eleições Gerais Estaduais 2026,04/10/2026,ESTADUAL,RS,RS,RIO GRANDE DO SUL,6,DEPUTADO FEDERAL,210002534656,2200,ALCIBIO MESQUITA BIBO NUNES,BIBO NUNES,#NULO,27236056049,NÃO DIVULGÁVEL,-3,#NE,PARTIDO ISOLADO,22,PL,PARTIDO LIBERAL,-1,#NULO,#NULO,#NULO,210001800201,PARTIDO ISOLADO,PL,RS,09/01/1957,36442410400,2,MASCULINO,8,SUPERIOR COMPLETO,3,CASADO(A),1,BRANCA,257,EMPRESÁRIO,3,ELEITO POR MÉDIA
05/10/2026,10:14:11,2026,2,ELEIÇÃO ORDINÁRIA,1,6259,Eleições Gerais Estaduais 2026,04/10/2026,ESTADUAL,RS,RS,RIO GRANDE DO SUL,6,DEPUTADO FEDERAL,210002534657,2220,JANE MARY CENI,JANE MARY,#NULO,45244979949,NÃO DIVULGÁVEL,-3,#NE,PARTIDO ISOLADO,22,PL,PARTIDO LIBERAL,-1,#NULO,#NULO,#NULO,210001800201,PARTIDO ISOLADO,PL,RS,06/03/1961,23380100418,4,FEMININO,6,ENSINO MÉDIO COMPLETO,9,DIVORCIADO(A),1,BRANCA,257,EMPRESÁRIO,5,SUPLENTE
05/10/2026,10:14:11,2026,2,ELEIÇÃO ORDINÁRIA,1,6259,Eleições Gerais Estaduais 2026,04/10/2026,ESTADUAL,RS,RS,RIO GRANDE DO SUL,6,DEPUTADO FEDERAL,210002534658,2250,SÉRGIO DOS SANTOS,SERJÃO CARRETEIRO,#NULO,58161651000,NÃO DIVULGÁVEL,-3,#NE,PARTIDO ISOLADO,22,PL,PARTIDO LIBERAL,-1,#NULO,#NULO,#NULO,210001800201,PARTIDO ISOLADO,PL,RS,30/08/1972,55411390485,2,MASCULINO,6,ENSINO MÉDIO COMPLETO,1,SOLTEIRO(A),1,BRANCA,532,MOTORISTA DE VEÍCULOS DE TRANSPORTE DE CARGA,5,SUPLENTE
05/10/2026,10:14:11,2026,2,ELEIÇÃO ORDINÁRIA,1,6259,Eleições Gerais Estaduais 2026,04/10/2026,ESTADUAL,RS,RS,RIO GRANDE DO SUL,6,DEPUTADO FEDERAL,210002534659,2226,KÁTIA KASPARY,KÁTIA KASPARY,#NULO,1604041005,NÃO DIVULGÁVEL,-3,#NE,PARTIDO ISOLADO,22,PL,PARTIDO LIBERAL,-1,#NULO,#NULO,#NULO,210001800201,PARTIDO ISOLADO,PL,RS,09/04/1988,92778930434,4,FEMININO,8,SUPERIOR COMPLETO,1,SOLTEIRO(A),1,BRANCA,101,ENGENHEIRO,5,SUPLENTE
05/10/2026,10:14:11,2026,2,ELEIÇÃO ORDINÁRIA,1,6259,Eleições Gerais Estaduais 2026,04/10/2026,ESTADUAL,RS,RS,RIO GRANDE DO SUL,6,DEPUTADO FEDERAL,210002534660,2258,LISIANE GOULART BECKER,LISIANE BECKER,#NULO,56928696087,NÃO DIVULGÁVEL,-3,#NE,PARTIDO ISOLADO,22,PL,PARTIDO LIBERAL,-1,#NULO,#NULO,#NULO,210001800201,PARTIDO ISOLADO,PL,RS,22/11/1967,22621390434,4,FEMININO,8,SUPERIOR COMPLETO,3,CASADO(A),1,BRANCA,137,RELAÇÕES-PÚBLICAS,5,SUPLENTE
05/10/2026,10:14:11,2026,2,ELEIÇÃO ORDINÁRIA,1,6259,Eleições Gerais Estaduais 2026,04/10/2026,ESTADUAL,RS,RS,RIO GRANDE DO SUL,6,DEPUTADO FEDERAL,210002534661,2255,JEFERSON LUIS DE MELO,BOLACHA MELO,#NULO,55167411068,NÃO DIVULGÁVEL,-3,#NE,PARTIDO ISOLADO,22,PL,PARTIDO LIBERAL,-1,#NULO,#NULO,#NULO,210001800201,PARTIDO ISOLADO,PL,RS,22/01/1968,3328720442,2,MASCULINO,6,ENSINO MÉDIO COMPLETO,1,SOLTEIRO(A),3,PARDA,297,SERVIDOR PÚBLICO ESTADUAL,5,SUPLENTE
05/10/2026,10:14:11,2026,2,ELEIÇÃO ORDINÁRIA,1,6259,Eleições Gerais Estaduais 2026,04/10/2026,ESTADUAL,RS,RS,RIO GRANDE DO SUL,6,DEPUTADO FEDERAL,210002534662,2299,RENATO ORLANDO TIECHER,TCHÊQUINHO,#NULO,70546134068,NÃO DIVULGÁVEL,-3,#NE,PARTIDO ISOLADO,22,PL,PARTIDO LIBERAL,-1,#NULO,#NULO,#NULO,210001800201,PARTIDO ISOLADO,PL,RS,06/01/1973,56887420469,2,MASCULINO,4,ENSINO FUNDAMENTAL COMPLETO,3,CASADO(A),1,BRANCA,999,OUTROS,5,SUPLENTE
05/10/2026,10:14:11,2026,2,ELEIÇÃO ORDINÁRIA,1,6259,Eleições Gerais Estaduais 2026,04/10/2026,ESTADUAL,RS,RS,RIO GRANDE DO SUL,6,DEPUTADO FEDERAL,210002534663,2207,JANICE QUINZEN WILLRICH,POLICIAL PENAL JANICE QUINZEN,#NULO,96888350053,NÃO DIVULGÁVEL,-3,#NE,PARTIDO ISOLADO,22,PL,PARTIDO LIBERAL,-1,#NULO,#NULO,#NULO,210001800201,PARTIDO ISOLADO,PL,RS,27/09/1979,72992880434,4,FEMININO,8,SUPERIOR COMPLETO,9,DIVORCIADO(A),1,BRANCA,297,SERVIDOR PÚBLICO ESTADUAL,5,SUPLENTE
05/10/2026,10:14:11,2026,2,ELEIÇÃO ORDINÁRIA,1,6259,Eleições Gerais Estaduais 2026,04/10/2026,ESTADUAL,RS,RS,RIO GRANDE DO SUL,6,DEPUTADO FEDERAL,210002534664,2230,JESSÉ SANGALLI DE MELLO,JESSÉ SANGALLI,#NULO,83197680049,NÃO DIVULGÁVEL,-3,#NE,PARTIDO ISOLADO,22,PL,PARTIDO LIBERAL,-1,#NULO,#NULO,#NULO,210001800201,PARTIDO ISOLADO,PL,RS,01/10/1987,94893680434,2,MASCULINO,8,SUPERIOR COMPLETO,3,CASADO(A),1,BRANCA,296,SERVIDOR PÚBLICO FEDERAL,2,ELEITO POR QP
05/10/2026,10:14:11,2026,2,ELEIÇÃO ORDINÁRIA,1,6259,Eleições Gerais Estaduais 2026,04/10/2026,ESTADUAL,RS,RS,RIO GRANDE DO SUL,6,DEPUTADO FEDERAL,210002534665,2210,FERNANDA DA CUNHA BARTH,FERNANDA BARTH,#NULO,69844437091,NÃO DIVULGÁVEL,-3,#NE,PARTIDO ISOLADO,22,PL,PARTIDO LIBERAL,-1,#NULO,#NULO,#NULO,210001800201,PARTIDO ISOLADO,PL,RS,16/03/1972,58415500450,4,FEMININO,8,SUPERIOR COMPLETO,1,SOLTEIRO(A),1,BRANCA,171,JORNALISTA E REDATOR,5,SUPLENTE
05/10/2026,10:14:11,2026,2,ELEIÇÃO ORDINÁRIA,1,6259,Eleições Gerais Estaduais 2026,04/10/2026,ESTADUAL,RS,RS,RIO GRANDE DO SUL,6,DEPUTADO FEDERAL,210002534666,2221,ALEXANDRE WAGNER DA SILVA BOBADRA,ALEXANDRE BOBADRA,#NULO,88424588053,NÃO DIVULGÁVEL,-3,#NE,PARTIDO ISOLADO,22,PL,PARTIDO LIBERAL,-1,#NULO,#NULO,#NULO,210001800201,PARTIDO ISOLADO,PL,RS,08/06/1979,78089710493,2,MASCULINO,8,SUPERIOR COMPLETO,1,SOLTEIRO(A),1,BRANCA,297,SERVIDOR PÚBLICO ESTADUAL,5,SUPLENTE
05/10/2026,10:14:11,2026,2,ELEIÇÃO ORDINÁRIA,1,6259,Eleições Gerais Estaduais 2026,04/10/2026,ESTADUAL,RS,RS,RIO GRANDE DO SUL,6,DEPUTADO FEDERAL,210002534667,2212,MARCELO USTRA DA SILVA SOARES,CORONEL USTRA,#NULO,80888313004,NÃO DIVULGÁVEL,-3,#NE,PARTIDO ISOLADO,22,PL,PARTIDO LIBERAL,-1,#NULO,#NULO,#NULO,210001800201,PARTIDO ISOLADO,PL,RS,16/03/1979,107882060302,2,MASCULINO,8,SUPERIOR COMPLETO,1,SOLTEIRO(A),1,BRANCA,278,VEREADOR,5,SUPLENTE
05/10/2026,10:14:11,2026,2,ELEIÇÃO ORDINÁRIA,1,6259,Eleições Gerais Estaduais 2026,04/10/2026,ESTADUAL,RS,RS,RIO GRANDE DO SUL,6,DEPUTADO FEDERAL,210002534668,2215,OSMAR GASPARINI TERRA,OSMAR TERRA,#NULO,19971478072,NÃO DIVULGÁVEL,-3,#NE,PARTIDO ISOLADO,22,PL,PARTIDO LIBERAL,-1,#NULO,#NULO,#NULO,210001800201,PARTIDO ISOLADO,PL,RS,18/02/1950,21995280418,2,MASCULINO,8,SUPERIOR COMPLETO,3,CASADO(A),1,BRANCA,111,MÉDICO,2,ELEITO POR QP
05/10/2026,10:14:11,2026,2,ELEIÇÃO ORDINÁRIA,1,6259,Eleições Gerais Estaduais 2026,04/10/2026,ESTADUAL,RS,RS,RIO GRANDE DO SUL,6,DEPUTADO FEDERAL,210002534669,2225,ANA MARIA INÊS LEHN,ANA BOMBOM,#NULO,29664470015,NÃO DIVULGÁVEL,-3,#NE,PARTIDO ISOLADO,22,PL,PARTIDO LIBERAL,-1,#NULO,#NULO,#NULO,210001800201,PARTIDO ISOLADO,PL,RS,28/04/1951,43995940426,4,FEMININO,6,ENSINO MÉDIO COMPLETO,1,SOLTEIRO(A),1,BRANCA,999,OUTROS,5,SUPLENTE
05/10/2026,10:14:11,2026,2,ELEIÇÃO ORDINÁRIA,1,6259,Eleições Gerais Estaduais 2026,04/10/2026,ESTADUAL,RS,RS,RIO GRANDE DO SUL,6,DEPUTADO FEDERAL,210002534670,2228,FELIPE CRUZ PEDRI,FELIPE PEDRI,#NULO,94104948004,NÃO DIVULGÁVEL,-3,#NE,PARTIDO ISOLADO,22,PL,PARTIDO LIBERAL,-1,#NULO,#NULO,#NULO,210001800201,PARTIDO ISOLADO,PL,RS,28/04/1979,72210370400,2,MASCULINO,6,ENSINO MÉDIO COMPLETO,1,SOLTEIRO(A),1,BRANCA,257,EMPRESÁRIO,5,SUPLENTE
05/10/2026,10:14:11,2026,2,ELEIÇÃO ORDINÁRIA,1,6259,Eleições Gerais Estaduais 2026,04/10/2026,ESTADUAL,RS,RS,RIO GRANDE DO SUL,6,DEPUTADO FEDERAL,210002534671,2214,MARCELO PIRES MORAES,MARCELO MORAES,#NULO,96520418072,NÃO DIVULGÁVEL,-3,#NE,PARTIDO ISOLADO,22,PL,PARTIDO LIBERAL,-1,#NULO,#NULO,#NULO,210001800201,PARTIDO ISOLADO,PL,RS,07/08/1979,75179440400,2,MASCULINO,6,ENSINO MÉDIO COMPLETO,1,SOLTEIRO(A),1,BRANCA,277,DEPUTADO,2,ELEITO POR QP
05/10/2026,10:14:11,2026,2,ELEIÇÃO ORDINÁRIA,1,6259,Eleições Gerais Estaduais 2026,04/10/2026,ESTADUAL,RS,RS,RIO GRANDE DO SUL,6,DEPUTADO FEDERAL,210002534672,2223,ADRIANE FONSECA GONÇALVES,ADRIANE FONSECA,#NULO,66601398004,NÃO DIVULGÁVEL,-3,#NE,PARTIDO ISOLADO,22,PL,PARTIDO LIBERAL,-1,#NULO,#NULO,#NULO,210001800201,PARTIDO ISOLADO,PL,RS,01/04/1973,62697770434,4,FEMININO,8,SUPERIOR COMPLETO,3,CASADO(A),1,BRANCA,923,APOSENTADO (EXCETO SERVIDOR PÚBLICO),5,SUPLENTE
05/10/2026,10:14:11,2026,2,ELEIÇÃO ORDINÁRIA,1,6259,Eleições Gerais Estaduais 2026,04/10/2026,ESTADUAL,RS,RS,RIO GRANDE DO SUL,6,DEPUTADO FEDERAL,210002534673,2254,RUBEM DE CASTRO,RUBEM DE CASTRO,#NULO,15410358015,NÃO DIVULGÁVEL,-3,#NE,PARTIDO ISOLADO,22,PL,PARTIDO LIBERAL,-1,#NULO,#NULO,#NULO,210001800201,PARTIDO ISOLADO,PL,RS,11/02/1949,49418460477,2,MASCULINO,6,ENSINO MÉDIO COMPLETO,3,CASADO(A),1,BRANCA,923,APOSENTADO (EXCETO SERVIDOR PÚBLICO),5,SUPLENTE
05/10/2026,10:14:11,2026,2,ELEIÇÃO ORDINÁRIA,1,6259,Eleições Gerais Estaduais 2026,04/10/2026,ESTADUAL,RS,RS,RIO GRANDE DO SUL,6,DEPUTADO FEDERAL,210002534894,2288,MAIRA RAQUEL ALMEIDA PEREIRA,GAUCHINHA DOS PAMPAS,#NULO,1043353003,NÃO DIVULGÁVEL,-3,#NE,PARTIDO ISOLADO,22,PL,PARTIDO LIBERAL,-1,#NULO,#NULO,#NULO,210001800201,PARTIDO ISOLADO,PL,RS,08/09/1976,86138920485,4,FEMININO,6,ENSINO MÉDIO COMPLETO,3,CASADO(A),1,BRANCA,999,OUTROS,5,SUPLENTE
05/10/2026,10:14:11,2026,2,ELEIÇÃO ORDINÁRIA,1,6259,Eleições Gerais Estaduais 2026,04/10/2026,ESTADUAL,RS,RS,RIO GRANDE DO SUL,6,DEPUTADO FEDERAL,210002534895,2266,LUIS AMARO PRESTES DE OLIVEIRA,GAUCHINHO DE DEUS,#NULO,58902708268,NÃO DIVULGÁVEL,-3,#NE,PARTIDO ISOLADO,22,PL,PARTIDO LIBERAL,-1,#NULO,#NULO,#NULO,210001800201,PARTIDO ISOLADO,PL,RS,20/06/1972,1760332658,2,MASCULINO,6,ENSINO MÉDIO COMPLETO,3,CASADO(A),1,BRANCA,163,CANTOR E COMPOSITOR,5,SUPLENTE
05/10/2026,10:14:11,2026,2,ELEIÇÃO ORDINÁRIA,1,6259,Eleições Gerais Estaduais 2026,04/10/2026,ESTADUAL,RS,RS,RIO GRANDE DO SUL,6,DEPUTADO FEDERAL,210002534896,2202,KELI CRISTINA DIAS DOS SANTOS,KELI DIAS,#NULO,232782008,NÃO DIVULGÁVEL,-3,#NE,PARTIDO ISOLADO,22,PL,PARTIDO LIBERAL,-1,#NULO,#NULO,#NULO,210001800201,PARTIDO ISOLADO,PL,RS,30/12/1983,82387590418,4,FEMININO,6,ENSINO MÉDIO COMPLETO,1,SOLTEIRO(A),1,BRANCA,999,OUTROS,5,SUPLENTE
05/10/2026,10:14:11,2026,2,ELEIÇÃO ORDINÁRIA,1,6259,Eleições Gerais Estaduais 2026,04/10/2026,ESTADUAL,RS,RS,RIO GRANDE DO SUL,6,DEPUTADO FEDERAL,210002534897,2222,GIOVANI CHERINI,GIOVANI CHERINI,#NULO,31050778049,NÃO DIVULGÁVEL,-3,#NE,PARTIDO ISOLADO,22,PL,PARTIDO LIBERAL,-1,#NULO,#NULO,#NULO,210001800201,PARTIDO ISOLADO,PL,RS,23/06/1960,13203150400,2,MASCULINO,8,SUPERIOR COMPLETO,3,CASADO(A),1,BRANCA,277,DEPUTADO,2,ELEITO POR QP
05/10/2026,10:14:11,2026,2,ELEIÇÃO ORDINÁRIA,1,6259,Eleições Gerais Estaduais 2026,04/10/2026,ESTADUAL,RS,RS,RIO GRANDE DO SUL,6,DEPUTADO FEDERAL,210002534898,2201,MARCIANO PERONDI,PERONDI,#NULO,199423032,NÃO DIVULGÁVEL,-3,#NE,PARTIDO ISOLADO,22,PL,PARTIDO LIBERAL,-1,#NULO,#NULO,#NULO,210001800201,PARTIDO ISOLADO,PL,SC,26/06/1983,75216300426,2,MASCULINO,8,SUPERIOR COMPLETO,3,CASADO(A),1,BRANCA,257,EMPRESÁRIO,3,ELEITO POR MÉDIA
05/10/2026,10:14:11,2026,2,ELEIÇÃO ORDINÁRIA,1,6259,Eleições Gerais Estaduais 2026,04/10/2026,ESTADUAL,RS,RS,RIO GRANDE DO SUL,6,DEPUTADO FEDERAL,210002534899,2244,DIOGO SEGABINAZZI SIQUEIRA,DIOGO SIQUEIRA,#NULO,82160198072,NÃO DIVULGÁVEL,-3,#NE,PARTIDO ISOLADO,22,PL,PARTIDO LIBERAL,-1,#NULO,#NULO,#NULO,210001800201,PARTIDO ISOLADO,PL,SC,29/08/1979,78034220418,2,MASCULINO,8,SUPERIOR COMPLETO,3,CASADO(A),1,BRANCA,115,ODONTÓLOGO,2,ELEITO POR QP
05/10/2026,10:14:11,2026,2,ELEIÇÃO ORDINÁRIA,1,6259,Eleições Gerais Estaduais 2026,04/10/2026,ESTADUAL,RS,RS,RIO GRANDE DO SUL,6,DEPUTADO FEDERAL,210002534900,2217,RUBENS GOLDENBERG,GOLD,#NULO,21601070004,NÃO DIVULGÁVEL,-3,#NE,PARTIDO ISOLADO,22,PL,PARTIDO LIBERAL,-1,#NULO,#NULO,#NULO,210001800201,PARTIDO ISOLADO,PL,SP,06/10/1955,10148480450,2,MASCULINO,7,SUPERIOR INCOMPLETO,3,CASADO(A),1,BRANCA,257,EMPRESÁRIO,5,SUPLENTE
05/10/2026,10:14:11,2026,2,ELEIÇÃO ORDINÁRIA,1,6259,Eleições Gerais Estaduais 2026,04/10/2026,ESTADUAL,RS,RS,RIO GRANDE DO SUL,6,DEPUTADO FEDERAL,210002534901,2238,PAULA MARISA CARVALHO DE OLIVEIRA,PAULA MARISA,#NULO,97895342053,NÃO DIVULGÁVEL,-3,#NE,PARTIDO ISOLADO,22,PL,PARTIDO LIBERAL,-1,#NULO,#NULO,#NULO,210001800201,PARTIDO ISOLADO,PL,SP,26/06/1981,78761840400,4,FEMININO,8,SUPERIOR COMPLETO,1,SOLTEIRO(A),1,BRANCA,257,EMPRESÁRIO,5,SUPLENTE
05/10/2026,10:14:11,2026,2,ELEIÇÃO ORDINÁRIA,1,6259,Eleições Gerais Estaduais 2026,04/10/2026,ESTADUAL,RS,RS,RIO GRANDE DO SUL,6,DEPUTADO FEDERAL,210002535497,3038,FILIPE DE DAVID ILHA,FILIPE ILHA,#NULO,566588005,NÃO DIVULGÁVEL,-3,#NE,PARTIDO ISOLADO,30,NOVO,PARTIDO NOVO,-1,#NULO,#NULO,#NULO,210001800104,PARTIDO ISOLADO,NOVO,RS,12/01/1984,81513960485,2,MASCULINO,8,SUPERIOR COMPLETO,1,SOLTEIRO(A),1,BRANCA,257,EMPRESÁRIO,5,SUPLENTE
05/10/2026,10:14:11,2026,2,ELEIÇÃO ORDINÁRIA,1,6259,Eleições Gerais Estaduais 2026,04/10/2026,ESTADUAL,RS,RS,RIO GRANDE DO SUL,6,DEPUTADO FEDERAL,210002535907,4020,RAFAEL DE CASTRO SANTOS,RAFA CASTRO,#NULO,652853285,NÃO DIVULGÁVEL,-3,#NE,PARTIDO ISOLADO,40,PSB,PARTIDO SOCIALISTA BRASILEIRO,-1,#NULO,#NULO,#NULO,210001800217,PARTIDO ISOLADO,PSB,PA,03/02/1988,57031581341,2,MASCULINO,8,SUPERIOR COMPLETO,3,CASADO(A),2,PRETA,411,VENDEDOR DE COMÉRCIO VAREJISTA E ATACADISTA,4,NÃO ELEITO
05/10/2026,10:14:11,2026,2,ELEIÇÃO ORDINÁRIA,1,6259,Eleições Gerais Estaduais 2026,04/10/2026,ESTADUAL,RS,RS,RIO GRANDE DO SUL,6,DEPUTADO FEDERAL,210002535908,4026,ANELIZE FIGUEIREDO CARRICONDE,ANELIZE CARRICONDE,#NULO,58551379020,NÃO DIVULGÁVEL,-3,#NE,PARTIDO ISOLADO,40,PSB,PARTIDO SOCIALISTA BRASILEIRO,-1,#NULO,#NULO,#NULO,210001800217,PARTIDO ISOLADO,PSB,RS,24/10/1970,54810970434,4,FEMININO,8,SUPERIOR COMPLETO,1,SOLTEIRO(A),1,BRANCA,257,EMPRESÁRIO,4,NÃO ELEITO
05/10/2026,10:14:11,2026,2,ELEIÇÃO ORDINÁRIA,1,6259,Eleições Gerais Estaduais 2026,04/10/2026,ESTADUAL,RS,RS,RIO GRANDE DO SUL,6,DEPUTADO FEDERAL,210002535909,4077,JULIA DE LIMA ARNOUD,JULIA ARNOUD,#NULO,84663430082,NÃO DIVULGÁVEL,-3,#NE,PARTIDO ISOLADO,40,PSB,PARTIDO SOCIALISTA BRASILEIRO,-1,#NULO,#NULO,#NULO,210001800217,PARTIDO ISOLADO,PSB,RS,10/05/1998,117312430469,4,FEMININO,5,ENSINO MÉDIO INCOMPLETO,1,SOLTEIRO(A),2,PRETA,931,"ESTUDANTE, BOLSISTA, ESTAGIÁRIO E ASSEMELHADOS",4,NÃO ELEITO
05/10/2026,10:14:11,2026,2,ELEIÇÃO ORDINÁRIA,1,6259,Eleições Gerais Estaduais 2026,04/10/2026,ESTADUAL,RS,RS,RIO GRANDE DO SUL,6,DEPUTADO FEDERAL,210002535910,4008,CLEUSA MARIA SILVEIRA ZAIKOWSKI,CLEUSA ZAIKOWSKI,#NULO,64253422004,NÃO DIVULGÁVEL,-3,#NE,PARTIDO ISOLADO,40,PSB,PARTIDO SOCIALISTA BRASILEIRO,-1,#NULO,#NULO,#NULO,210001800217,PARTIDO ISOLADO,PSB,RS,08/04/1971,58351670418,4,FEMININO,6,ENSINO MÉDIO COMPLETO,3,CASADO(A),1,BRANCA,581,DONA DE CASA,4,NÃO ELEITO
05/10/2026,10:14:11,2026,2,ELEIÇÃO ORDINÁRIA,1,6259,Eleições Gerais Estaduais 2026,04/10/2026,ESTADUAL,RS,RS,RIO GRANDE DO SUL,6,DEPUTADO FEDERAL,210002535911,4004,VIVIANE DE MELLO,VIVI MELLO,#NULO,2090143002,NÃO DIVULGÁVEL,-3,#NE,PARTIDO ISOLADO,40,PSB,PARTIDO SOCIALISTA BRASILEIRO,-1,#NULO,#NULO,#NULO,210001800217,PARTIDO ISOLADO,PSB,RS,17/12/1989,101167360493,4,FEMININO,7,SUPERIOR INCOMPLETO,1,SOLTEIRO(A),1,BRANCA,999,OUTROS,4,NÃO ELEITO
05/10/2026,10:14:11,2026,2,ELEIÇÃO ORDINÁRIA,1,6259,Eleições Gerais Estaduais 2026,04/10/2026,ESTADUAL,RS,RS,RIO GRANDE DO SUL,6,DEPUTADO FEDERAL,210002535912,4001,JEMERSON DA COSTA HOFFMANN,TEQUILA,#NULO,81335946004,NÃO DIVULGÁVEL,-3,#NE,PARTIDO ISOLADO,40,PSB,PARTIDO SOCIALISTA BRASILEIRO,-1,#NULO,#NULO,#NULO,210001800217,PARTIDO ISOLADO,PSB,RS,18/03/1981,76032600442,2,MASCULINO,7,SUPERIOR INCOMPLETO,3,CASADO(A),1,BRANCA,298,SERVIDOR PÚBLICO MUNICIPAL,4,NÃO ELEITO
05/10/2026,10:14:11,2026,2,ELEIÇÃO ORDINÁRIA,1,6259,Eleições Gerais Estaduais 2026,04/10/2026,ESTADUAL,RS,RS,RIO GRANDE DO SUL,6,DEPUTADO FEDERAL,210002535913,4033,LILIAN SOUZA BITENCOURT,LILIAN BITENCOURT,#NULO,81010737015,NÃO DIVULGÁVEL,-3,#NE,PARTIDO ISOLADO,40,PSB,PARTIDO SOCIALISTA BRASILEIRO,-1,#NULO,#NULO,#NULO,210001800217,PARTIDO ISOLADO,PSB,RS,28/03/1979,74071060485,4,FEMININO,8,SUPERIOR COMPLETO,1,SOLTEIRO(A),1,BRANCA,403,"CORRETOR DE IMÓVEIS, SEGUROS, TÍTULOS E VALORES",4,NÃO ELEITO
05/10/2026,10:14:11,2026,2,ELEIÇÃO ORDINÁRIA,1,6259,Eleições Gerais Estaduais 2026,04/10/2026,ESTADUAL,RS,RS,RIO GRANDE DO SUL,6,DEPUTADO FEDERAL,210002535914,4013,ERIANE MARTINS PACHECO,ERIANE PACHECO,#NULO,1466905085,NÃO DIVULGÁVEL,-3,#NE,PARTIDO ISOLADO,40,PSB,PARTIDO SOCIALISTA BRASILEIRO,-1,#NULO,#NULO,#NULO,210001800217,PARTIDO ISOLADO,PSB,RS,11/10/1988,94098500469,4,FEMININO,8,SUPERIOR COMPLETO,1,SOLTEIRO(A),2,PRETA,134,ASSISTENTE SOCIAL,4,NÃO ELEITO
05/10/2026,10:14:11,2026,2,ELEIÇÃO ORDINÁRIA,1,6259,Eleições Gerais Estaduais 2026,04/10/2026,ESTADUAL,RS,RS,RIO GRANDE DO SUL,6,DEPUTADO FEDERAL,210002535915,4000,FRED LUIZ TAVARES NUNES,FRED NUNES,#NULO,92924115000,NÃO DIVULGÁVEL,-3,#NE,PARTIDO ISOLADO,40,PSB,PARTIDO SOCIALISTA BRASILEIRO,-1,#NULO,#NULO,#NULO,210001800217,PARTIDO ISOLADO,PSB,RS,04/01/1980,73622250477,2,MASCULINO,8,SUPERIOR COMPLETO,3,CASADO(A),1,BRANCA,296,SERVIDOR PÚBLICO FEDERAL,4,NÃO ELEITO
05/10/2026,10:14:11,2026,2,ELEIÇÃO ORDINÁRIA,1,6259,Eleições Gerais Estaduais 2026,04/10/2026,ESTADUAL,RS,RS,RIO GRANDE DO SUL,6,DEPUTADO FEDERAL,210002535916,4010,BRUNO CARDOZO TRESBACH,BRUNO CARDOZO,#NULO,3723995098,NÃO DIVULGÁVEL,-3,#NE,PARTIDO ISOLADO,40,PSB,PARTIDO SOCIALISTA BRASILEIRO,-1,#NULO,#NULO,#NULO,210001800217,PARTIDO ISOLADO,PSB,RS,11/02/2001,117113600434,2,MASCULINO,7,SUPERIOR INCOMPLETO,1,SOLTEIRO(A),1,BRANCA,999,OUTROS,4,NÃO ELEITO
05/10/2026,10:14:11,2026,2,ELEIÇÃO ORDINÁRIA,1,6259,Eleições Gerais Estaduais 2026,04/10/2026,ESTADUAL,RS,RS,RIO GRANDE DO SUL,6,DEPUTADO FEDERAL,210002535917,4050,VICENTE PAULO DE OLIVEIRA SELISTRE,VICENTE SELISTRE,#NULO,50830198091,NÃO DIVULGÁVEL,-3,#NE,PARTIDO ISOLADO,40,PSB,PARTIDO SOCIALISTA BRASILEIRO,-1,#NULO,#NULO,#NULO,210001800217,PARTIDO ISOLADO,PSB,RS,17/04/1964,13303400469,2,MASCULINO,8,SUPERIOR COMPLETO,3,CASADO(A),1,BRANCA,715,TRABALHADOR DE FABRICAÇÃO DE CALÇADOS E ARTEFATOS DE COURO,4,NÃO ELEITO
05/10/2026,10:14:11,2026,2,ELEIÇÃO ORDINÁRIA,1,6259,Eleições Gerais Estaduais 2026,04/10/2026,ESTADUAL,RS,RS,RIO GRANDE DO SUL,6,DEPUTADO FEDERAL,210002535918,4040,LUIZ ROBERTO DE ALBUQUERQUE,BETO ALBUQUERQUE,#NULO,33769460006,NÃO DIVULGÁVEL,-3,#NE,PARTIDO ISOLADO,40,PSB,PARTIDO SOCIALISTA BRASILEIRO,-1,#NULO,#NULO,#NULO,210001800217,PARTIDO ISOLADO,PSB,RS,06/01/1963,14809240493,2,MASCULINO,8,SUPERIOR COMPLETO,3,CASADO(A),1,BRANCA,131,ADVOGADO,4,NÃO ELEITO
05/10/2026,10:14:11,2026,2,ELEIÇÃO ORDINÁRIA,1,6259,Eleições Gerais Estaduais 2026,04/10/2026,ESTADUAL,RS,RS,RIO GRANDE DO SUL,6,DEPUTADO FEDERAL,210002535919,4055,PAULA VIEIRA CARDOSO,PAULA,#NULO,2505419043,NÃO DIVULGÁVEL,-3,#NE,PARTIDO ISOLADO,40,PSB,PARTIDO SOCIALISTA BRASILEIRO,-1,#NULO,#NULO,#NULO,210001800217,PARTIDO ISOLADO,PSB,RS,10/07/1991,103114200434,4,FEMININO,8,SUPERIOR COMPLETO,1,SOLTEIRO(A),2,PRETA,131,ADVOGADO,4,NÃO ELEITO
05/10/2026,10:14:11,2026,2,ELEIÇÃO ORDINÁRIA,1,6259,Eleições Gerais Estaduais 2026,04/10/2026,ESTADUAL,RS,RS,RIO GRANDE DO SUL,6,DEPUTADO FEDERAL,210002535920,4070,ALINE CONSTANTINO BENTO,ALINE CONSTANTINO BENTO,#NULO,2613074019,NÃO DIVULGÁVEL,-3,#NE,PARTIDO ISOLADO,40,PSB,PARTIDO SOCIALISTA BRASILEIRO,-1,#NULO,#NULO,#NULO,210001800217,PARTIDO ISOLADO,PSB,RS,04/04/1994,105522700485,4,FEMININO,7,SUPERIOR INCOMPLETO,1,SOLTEIRO(A),1,BRANCA,999,OUTROS,4,NÃO ELEITO
05/10/2026,10:14:11,2026,2,ELEIÇÃO ORDINÁRIA,1,6259,Eleições Gerais Estaduais 2026,04/10/2026,ESTADUAL,RS,RS,RIO GRANDE DO SUL,6,DEPUTADO FEDERAL,210002535921,4044,OXAM MARIANO DA COSTA CAPELARI,OXAM DA COSTA,#NULO,5061354036,NÃO DIVULGÁVEL,-3,#NE,PARTIDO ISOLADO,40,PSB,PARTIDO SOCIALISTA BRASILEIRO,-1,#NULO,#NULO,#NULO,210001800217,PARTIDO ISOLADO,PSB,RS,02/11/2003,124138560400,2,MASCULINO,7,SUPERIOR INCOMPLETO,1,SOLTEIRO(A),2,PRETA,999,OUTROS,4,NÃO ELEITO
05/10/2026,10:14:11,2026,2,ELEIÇÃO ORDINÁRIA,1,6259,Eleições Gerais Estaduais 2026,04/10/2026,ESTADUAL,RS,RS,RIO GRANDE DO SUL,6,DEPUTADO FEDERAL,210002535922,4023,EDSON DE ALMEIDA BORBA,PROFESSOR BORBA,#NULO,37011375015,NÃO DIVULGÁVEL,-3,#NE,PARTIDO ISOLADO,40,PSB,PARTIDO SOCIALISTA BRASILEIRO,-1,#NULO,#NULO,#NULO,210001800217,PARTIDO ISOLADO,PSB,RS,19/05/1961,10554730442,2,MASCULINO,8,SUPERIOR COMPLETO,9,DIVORCIADO(A),1,BRANCA,999,OUTROS,4,NÃO ELEITO
05/10/2026,10:14:11,2026,2,ELEIÇÃO ORDINÁRIA,1,6259,Eleições Gerais Estaduais 2026,04/10/2026,ESTADUAL,RS,RS,RIO GRANDE DO SUL,6,DEPUTADO FEDERAL,210002535923,4080,RUBILAR BORGES TAVARES JUNIOR,JUQUINHA,#NULO,1176611046,NÃO DIVULGÁVEL,-3,#NE,PARTIDO ISOLADO,40,PSB,PARTIDO SOCIALISTA BRASILEIRO,-1,#NULO,#NULO,#NULO,210001800217,PARTIDO ISOLADO,PSB,RS,06/05/1987,90608710426,2,MASCULINO,7,SUPERIOR INCOMPLETO,3,CASADO(A),1,BRANCA,411,VENDEDOR DE COMÉRCIO VAREJISTA E ATACADISTA,4,NÃO ELEITO
05/10/2026,10:14:11,2026,2,ELEIÇÃO ORDINÁRIA,1,6259,Eleições Gerais Estaduais 2026,04/10/2026,ESTADUAL,RS,RS,RIO GRANDE DO SUL,6,DEPUTADO FEDERAL,210002535924,4022,DIOGO SCHMITZ,DIOGO DAS MÁQUINAS,#NULO,119904063,NÃO DIVULGÁVEL,-3,#NE,PARTIDO ISOLADO,40,PSB,PARTIDO SOCIALISTA BRASILEIRO,-1,#NULO,#NULO,#NULO,210001800217,PARTIDO ISOLADO,PSB,RS,06/11/1983,80290770493,2,MASCULINO,7,SUPERIOR INCOMPLETO,3,CASADO(A),1,BRANCA,999,OUTROS,4,NÃO ELEITO
05/10/2026,10:14:11,2026,2,ELEIÇÃO ORDINÁRIA,1,6259,Eleições Gerais Estaduais 2026,04/10/2026,ESTADUAL,RS,RS,RIO GRANDE DO SUL,6,DEPUTADO FEDERAL,210002535925,4002,CRISTINA FERNANDES OLIVEIRA,CRISTINA OLIVEIRA,#NULO,95984275015,NÃO DIVULGÁVEL,-3,#NE,PARTIDO ISOLADO,40,PSB,PARTIDO SOCIALISTA BRASILEIRO,-1,#NULO,#NULO,#NULO,210001800217,PARTIDO ISOLADO,PSB,RS,22/07/1979,70152210477,4,FEMININO,8,SUPERIOR COMPLETO,9,DIVORCIADO(A),1,BRANCA,999,OUTROS,4,NÃO ELEITO
05/10/2026,10:14:11,2026,2,ELEIÇÃO ORDINÁRIA,1,6259,Eleições Gerais Estaduais 2026,04/10/2026,ESTADUAL,RS,RS,RIO GRANDE DO SUL,6,DEPUTADO FEDERAL,210002535926,4030,VANDERSON CARDONA LEITES,VANDO,#NULO,96048220049,NÃO DIVULGÁVEL,-3,#NE,PARTIDO ISOLADO,40,PSB,PARTIDO SOCIALISTA BRASILEIRO,-1,#NULO,#NULO,#NULO,210001800217,PARTIDO ISOLADO,PSB,RS,13/10/1969,51542450450,2,MASCULINO,4,ENSINO FUNDAMENTAL COMPLETO,1,SOLTEIRO(A),3,PARDA,537,MOTORISTA PARTICULAR,4,NÃO ELEITO
05/10/2026,10:14:11,2026,2,ELEIÇÃO ORDINÁRIA,1,6259,Eleições Gerais Estaduais 2026,04/10/2026,ESTADUAL,RS,RS,RIO GRANDE DO SUL,6,DEPUTADO FEDERAL,210002535927,4012,IVAN BRAZ DA CONCEICAO,IVAN BRAZ,#NULO,47388080015,NÃO DIVULGÁVEL,-3,#NE,PARTIDO ISOLADO,40,PSB,PARTIDO SOCIALISTA BRASILEIRO,-1,#NULO,#NULO,#NULO,210001800217,PARTIDO ISOLADO,PSB,RS,03/11/1966,33140130485,2,MASCULINO,8,SUPERIOR COMPLETO,3,CASADO(A),2,PRETA,125,ADMINISTRADOR,4,NÃO ELEITO
05/10/2026,10:14:11,2026,2,ELEIÇÃO ORDINÁRIA,1,6259,Eleições Gerais Estaduais 2026,04/10/2026,ESTADUAL,RS,RS,RIO GRANDE DO SUL,6,DEPUTADO FEDERAL,210002535928,4041,PAULO AFONSO BREGOLIN DE AZEVEDO,PAULO BREGOLIN,#NULO,32068816091,NÃO DIVULGÁVEL,-3,#NE,PARTIDO ISOLADO,40,PSB,PARTIDO SOCIALISTA BRASILEIRO,-1,#NULO,#NULO,#NULO,210001800217,PARTIDO ISOLADO,PSB,RS,12/09/1961,42245810485,2,MASCULINO,8,SUPERIOR COMPLETO,3,CASADO(A),1,BRANCA,115,ODONTÓLOGO,-1,#NULO
05/10/2026,10:14:11,2026,2,ELEIÇÃO ORDINÁRIA,1,6259,Eleições Gerais Estaduais 2026,04/10/2026,ESTADUAL,RS,RS,RIO GRANDE DO SUL,6,DEPUTADO FEDERAL,210002535929,4007,GILBERTO BELTRAME,GILBERTO BELTRAME,#NULO,55124038004,NÃO DIVULGÁVEL,-3,#NE,PARTIDO ISOLADO,40,PSB,PARTIDO SOCIALISTA BRASILEIRO,-1,#NULO,#NULO,#NULO,210001800217,PARTIDO ISOLADO,PSB,RS,13/08/1974,63018280442,2,MASCULINO,8,SUPERIOR COMPLETO,1,SOLTEIRO(A),1,BRANCA,131,ADVOGADO,4,NÃO ELEITO
05/10/2026,10:14:11,2026,2,ELEIÇÃO ORDINÁRIA,1,6259,Eleições Gerais Estaduais 2026,04/10/2026,ESTADUAL,RS,RS,RIO GRANDE DO SUL,6,DEPUTADO FEDERAL,210002536917,1010,ANTONIO CARLOS GOMES DA SILVA,CARLOS GOMES,#NULO,2142743730,NÃO DIVULGÁVEL,-3,#NE,PARTIDO ISOLADO,10,REPUBLICANOS,REPUBLICANOS,-1,#NULO,#NULO,#NULO,210001800333,PARTIDO ISOLADO,REPUBLICANOS,BA,13/06/1972,83122760310,2,MASCULINO,8,SUPERIOR COMPLETO,3,CASADO(A),3,PARDA,277,DEPUTADO,3,ELEITO POR MÉDIA
05/10/2026,10:14:11,2026,2,ELEIÇÃO ORDINÁRIA,1,6259,Eleições Gerais Estaduais 2026,04/10/2026,ESTADUAL,RS,RS,RIO GRANDE DO SUL,6,DEPUTADO FEDERAL,210002536918,1011,DIVALDO VIEIRA LARA,DIVALDO LARA,#NULO,81638469091,NÃO DIVULGÁVEL,-3,#NE,PARTIDO ISOLADO,10,REPUBLICANOS,REPUBLICANOS,-1,#NULO,#NULO,#NULO,210001800333,PARTIDO ISOLADO,REPUBLICANOS,RS,14/07/1979,74483570493,2,MASCULINO,8,SUPERIOR COMPLETO,3,CASADO(A),1,BRANCA,999,OUTROS,4,NÃO ELEITO
05/10/2026,10:14:11,2026,2,ELEIÇÃO ORDINÁRIA,1,6259,Eleições Gerais Estaduais 2026,04/10/2026,ESTADUAL,RS,RS,RIO GRANDE DO SUL,6,DEPUTADO FEDERAL,210002536919,1015,FELIPE ALVES FALLER,FELIPE FALLER,#NULO,1778899005,NÃO DIVULGÁVEL,-3,#NE,PARTIDO ISOLADO,10,REPUBLICANOS,REPUBLICANOS,-1,#NULO,#NULO,#NULO,210001800333,PARTIDO ISOLADO,REPUBLICANOS,RS,06/09/1994,109729640418,2,MASCULINO,8,SUPERIOR COMPLETO,3,CASADO(A),1,BRANCA,124,CONTADOR,5,SUPLENTE
05/10/2026,10:14:11,2026,2,ELEIÇÃO ORDINÁRIA,1,6259,Eleições Gerais Estaduais 2026,04/10/2026,ESTADUAL,RS,RS,RIO GRANDE DO SUL,6,DEPUTADO FEDERAL,210002536920,1074,JURANDIR MARQUES MACIEL,JURANDIR MACIEL,#NULO,13796739091,NÃO DIVULGÁVEL,-3,#NE,PARTIDO ISOLADO,10,REPUBLICANOS,REPUBLICANOS,-1,#NULO,#NULO,#NULO,210001800333,PARTIDO ISOLADO,REPUBLICANOS,RS,24/05/1955,7835400400,2,MASCULINO,7,SUPERIOR INCOMPLETO,3,CASADO(A),1,BRANCA,999,OUTROS,5,SUPLENTE
05/10/2026,10:14:11,2026,2,ELEIÇÃO ORDINÁRIA,1,6259,Eleições Gerais Estaduais 2026,04/10/2026,ESTADUAL,RS,RS,RIO GRANDE DO SUL,6,DEPUTADO FEDERAL,210002536921,1014,RONALDO NOGUEIRA DE OLIVEIRA,RONALDO NOGUEIRA,#NULO,43529402087,NÃO DIVULGÁVEL,-3,#NE,PARTIDO ISOLADO,10,REPUBLICANOS,REPUBLICANOS,-1,#NULO,#NULO,#NULO,210001800333,PARTIDO ISOLADO,REPUBLICANOS,RS,25/04/1966,49526250418,2,MASCULINO,8,SUPERIOR COMPLETO,3,CASADO(A),1,BRANCA,125,ADMINISTRADOR,5,SUPLENTE
05/10/2026,10:14:11,2026,2,ELEIÇÃO ORDINÁRIA,1,6259,Eleições Gerais Estaduais 2026,04/10/2026,ESTADUAL,RS,RS,RIO GRANDE DO SUL,6,DEPUTADO FEDERAL,210002536922,1008,GLENIO GUIMARÃES,GLENIO GUIMARÃES,#NULO,91731569068,NÃO DIVULGÁVEL,-3,#NE,PARTIDO ISOLADO,10,REPUBLICANOS,REPUBLICANOS,-1,#NULO,#NULO,#NULO,210001800333,PARTIDO ISOLADO,REPUBLICANOS,RS,27/06/1978,68562930442,2,MASCULINO,7,SUPERIOR INCOMPLETO,3,CASADO(A),1,BRANCA,601,AGRICULTOR,5,SUPLENTE
05/10/2026,10:14:11,2026,2,ELEIÇÃO ORDINÁRIA,1,6259,Eleições Gerais Estaduais 2026,04/10/2026,ESTADUAL,RS,RS,RIO GRANDE DO SUL,6,DEPUTADO FEDERAL,210002536923,1044,MARA ELAINE DRESCH KASPARY,MARA KASPARY,#NULO,56714327072,NÃO DIVULGÁVEL,-3,#NE,PARTIDO ISOLADO,10,REPUBLICANOS,REPUBLICANOS,-1,#NULO,#NULO,#NULO,210001800333,PARTIDO ISOLADO,REPUBLICANOS,RS,08/09/1969,58419240418,4,FEMININO,8,SUPERIOR COMPLETO,3,CASADO(A),1,BRANCA,131,ADVOGADO,5,SUPLENTE
05/10/2026,10:14:11,2026,2,ELEIÇÃO ORDINÁRIA,1,6259,Eleições Gerais Estaduais 2026,04/10/2026,ESTADUAL,RS,RS,RIO GRANDE DO SUL,6,DEPUTADO FEDERAL,210002536924,1033,ROBERTO FORCHESATTO,ROBERTO FORCHESATTO (EICE),#NULO,96989289015,NÃO DIVULGÁVEL,-3,#NE,PARTIDO ISOLADO,10,REPUBLICANOS,REPUBLICANOS,-1,#NULO,#NULO,#NULO,210001800333,PARTIDO ISOLADO,REPUBLICANOS,RS,02/02/1982,73242580469,2,MASCULINO,7,SUPERIOR INCOMPLETO,9,DIVORCIADO(A),1,BRANCA,291,OCUPANTE DE CARGO EM COMISSÃO,5,SUPLENTE
05/10/2026,10:14:11,2026,2,ELEIÇÃO ORDINÁRIA,1,6259,Eleições Gerais Estaduais 2026,04/10/2026,ESTADUAL,RS,RS,RIO GRANDE DO SUL,6,DEPUTADO FEDERAL,210002536925,1027,ISABEL CRISTINA SOUZA FONSECA DE QUADROS,PRÔ ISABEL,#NULO,72922567087,NÃO DIVULGÁVEL,-3,#NE,PARTIDO ISOLADO,10,REPUBLICANOS,REPUBLICANOS,-1,#NULO,#NULO,#NULO,210001800333,PARTIDO ISOLADO,REPUBLICANOS,RS,24/01/1976,67893310477,4,FEMININO,8,SUPERIOR COMPLETO,3,CASADO(A),1,BRANCA,265,PROFESSOR DE ENSINO FUNDAMENTAL,5,SUPLENTE
05/10/2026,10:14:11,2026,2,ELEIÇÃO ORDINÁRIA,1,6259,Eleições Gerais Estaduais 2026,04/10/2026,ESTADUAL,RS,RS,RIO GRANDE DO SUL,6,DEPUTADO FEDERAL,210002536926,1093,UBIRAJARA PEREIRA RAMOS,BOMBEIRO BIRA,#NULO,80489451004,NÃO DIVULGÁVEL,-3,#NE,PARTIDO ISOLADO,10,REPUBLICANOS,REPUBLICANOS,-1,#NULO,#NULO,#NULO,210001800333,PARTIDO ISOLADO,REPUBLICANOS,RS,26/04/1981,79246190426,2,MASCULINO,8,SUPERIOR COMPLETO,9,DIVORCIADO(A),1,BRANCA,258,BOMBEIRO MILITAR,5,SUPLENTE
05/10/2026,10:14:11,2026,2,ELEIÇÃO ORDINÁRIA,1,6259,Eleições Gerais Estaduais 2026,04/10/2026,ESTADUAL,RS,RS,RIO GRANDE DO SUL,6,DEPUTADO FEDERAL,210002536927,1068,CEZAR PAULO MOSSINI,MOSSINI,#NULO,55965350015,NÃO DIVULGÁVEL,-3,#NE,PARTIDO ISOLADO,10,REPUBLICANOS,REPUBLICANOS,-1,#NULO,#NULO,#NULO,210001800333,PARTIDO ISOLADO,REPUBLICANOS,RS,27/02/1968,2412350477,2,MASCULINO,8,SUPERIOR COMPLETO,1,SOLTEIRO(A),1,BRANCA,131,ADVOGADO,5,SUPLENTE
05/10/2026,10:14:11,2026,2,ELEIÇÃO ORDINÁRIA,1,6259,Eleições Gerais Estaduais 2026,04/10/2026,ESTADUAL,RS,RS,RIO GRANDE DO SUL,6,DEPUTADO FEDERAL,210002536928,1050,MARIA DE LOURDES BAUERMANN,MARIA DE LOURDES,#NULO,23648317091,NÃO DIVULGÁVEL,-3,#NE,PARTIDO ISOLADO,10,REPUBLICANOS,REPUBLICANOS,-1,#NULO,#NULO,#NULO,210001800333,PARTIDO ISOLADO,REPUBLICANOS,RS,12/11/1944,21401540434,4,FEMININO,8,SUPERIOR COMPLETO,5,VIÚVO(A),1,BRANCA,297,SERVIDOR PÚBLICO ESTADUAL,5,SUPLENTE
05/10/2026,10:14:11,2026,2,ELEIÇÃO ORDINÁRIA,1,6259,Eleições Gerais Estaduais 2026,04/10/2026,ESTADUAL,RS,RS,RIO GRANDE DO SUL,6,DEPUTADO FEDERAL,210002536929,1025,ROBISON REOLON,INSPETOR ROBISON,#NULO,1325081094,NÃO DIVULGÁVEL,-3,#NE,PARTIDO ISOLADO,10,REPUBLICANOS,REPUBLICANOS,-1,#NULO,#NULO,#NULO,210001800333,PARTIDO ISOLADO,REPUBLICANOS,RS,08/03/1987,90702980400,2,MASCULINO,8,SUPERIOR COMPLETO,3,CASADO(A),1,BRANCA,232,POLICIAL CIVIL,5,SUPLENTE
05/10/2026,10:14:11,2026,2,ELEIÇÃO ORDINÁRIA,1,6259,Eleições Gerais Estaduais 2026,04/10/2026,ESTADUAL,RS,RS,RIO GRANDE DO SUL,6,DEPUTADO FEDERAL,210002536930,1077,FABRICIA DE SOUZA,FABRÍCIA SOUZA,#NULO,93271085072,NÃO DIVULGÁVEL,-3,#NE,PARTIDO ISOLADO,10,REPUBLICANOS,REPUBLICANOS,-1,#NULO,#NULO,#NULO,210001800333,PARTIDO ISOLADO,REPUBLICANOS,RS,04/03/1978,70336760485,4,FEMININO,7,SUPERIOR INCOMPLETO,3,CASADO(A),2,PRETA,278,VEREADOR,5,SUPLENTE
05/10/2026,10:14:11,2026,2,ELEIÇÃO ORDINÁRIA,1,6259,Eleições Gerais Estaduais 2026,04/10/2026,ESTADUAL,RS,RS,RIO GRANDE DO SUL,6,DEPUTADO FEDERAL,210002536931,1040,JACKSON CARVALHO DA SILVEIRA,JACKSON CARVALHO,#NULO,516049062,NÃO DIVULGÁVEL,-3,#NE,PARTIDO ISOLADO,10,REPUBLICANOS,REPUBLICANOS,-1,#NULO,#NULO,#NULO,210001800333,PARTIDO ISOLADO,REPUBLICANOS,RS,19/11/1983,84044110400,2,MASCULINO,8,SUPERIOR COMPLETO,3,CASADO(A),3,PARDA,999,OUTROS,5,SUPLENTE
05/10/2026,10:14:11,2026,2,ELEIÇÃO ORDINÁRIA,1,6259,Eleições Gerais Estaduais 2026,04/10/2026,ESTADUAL,RS,RS,RIO GRANDE DO SUL,6,DEPUTADO FEDERAL,210002536932,1065,MARCELO GOMES FROTA,CORONEL FROTA,#NULO,38708051020,NÃO DIVULGÁVEL,-3,#NE,PARTIDO ISOLADO,10,REPUBLICANOS,REPUBLICANOS,-1,#NULO,#NULO,#NULO,210001800333,PARTIDO ISOLADO,REPUBLICANOS,RS,25/01/1964,4660580477,2,MASCULINO,8,SUPERIOR COMPLETO,3,CASADO(A),1,BRANCA,233,POLICIAL MILITAR,5,SUPLENTE
05/10/2026,10:14:11,2026,2,ELEIÇÃO ORDINÁRIA,1,6259,Eleições Gerais Estaduais 2026,04/10/2026,ESTADUAL,RS,RS,RIO GRANDE DO SUL,6,DEPUTADO FEDERAL,210002536933,1022,GUSTAVO ADOLFO VICTORINO GREHS,GUSTAVO VICTORINO,#NULO,22124063049,NÃO DIVULGÁVEL,-3,#NE,PARTIDO ISOLADO,10,REPUBLICANOS,REPUBLICANOS,-1,#NULO,#NULO,#NULO,210001800333,PARTIDO ISOLADO,REPUBLICANOS,RS,18/01/1956,18109300361,2,MASCULINO,8,SUPERIOR COMPLETO,1,SOLTEIRO(A),1,BRANCA,171,JORNALISTA E REDATOR,2,ELEITO POR QP
05/10/2026,10:14:11,2026,2,ELEIÇÃO ORDINÁRIA,1,6259,Eleições Gerais Estaduais 2026,04/10/2026,ESTADUAL,RS,RS,RIO GRANDE DO SUL,6,DEPUTADO FEDERAL,210002536934,1078,CRISTIANE MARIA COUTO FLÔRES,CRIS COUTO,#NULO,1806717077,NÃO DIVULGÁVEL,-3,#NE,PARTIDO ISOLADO,10,REPUBLICANOS,REPUBLICANOS,-1,#NULO,#NULO,#NULO,210001800333,PARTIDO ISOLADO,REPUBLICANOS,RS,27/10/1987,94281530400,4,FEMININO,6,ENSINO MÉDIO COMPLETO,1,SOLTEIRO(A),1,BRANCA,999,OUTROS,5,SUPLENTE
05/10/2026,10:14:11,2026,2,ELEIÇÃO ORDINÁRIA,1,6259,Eleições Gerais Estaduais 2026,04/10/2026,ESTADUAL,RS,RS,RIO GRANDE DO SUL,6,DEPUTADO FEDERAL,210002536935,1005,DEINER SALOME GOULART,DR.DEINER SALOMÉ GOULART O PAI,#NULO,57938083020,NÃO DIVULGÁVEL,-3,#NE,PARTIDO ISOLADO,10,REPUBLICANOS,REPUBLICANOS,-1,#NULO,#NULO,#NULO,210001800333,PARTIDO ISOLADO,REPUBLICANOS,RS,08/11/1971,60758470434,2,MASCULINO,8,SUPERIOR COMPLETO,9,DIVORCIADO(A),1,BRANCA,131,ADVOGADO,5,SUPLENTE
05/10/2026,10:14:11,2026,2,ELEIÇÃO ORDINÁRIA,1,6259,Eleições Gerais Estaduais 2026,04/10/2026,ESTADUAL,RS,RS,RIO GRANDE DO SUL,6,DEPUTADO FEDERAL,210002536936,1004,PRISCILA DANIEL MESQUITA RIVÉ,PRÔ PRISCILA,#NULO,1263230032,NÃO DIVULGÁVEL,-3,#NE,PARTIDO ISOLADO,10,REPUBLICANOS,REPUBLICANOS,-1,#NULO,#NULO,#NULO,210001800333,PARTIDO ISOLADO,REPUBLICANOS,RS,02/10/1985,87007090469,4,FEMININO,7,SUPERIOR INCOMPLETO,3,CASADO(A),1,BRANCA,999,OUTROS,5,SUPLENTE
05/10/2026,10:14:11,2026,2,ELEIÇÃO ORDINÁRIA,1,6259,Eleições Gerais Estaduais 2026,04/10/2026,ESTADUAL,RS,RS,RIO GRANDE DO SUL,6,DEPUTADO FEDERAL,210002536937,1023,TATIANE DE SOUZA ROCHA,THATY ENERGIA,#NULO,389051080,NÃO DIVULGÁVEL,-3,#NE,PARTIDO ISOLADO,10,REPUBLICANOS,REPUBLICANOS,-1,#NULO,#NULO,#NULO,210001800333,PARTIDO ISOLADO,REPUBLICANOS,RS,24/12/1985,92831110477,4,FEMININO,6,ENSINO MÉDIO COMPLETO,1,SOLTEIRO(A),2,PRETA,999,OUTROS,5,SUPLENTE
05/10/2026,10:14:11,2026,2,ELEIÇÃO ORDINÁRIA,1,6259,Eleições Gerais Estaduais 2026,04/10/2026,ESTADUAL,RS,RS,RIO GRANDE DO SUL,6,DEPUTADO FEDERAL,210002536938,1089,NILTON MENDES MACHADO,NILTON MACHADO,#NULO,53540140000,NÃO DIVULGÁVEL,-3,#NE,PARTIDO ISOLADO,10,REPUBLICANOS,REPUBLICANOS,-1,#NULO,#NULO,#NULO,210001800333,PARTIDO ISOLADO,REPUBLICANOS,RS,22/09/1967,10175040400,2,MASCULINO,6,ENSINO MÉDIO COMPLETO,3,CASADO(A),1,BRANCA,604,PESCADOR,5,SUPLENTE
05/10/2026,10:14:11,2026,2,ELEIÇÃO ORDINÁRIA,1,6259,Eleições Gerais Estaduais 2026,04/10/2026,ESTADUAL,RS,RS,RIO GRANDE DO SUL,6,DEPUTADO FEDERAL,210002536939,1012,FRANCIANE ABADE BAYER MULLER,FRAN BAYER,#NULO,1320484000,NÃO DIVULGÁVEL,-3,#NE,PARTIDO ISOLADO,10,REPUBLICANOS,REPUBLICANOS,-1,#NULO,#NULO,#NULO,210001800333,PARTIDO ISOLADO,REPUBLICANOS,RS,09/10/1987,97270100450,4,FEMININO,8,SUPERIOR COMPLETO,3,CASADO(A),1,BRANCA,277,DEPUTADO,5,SUPLENTE
05/10/2026,10:14:11,2026,2,ELEIÇÃO ORDINÁRIA,1,6259,Eleições Gerais Estaduais 2026,04/10/2026,ESTADUAL,RS,RS,RIO GRANDE DO SUL,6,DEPUTADO FEDERAL,210002536940,1020,FAISAL MOTHCI KARAM,FAISAL KARAM,#NULO,30936489049,NÃO DIVULGÁVEL,-3,#NE,PARTIDO ISOLADO,10,REPUBLICANOS,REPUBLICANOS,-1,#NULO,#NULO,#NULO,210001800333,PARTIDO ISOLADO,REPUBLICANOS,RS,05/05/1960,2006960400,2,MASCULINO,8,SUPERIOR COMPLETO,9,DIVORCIADO(A),1,BRANCA,999,OUTROS,5,SUPLENTE
05/10/2026,10:14:11,2026,2,ELEIÇÃO ORDINÁRIA,1,6259,Eleições Gerais Estaduais 2026,04/10/2026,ESTADUAL,RS,RS,RIO GRANDE DO SUL,6,DEPUTADO FEDERAL,210002536941,1003,JOSE TELMO PEREIRA MARQUES,ZÉ - TELMO CORRETOR DE IMÓVEIS,#NULO,51644720078,NÃO DIVULGÁVEL,-3,#NE,PARTIDO ISOLADO,10,REPUBLICANOS,REPUBLICANOS,-1,#NULO,#NULO,#NULO,210001800333,PARTIDO ISOLADO,REPUBLICANOS,RS,23/07/1968,50083020434,2,MASCULINO,6,ENSINO MÉDIO COMPLETO,9,DIVORCIADO(A),1,BRANCA,999,OUTROS,5,SUPLENTE
05/10/2026,10:14:11,2026,2,ELEIÇÃO ORDINÁRIA,1,6259,Eleições Gerais Estaduais 2026,04/10/2026,ESTADUAL,RS,RS,RIO GRANDE DO SUL,6,DEPUTADO FEDERAL,210002536942,1000,SIMONE MARIA DUTRA,SIMONE DUTRA,#NULO,93349955053,NÃO DIVULGÁVEL,-3,#NE,PARTIDO ISOLADO,10,REPUBLICANOS,REPUBLICANOS,-1,#NULO,#NULO,#NULO,210001800333,PARTIDO ISOLADO,REPUBLICANOS,RS,24/02/1979,79073950469,4,FEMININO,8,SUPERIOR COMPLETO,3,CASADO(A),3,PARDA,257,EMPRESÁRIO,5,SUPLENTE
05/10/2026,10:14:11,2026,2,ELEIÇÃO ORDINÁRIA,1,6259,Eleições Gerais Estaduais 2026,04/10/2026,ESTADUAL,RS,RS,RIO GRANDE DO SUL,6,DEPUTADO FEDERAL,210002536943,1030,NERISSON LUIZ DOS SANTOS OLIVEIRA,NERISSON OLIVEIRA,#NULO,56307616091,NÃO DIVULGÁVEL,-3,#NE,PARTIDO ISOLADO,10,REPUBLICANOS,REPUBLICANOS,-1,#NULO,#NULO,#NULO,210001800333,PARTIDO ISOLADO,REPUBLICANOS,RS,01/12/1968,53422820418,2,MASCULINO,8,SUPERIOR COMPLETO,3,CASADO(A),1,BRANCA,297,SERVIDOR PÚBLICO ESTADUAL,5,SUPLENTE
05/10/2026,10:14:11,2026,2,ELEIÇÃO ORDINÁRIA,1,6259,Eleições Gerais Estaduais 2026,04/10/2026,ESTADUAL,RS,RS,RIO GRANDE DO SUL,6,DEPUTADO FEDERAL,210002536944,1055,VIVIAN ESPINDULA DA CRUZ,TIA VIVI,#NULO,52592073,NÃO DIVULGÁVEL,-3,#NE,PARTIDO ISOLADO,10,REPUBLICANOS,REPUBLICANOS,-1,#NULO,#NULO,#NULO,210001800333,PARTIDO ISOLADO,REPUBLICANOS,RS,19/06/1981,74469530434,4,FEMININO,8,SUPERIOR COMPLETO,1,SOLTEIRO(A),1,BRANCA,257,EMPRESÁRIO,5,SUPLENTE
05/10/2026,10:14:11,2026,2,ELEIÇÃO ORDINÁRIA,1,6259,Eleições Gerais Estaduais 2026,04/10/2026,ESTADUAL,RS,RS,RIO GRANDE DO SUL,6,DEPUTADO FEDERAL,210002536945,1080,EDER ANTONIO DE AZEREDO,ÉDER AZEREDO - CANHÃO DO VALE,#NULO,76839451020,NÃO DIVULGÁVEL,-3,#NE,PARTIDO ISOLADO,10,REPUBLICANOS,REPUBLICANOS,-1,#NULO,#NULO,#NULO,210001800333,PARTIDO ISOLADO,REPUBLICANOS,RS,17/04/1978,68176080426,2,MASCULINO,8,SUPERIOR COMPLETO,3,CASADO(A),1,BRANCA,999,OUTROS,5,SUPLENTE
05/10/2026,10:14:11,2026,2,ELEIÇÃO ORDINÁRIA,1,6259,Eleições Gerais Estaduais 2026,04/10/2026,ESTADUAL,RS,RS,RIO GRANDE DO SUL,6,DEPUTADO FEDERAL,210002536946,1007,FABIO AGUIRRE NUNES POUEY,FABIO NUNES,#NULO,1769777083,NÃO DIVULGÁVEL,-3,#NE,PARTIDO ISOLADO,10,REPUBLICANOS,REPUBLICANOS,-1,#NULO,#NULO,#NULO,210001800333,PARTIDO ISOLADO,REPUBLICANOS,RS,26/01/1986,94198970477,2,MASCULINO,4,ENSINO FUNDAMENTAL COMPLETO,3,CASADO(A),1,BRANCA,999,OUTROS,5,SUPLENTE
05/10/2026,10:14:11,2026,2,ELEIÇÃO ORDINÁRIA,1,6259,Eleições Gerais Estaduais 2026,04/10/2026,ESTADUAL,RS,RS,RIO GRANDE DO SUL,6,DEPUTADO FEDERAL,210002536947,1001,JOSE VALDECI PINTO RODRIGUES,VALDECI RODRIGUES,#NULO,40047695072,NÃO DIVULGÁVEL,-3,#NE,PARTIDO ISOLADO,10,REPUBLICANOS,REPUBLICANOS,-1,#NULO,#NULO,#NULO,210001800333,PARTIDO ISOLADO,REPUBLICANOS,PR,17/03/1965,15962780442,2,MASCULINO,6,ENSINO MÉDIO COMPLETO,7,SEPARADO(A) JUDICIALMENTE,1,BRANCA,257,EMPRESÁRIO,5,SUPLENTE
05/10/2026,10:14:11,2026,2,ELEIÇÃO ORDINÁRIA,1,6259,Eleições Gerais Estaduais 2026,04/10/2026,ESTADUAL,RS,RS,RIO GRANDE DO SUL,6,DEPUTADO FEDERAL,210002536948,1070,ODIRLEI CAMPIOL,CAMPIOL,#NULO,94069506004,NÃO DIVULGÁVEL,-3,#NE,PARTIDO ISOLADO,10,REPUBLICANOS,REPUBLICANOS,-1,#NULO,#NULO,#NULO,210001800333,PARTIDO ISOLADO,REPUBLICANOS,SP,05/05/1980,74311270418,2,MASCULINO,7,SUPERIOR INCOMPLETO,3,CASADO(A),1,BRANCA,999,OUTROS,5,SUPLENTE
05/10/2026,10:14:11,2026,2,ELEIÇÃO ORDINÁRIA,1,6259,Eleições Gerais Estaduais 2026,04/10/2026,ESTADUAL,RS,RS,RIO GRANDE DO SUL,6,DEPUTADO FEDERAL,210002537041,1213,MARCELA FAGUNDES MEIRELLES,MARCELA MEIRELLES,#NULO,2628717000,NÃO DIVULGÁVEL,-3,#NE,PARTIDO ISOLADO,12,PDT,PARTIDO DEMOCRÁTICO TRABALHISTA,-1,#NULO,#NULO,#NULO,210001800348,PARTIDO ISOLADO,PDT,RS,08/08/1973,101927430469,4,FEMININO,8,SUPERIOR COMPLETO,1,SOLTEIRO(A),1,BRANCA,215,ARTISTA PLÁSTICO E ASSEMELHADOS,5,SUPLENTE
05/10/2026,10:14:11,2026,2,ELEIÇÃO ORDINÁRIA,1,6259,Eleições Gerais Estaduais 2026,04/10/2026,ESTADUAL,RS,RS,RIO GRANDE DO SUL,6,DEPUTADO FEDERAL,210002537042,1207,CLAUDIA SOUZA AURICH,CLAUDIA SOUZA,#NULO,77218604072,NÃO DIVULGÁVEL,-3,#NE,PARTIDO ISOLADO,12,PDT,PARTIDO DEMOCRÁTICO TRABALHISTA,-1,#NULO,#NULO,#NULO,210001800348,PARTIDO ISOLADO,PDT,RS,13/09/1974,61271170493,4,FEMININO,8,SUPERIOR COMPLETO,1,SOLTEIRO(A),1,BRANCA,931,"ESTUDANTE, BOLSISTA, ESTAGIÁRIO E ASSEMELHADOS",5,SUPLENTE
05/10/2026,10:14:11,2026,2,ELEIÇÃO ORDINÁRIA,1,6259,Eleições Gerais Estaduais 2026,04/10/2026,ESTADUAL,RS,RS,RIO GRANDE DO SUL,6,DEPUTADO FEDERAL,210002537043,1260,MARLEA RAMOS ALVES,PROFE MARLÉA,#NULO,34426434068,NÃO DIVULGÁVEL,-3,#NE,PARTIDO ISOLADO,12,PDT,PARTIDO DEMOCRÁTICO TRABALHISTA,-1,#NULO,#NULO,#NULO,210001800348,PARTIDO ISOLADO,PDT,RS,24/02/1960,17458300477,4,FEMININO,8,SUPERIOR COMPLETO,1,SOLTEIRO(A),1,BRANCA,923,APOSENTADO (EXCETO SERVIDOR PÚBLICO),5,SUPLENTE
05/10/2026,10:14:11,2026,2,ELEIÇÃO ORDINÁRIA,1,6259,Eleições Gerais Estaduais 2026,04/10/2026,ESTADUAL,RS,RS,RIO GRANDE DO SUL,6,DEPUTADO FEDERAL,210002537044,1290,MARA ROSANE RODRIGUES,ROSANE RODRIGUES,#NULO,46286713034,NÃO DIVULGÁVEL,-3,#NE,PARTIDO ISOLADO,12,PDT,PARTIDO DEMOCRÁTICO TRABALHISTA,-1,#NULO,#NULO,#NULO,210001800348,PARTIDO ISOLADO,PDT,RS,31/08/1964,29233020400,4,FEMININO,4,ENSINO FUNDAMENTAL COMPLETO,1,SOLTEIRO(A),2,PRETA,515,MASSAGISTA,5,SUPLENTE
05/10/2026,10:14:11,2026,2,ELEIÇÃO ORDINÁRIA,1,6259,Eleições Gerais Estaduais 2026,04/10/2026,ESTADUAL,RS,RS,RIO GRANDE DO SUL,6,DEPUTADO FEDERAL,210002537045,1202,MARCOS ANTONIO LANDO,LANDO,#NULO,46599371000,NÃO DIVULGÁVEL,-3,#NE,PARTIDO ISOLADO,12,PDT,PARTIDO DEMOCRÁTICO TRABALHISTA,-1,#NULO,#NULO,#NULO,210001800348,PARTIDO ISOLADO,PDT,RS,09/08/1966,19551170477,2,MASCULINO,8,SUPERIOR COMPLETO,3,CASADO(A),1,BRANCA,257,EMPRESÁRIO,5,SUPLENTE
05/10/2026,10:14:11,2026,2,ELEIÇÃO ORDINÁRIA,1,6259,Eleições Gerais Estaduais 2026,04/10/2026,ESTADUAL,RS,RS,RIO GRANDE DO SUL,6,DEPUTADO FEDERAL,210002537046,1221,FRANCYELLE BONACI DE MATOS,FRAN BONACI,#NULO,2916917063,NÃO DIVULGÁVEL,-3,#NE,PARTIDO ISOLADO,12,PDT,PARTIDO DEMOCRÁTICO TRABALHISTA,-1,#NULO,#NULO,#NULO,210001800348,PARTIDO ISOLADO,PDT,RS,22/11/1994,106277890485,4,FEMININO,8,SUPERIOR COMPLETO,3,CASADO(A),1,BRANCA,257,EMPRESÁRIO,5,SUPLENTE
05/10/2026,10:14:11,2026,2,ELEIÇÃO ORDINÁRIA,1,6259,Eleições Gerais Estaduais 2026,04/10/2026,ESTADUAL,RS,RS,RIO GRANDE DO SUL,6,DEPUTADO FEDERAL,210002537047,1223,PEDRO HENRIQUE RIBEIRO,PEDRO RIBEIRO,#NULO,3179107014,NÃO DIVULGÁVEL,-3,#NE,PARTIDO ISOLADO,12,PDT,PARTIDO DEMOCRÁTICO TRABALHISTA,-1,#NULO,#NULO,#NULO,210001800348,PARTIDO ISOLADO,PDT,RS,25/11/1994,113366440426,2,MASCULINO,7,SUPERIOR INCOMPLETO,1,SOLTEIRO(A),1,BRANCA,257,EMPRESÁRIO,5,SUPLENTE
05/10/2026,10:14:11,2026,2,ELEIÇÃO ORDINÁRIA,1,6259,Eleições Gerais Estaduais 2026,04/10/2026,ESTADUAL,RS,RS,RIO GRANDE DO SUL,6,DEPUTADO FEDERAL,210002537048,1233,LUIS FERNANDO ROSA,LUIS FERNANDO,#NULO,2679746040,NÃO DIVULGÁVEL,-3,#NE,PARTIDO ISOLADO,12,PDT,PARTIDO DEMOCRÁTICO TRABALHISTA,-1,#NULO,#NULO,#NULO,210001800348,PARTIDO ISOLADO,PDT,RS,20/11/1990,100262940450,2,MASCULINO,8,SUPERIOR COMPLETO,1,SOLTEIRO(A),1,BRANCA,159,CIENTISTA POLÍTICO,5,SUPLENTE
05/10/2026,10:14:11,2026,2,ELEIÇÃO ORDINÁRIA,1,6259,Eleições Gerais Estaduais 2026,04/10/2026,ESTADUAL,RS,RS,RIO GRANDE DO SUL,6,DEPUTADO FEDERAL,210002537049,1255,FELIPPE JUNIOR RIETH,FELIPPE RIETH,#NULO,1182364071,NÃO DIVULGÁVEL,-3,#NE,PARTIDO ISOLADO,12,PDT,PARTIDO DEMOCRÁTICO TRABALHISTA,-1,#NULO,#NULO,#NULO,210001800348,PARTIDO ISOLADO,PDT,RS,19/09/1986,87999500418,2,MASCULINO,8,SUPERIOR COMPLETO,3,CASADO(A),1,BRANCA,298,SERVIDOR PÚBLICO MUNICIPAL,5,SUPLENTE
05/10/2026,10:14:11,2026,2,ELEIÇÃO ORDINÁRIA,1,6259,Eleições Gerais Estaduais 2026,04/10/2026,ESTADUAL,RS,RS,RIO GRANDE DO SUL,6,DEPUTADO FEDERAL,210002537050,1277,ENIO EGON BERGMANN BACCI,ENIO BACCI,#NULO,24076163087,NÃO DIVULGÁVEL,-3,#NE,PARTIDO ISOLADO,12,PDT,PARTIDO DEMOCRÁTICO TRABALHISTA,-1,#NULO,#NULO,#NULO,210001800348,PARTIDO ISOLADO,PDT,RS,19/09/1958,9972980469,2,MASCULINO,8,SUPERIOR COMPLETO,3,CASADO(A),1,BRANCA,131,ADVOGADO,5,SUPLENTE
05/10/2026,10:14:11,2026,2,ELEIÇÃO ORDINÁRIA,1,6259,Eleições Gerais Estaduais 2026,04/10/2026,ESTADUAL,RS,RS,RIO GRANDE DO SUL,6,DEPUTADO FEDERAL,210002537051,1231,LIDIOMAR ISMAEL DA SILVA,LÍDIO SILVA,#NULO,15080080,NÃO DIVULGÁVEL,-3,#NE,PARTIDO ISOLADO,12,PDT,PARTIDO DEMOCRÁTICO TRABALHISTA,-1,#NULO,#NULO,#NULO,210001800348,PARTIDO ISOLADO,PDT,RS,02/06/1980,80813060426,2,MASCULINO,8,SUPERIOR COMPLETO,1,SOLTEIRO(A),1,BRANCA,257,EMPRESÁRIO,5,SUPLENTE
05/10/2026,10:14:11,2026,2,ELEIÇÃO ORDINÁRIA,1,6259,Eleições Gerais Estaduais 2026,04/10/2026,ESTADUAL,RS,RS,RIO GRANDE DO SUL,6,DEPUTADO FEDERAL,210002537052,1244,ANTONIO CARLOS BRIZOLA MACIEL SANTOS,CARLOS BRIZOLA,#NULO,69017239034,NÃO DIVULGÁVEL,-3,#NE,PARTIDO ISOLADO,12,PDT,PARTIDO DEMOCRÁTICO TRABALHISTA,-1,#NULO,#NULO,#NULO,210001800348,PARTIDO ISOLADO,PDT,RS,06/08/1974,61214150493,2,MASCULINO,7,SUPERIOR INCOMPLETO,3,CASADO(A),1,BRANCA,278,VEREADOR,5,SUPLENTE
05/10/2026,10:14:11,2026,2,ELEIÇÃO ORDINÁRIA,1,6259,Eleições Gerais Estaduais 2026,04/10/2026,ESTADUAL,RS,RS,RIO GRANDE DO SUL,6,DEPUTADO FEDERAL,210002537053,1215,FRANCISCO ISAIAS,FRANCISCO ISAIAS BANCADA NEGRA,#NULO,39313638053,NÃO DIVULGÁVEL,-3,#NE,PARTIDO ISOLADO,12,PDT,PARTIDO DEMOCRÁTICO TRABALHISTA,-1,#NULO,#NULO,#NULO,210001800348,PARTIDO ISOLADO,PDT,RS,04/01/1965,35572030450,2,MASCULINO,8,SUPERIOR COMPLETO,3,CASADO(A),2,PRETA,117,FARMACÊUTICO,5,SUPLENTE
05/10/2026,10:14:11,2026,2,ELEIÇÃO ORDINÁRIA,1,6259,Eleições Gerais Estaduais 2026,04/10/2026,ESTADUAL,RS,RS,RIO GRANDE DO SUL,6,DEPUTADO FEDERAL,210002537054,1240,CLAUDETE D AVILA EBERHARDT,CLAU EBERHARDT,#NULO,552588083,NÃO DIVULGÁVEL,-3,#NE,PARTIDO ISOLADO,12,PDT,PARTIDO DEMOCRÁTICO TRABALHISTA,-1,#NULO,#NULO,#NULO,210001800348,PARTIDO ISOLADO,PDT,RS,21/03/1983,75901550426,4,FEMININO,8,SUPERIOR COMPLETO,1,SOLTEIRO(A),1,BRANCA,278,VEREADOR,5,SUPLENTE
05/10/2026,10:14:11,2026,2,ELEIÇÃO ORDINÁRIA,1,6259,Eleições Gerais Estaduais 2026,04/10/2026,ESTADUAL,RS,RS,RIO GRANDE DO SUL,6,DEPUTADO FEDERAL,210002537055,1245,REGINALDO BACCI ACUNHA,REGINALDO BACCI,#NULO,32197942034,NÃO DIVULGÁVEL,-3,#NE,PARTIDO ISOLADO,12,PDT,PARTIDO DEMOCRÁTICO TRABALHISTA,-1,#NULO,#NULO,#NULO,210001800348,PARTIDO ISOLADO,PDT,RS,01/04/1961,9645562003,2,MASCULINO,8,SUPERIOR COMPLETO,3,CASADO(A),1,BRANCA,131,ADVOGADO,5,SUPLENTE
05/10/2026,10:14:11,2026,2,ELEIÇÃO ORDINÁRIA,1,6259,Eleições Gerais Estaduais 2026,04/10/2026,ESTADUAL,RS,RS,RIO GRANDE DO SUL,6,DEPUTADO FEDERAL,210002537056,1220,ANTONIO CARLOS CORTES,ANTÔNIO CARLOS CÔRTES,#NULO,9707638087,NÃO DIVULGÁVEL,-3,#NE,PARTIDO ISOLADO,12,PDT,PARTIDO DEMOCRÁTICO TRABALHISTA,-1,#NULO,#NULO,#NULO,210001800348,PARTIDO ISOLADO,PDT,RS,26/12/1948,7394880485,2,MASCULINO,8,SUPERIOR COMPLETO,3,CASADO(A),2,PRETA,131,ADVOGADO,5,SUPLENTE
05/10/2026,10:14:11,2026,2,ELEIÇÃO ORDINÁRIA,1,6259,Eleições Gerais Estaduais 2026,04/10/2026,ESTADUAL,RS,RS,RIO GRANDE DO SUL,6,DEPUTADO FEDERAL,210002537057,1200,AFONSO ANTUNES DA MOTTA,AFONSO MOTTA,#NULO,10777296004,NÃO DIVULGÁVEL,-3,#NE,PARTIDO ISOLADO,12,PDT,PARTIDO DEMOCRÁTICO TRABALHISTA,-1,#NULO,#NULO,#NULO,210001800348,PARTIDO ISOLADO,PDT,RS,08/01/1950,23363850418,2,MASCULINO,8,SUPERIOR COMPLETO,9,DIVORCIADO(A),1,BRANCA,131,ADVOGADO,5,SUPLENTE
05/10/2026,10:14:11,2026,2,ELEIÇÃO ORDINÁRIA,1,6259,Eleições Gerais Estaduais 2026,04/10/2026,ESTADUAL,RS,RS,RIO GRANDE DO SUL,6,DEPUTADO FEDERAL,210002537058,1299,RENATO SEVERINO WERLANG,NATO WERLANG,#NULO,92244785068,NÃO DIVULGÁVEL,-3,#NE,PARTIDO ISOLADO,12,PDT,PARTIDO DEMOCRÁTICO TRABALHISTA,-1,#NULO,#NULO,#NULO,210001800348,PARTIDO ISOLADO,PDT,RS,08/02/1979,70976900426,2,MASCULINO,7,SUPERIOR INCOMPLETO,9,DIVORCIADO(A),1,BRANCA,125,ADMINISTRADOR,5,SUPLENTE
05/10/2026,10:14:11,2026,2,ELEIÇÃO ORDINÁRIA,1,6259,Eleições Gerais Estaduais 2026,04/10/2026,ESTADUAL,RS,RS,RIO GRANDE DO SUL,6,DEPUTADO FEDERAL,210002537059,1288,TANIRA RODRIGUES ALVES,TANIRA ALVES,#NULO,1287927017,NÃO DIVULGÁVEL,-3,#NE,PARTIDO ISOLADO,12,PDT,PARTIDO DEMOCRÁTICO TRABALHISTA,-1,#NULO,#NULO,#NULO,210001800348,PARTIDO ISOLADO,PDT,RS,05/04/1987,94908920434,4,FEMININO,6,ENSINO MÉDIO COMPLETO,1,SOLTEIRO(A),2,PRETA,257,EMPRESÁRIO,5,SUPLENTE
05/10/2026,10:14:11,2026,2,ELEIÇÃO ORDINÁRIA,1,6259,Eleições Gerais Estaduais 2026,04/10/2026,ESTADUAL,RS,RS,RIO GRANDE DO SUL,6,DEPUTADO FEDERAL,210002537060,1234,MARCIO FERREIRA BINS ELY,MARCIO BINS ELY,#NULO,73262765015,NÃO DIVULGÁVEL,-3,#NE,PARTIDO ISOLADO,12,PDT,PARTIDO DEMOCRÁTICO TRABALHISTA,-1,#NULO,#NULO,#NULO,210001800348,PARTIDO ISOLADO,PDT,RS,10/04/1975,60266700485,2,MASCULINO,8,SUPERIOR COMPLETO,9,DIVORCIADO(A),1,BRANCA,131,ADVOGADO,5,SUPLENTE
05/10/2026,10:14:11,2026,2,ELEIÇÃO ORDINÁRIA,1,6259,Eleições Gerais Estaduais 2026,04/10/2026,ESTADUAL,RS,RS,RIO GRANDE DO SUL,6,DEPUTADO FEDERAL,210002537061,1250,ALEXANDRE DA ROSA VIEIRA,ALEXANDRE VIEIRA,#NULO,73829218087,NÃO DIVULGÁVEL,-3,#NE,PARTIDO ISOLADO,12,PDT,PARTIDO DEMOCRÁTICO TRABALHISTA,-1,#NULO,#NULO,#NULO,210001800348,PARTIDO ISOLADO,PDT,RS,10/01/1978,67602360434,2,MASCULINO,8,SUPERIOR COMPLETO,3,CASADO(A),1,BRANCA,265,PROFESSOR DE ENSINO FUNDAMENTAL,5,SUPLENTE
05/10/2026,10:14:11,2026,2,ELEIÇÃO ORDINÁRIA,1,6259,Eleições Gerais Estaduais 2026,04/10/2026,ESTADUAL,RS,RS,RIO GRANDE DO SUL,6,DEPUTADO FEDERAL,210002537062,1201,LUCIANA APARECIDA OLIVEIRA DA SILVA TAVARES,LUCIANA TAVARES,#NULO,81909195049,NÃO DIVULGÁVEL,-3,#NE,PARTIDO ISOLADO,12,PDT,PARTIDO DEMOCRÁTICO TRABALHISTA,-1,#NULO,#NULO,#NULO,210001800348,PARTIDO ISOLADO,PDT,RS,22/09/1981,83134380477,4,FEMININO,8,SUPERIOR COMPLETO,3,CASADO(A),2,PRETA,999,OUTROS,5,SUPLENTE
05/10/2026,10:14:11,2026,2,ELEIÇÃO ORDINÁRIA,1,6259,Eleições Gerais Estaduais 2026,04/10/2026,ESTADUAL,RS,RS,RIO GRANDE DO SUL,6,DEPUTADO FEDERAL,210002537063,1230,IVONEIDE FERNANDES DUARTE,IVONEIDE DUARTE,#NULO,8365350068,NÃO DIVULGÁVEL,-3,#NE,PARTIDO ISOLADO,12,PDT,PARTIDO DEMOCRÁTICO TRABALHISTA,-1,#NULO,#NULO,#NULO,210001800348,PARTIDO ISOLADO,PDT,RS,23/12/1940,24016910485,2,MASCULINO,4,ENSINO FUNDAMENTAL COMPLETO,5,VIÚVO(A),1,BRANCA,923,APOSENTADO (EXCETO SERVIDOR PÚBLICO),5,SUPLENTE
05/10/2026,10:14:11,2026,2,ELEIÇÃO ORDINÁRIA,1,6259,Eleições Gerais Estaduais 2026,04/10/2026,ESTADUAL,RS,RS,RIO GRANDE DO SUL,6,DEPUTADO FEDERAL,210002537064,1208,EDUARDO BARIN FACIN,DUDA BARIN,#NULO,95986600010,NÃO DIVULGÁVEL,-3,#NE,PARTIDO ISOLADO,12,PDT,PARTIDO DEMOCRÁTICO TRABALHISTA,-1,#NULO,#NULO,#NULO,210001800348,PARTIDO ISOLADO,PDT,RS,03/07/1979,70643630469,2,MASCULINO,8,SUPERIOR COMPLETO,1,SOLTEIRO(A),1,BRANCA,395,BANCÁRIO E ECONOMIÁRIO,5,SUPLENTE
05/10/2026,10:14:11,2026,2,ELEIÇÃO ORDINÁRIA,1,6259,Eleições Gerais Estaduais 2026,04/10/2026,ESTADUAL,RS,RS,RIO GRANDE DO SUL,6,DEPUTADO FEDERAL,210002537065,1205,JACQUES GONÇALVES BARBOSA,JACQUES BARBOSA,#NULO,61747904015,NÃO DIVULGÁVEL,-3,#NE,PARTIDO ISOLADO,12,PDT,PARTIDO DEMOCRÁTICO TRABALHISTA,-1,#NULO,#NULO,#NULO,210001800348,PARTIDO ISOLADO,PDT,RS,12/05/1970,51889380426,2,MASCULINO,8,SUPERIOR COMPLETO,3,CASADO(A),1,BRANCA,101,ENGENHEIRO,5,SUPLENTE
05/10/2026,10:14:11,2026,2,ELEIÇÃO ORDINÁRIA,1,6259,Eleições Gerais Estaduais 2026,04/10/2026,ESTADUAL,RS,RS,RIO GRANDE DO SUL,6,DEPUTADO FEDERAL,210002537066,1212,DARCI POMPEO DE MATTOS,POMPEO DE MATTOS,#NULO,28346890087,NÃO DIVULGÁVEL,-3,#NE,PARTIDO ISOLADO,12,PDT,PARTIDO DEMOCRÁTICO TRABALHISTA,-1,#NULO,#NULO,#NULO,210001800348,PARTIDO ISOLADO,PDT,RS,12/07/1958,25313150400,2,MASCULINO,8,SUPERIOR COMPLETO,3,CASADO(A),1,BRANCA,131,ADVOGADO,2,ELEITO POR QP
05/10/2026,10:14:11,2026,2,ELEIÇÃO ORDINÁRIA,1,6259,Eleições Gerais Estaduais 2026,04/10/2026,ESTADUAL,RS,RS,RIO GRANDE DO SUL,6,DEPUTADO FEDERAL,210002537067,1253,LAURO GIOVANI ALVES DO VAL,LAURO DO VAL E COLETIVO,#NULO,63069814034,NÃO DIVULGÁVEL,-3,#NE,PARTIDO ISOLADO,12,PDT,PARTIDO DEMOCRÁTICO TRABALHISTA,-1,#NULO,#NULO,#NULO,210001800348,PARTIDO ISOLADO,PDT,RS,14/10/1968,54071860400,2,MASCULINO,6,ENSINO MÉDIO COMPLETO,9,DIVORCIADO(A),1,BRANCA,298,SERVIDOR PÚBLICO MUNICIPAL,5,SUPLENTE
05/10/2026,10:14:11,2026,2,ELEIÇÃO ORDINÁRIA,1,6259,Eleições Gerais Estaduais 2026,04/10/2026,ESTADUAL,RS,RS,RIO GRANDE DO SUL,6,DEPUTADO FEDERAL,210002537068,1280,MARIA APARECIDA BRIZOLA MAYER,CIDA BRIZOLA,#NULO,40508455049,NÃO DIVULGÁVEL,-3,#NE,PARTIDO ISOLADO,12,PDT,PARTIDO DEMOCRÁTICO TRABALHISTA,-1,#NULO,#NULO,#NULO,210001800348,PARTIDO ISOLADO,PDT,RS,10/10/1960,16588910469,4,FEMININO,8,SUPERIOR COMPLETO,9,DIVORCIADO(A),1,BRANCA,111,MÉDICO,5,SUPLENTE
05/10/2026,10:14:11,2026,2,ELEIÇÃO ORDINÁRIA,1,6259,Eleições Gerais Estaduais 2026,04/10/2026,ESTADUAL,RS,RS,RIO GRANDE DO SUL,6,DEPUTADO FEDERAL,210002537069,1256,MANOELA ROSA COUTO,MANOELA,#NULO,386983070,NÃO DIVULGÁVEL,-3,#NE,PARTIDO ISOLADO,12,PDT,PARTIDO DEMOCRÁTICO TRABALHISTA,-1,#NULO,#NULO,#NULO,210001800348,PARTIDO ISOLADO,PDT,RS,17/11/1981,84903020434,4,FEMININO,8,SUPERIOR COMPLETO,1,SOLTEIRO(A),1,BRANCA,257,EMPRESÁRIO,5,SUPLENTE
05/10/2026,10:14:11,2026,2,ELEIÇÃO ORDINÁRIA,1,6259,Eleições Gerais Estaduais 2026,04/10/2026,ESTADUAL,RS,RS,RIO GRANDE DO SUL,6,DEPUTADO FEDERAL,210002537070,1269,JOSE MARIA RODRIGUES NUNES,JOSÉ NUNES,#NULO,59316500087,NÃO DIVULGÁVEL,-3,#NE,PARTIDO ISOLADO,12,PDT,PARTIDO DEMOCRÁTICO TRABALHISTA,-1,#NULO,#NULO,#NULO,210001800348,PARTIDO ISOLADO,PDT,RS,22/09/1969,52129850434,2,MASCULINO,8,SUPERIOR COMPLETO,3,CASADO(A),2,PRETA,171,JORNALISTA E REDATOR,5,SUPLENTE
05/10/2026,10:14:11,2026,2,ELEIÇÃO ORDINÁRIA,1,6259,Eleições Gerais Estaduais 2026,04/10/2026,ESTADUAL,RS,RS,RIO GRANDE DO SUL,6,DEPUTADO FEDERAL,210002537071,1222,FERNANDO LUCENA MACIEL,FERNANDINHO MACIEL - O LEÃO,#NULO,91499372000,NÃO DIVULGÁVEL,-3,#NE,PARTIDO ISOLADO,12,PDT,PARTIDO DEMOCRÁTICO TRABALHISTA,-1,#NULO,#NULO,#NULO,210001800348,PARTIDO ISOLADO,PDT,RS,24/03/1978,66933030400,2,MASCULINO,5,ENSINO MÉDIO INCOMPLETO,3,CASADO(A),1,BRANCA,166,LOCUTOR E COMENTARISTA DE RÁDIO E TELEVISÃO E RADIALISTA,5,SUPLENTE
05/10/2026,10:14:11,2026,2,ELEIÇÃO ORDINÁRIA,1,6259,Eleições Gerais Estaduais 2026,04/10/2026,ESTADUAL,RS,RS,RIO GRANDE DO SUL,6,DEPUTADO FEDERAL,210002537072,1210,CLEO INACIO HICKMANN,CLEO HICKMANN,#NULO,29318653034,NÃO DIVULGÁVEL,-3,#NE,PARTIDO ISOLADO,12,PDT,PARTIDO DEMOCRÁTICO TRABALHISTA,-1,#NULO,#NULO,#NULO,210001800348,PARTIDO ISOLADO,PDT,RS,09/02/1959,61764520434,2,MASCULINO,5,ENSINO MÉDIO INCOMPLETO,3,CASADO(A),1,BRANCA,168,ATLETA PROFISSIONAL E TÉCNICO EM DESPORTOS,5,SUPLENTE
05/10/2026,10:14:11,2026,2,ELEIÇÃO ORDINÁRIA,1,6259,Eleições Gerais Estaduais 2026,04/10/2026,ESTADUAL,RS,RS,RIO GRANDE DO SUL,6,DEPUTADO FEDERAL,210002537711,1133,MATTEUS AMARAL VARGAS,MATTEUS AMARAL,#NULO,4127329041,NÃO DIVULGÁVEL,-3,#NE,FEDERAÇÃO,11,PP,PROGRESSISTAS,104,FEDERAÇÃO UNIÃO PROGRESSISTA,44-UNIÃO/11-PP,44-UNIÃO/11-PP,210001800344,FEDERAÇÃO,FEDERAÇÃO UNIÃO PROGRESSISTA (44-UNIÃO / 11-PP),RS,20/06/1996,108196470400,2,MASCULINO,7,SUPERIOR INCOMPLETO,1,SOLTEIRO(A),1,BRANCA,257,EMPRESÁRIO,5,SUPLENTE
05/10/2026,10:14:11,2026,2,ELEIÇÃO ORDINÁRIA,1,6259,Eleições Gerais Estaduais 2026,04/10/2026,ESTADUAL,RS,RS,RIO GRANDE DO SUL,6,DEPUTADO FEDERAL,210002537712,1166,JOSE ALFONSO EBERT HAMM,AFONSO HAMM,#NULO,37040642034,NÃO DIVULGÁVEL,-3,#NE,FEDERAÇÃO,11,PP,PROGRESSISTAS,104,FEDERAÇÃO UNIÃO PROGRESSISTA,44-UNIÃO/11-PP,44-UNIÃO/11-PP,210001800344,FEDERAÇÃO,FEDERAÇÃO UNIÃO PROGRESSISTA (44-UNIÃO / 11-PP),RS,25/04/1962,11694010477,2,MASCULINO,8,SUPERIOR COMPLETO,3,CASADO(A),1,BRANCA,103,AGRÔNOMO,2,ELEITO POR QP
05/10/2026,10:14:11,2026,2,ELEIÇÃO ORDINÁRIA,1,6259,Eleições Gerais Estaduais 2026,04/10/2026,ESTADUAL,RS,RS,RIO GRANDE DO SUL,6,DEPUTADO FEDERAL,210002537713,1188,FABIANE MORAES FELIX,FABIANE,#NULO,83577386053,NÃO DIVULGÁVEL,-3,#NE,FEDERAÇÃO,11,PP,PROGRESSISTAS,104,FEDERAÇÃO UNIÃO PROGRESSISTA,44-UNIÃO/11-PP,44-UNIÃO/11-PP,210001800344,FEDERAÇÃO,FEDERAÇÃO UNIÃO PROGRESSISTA (44-UNIÃO / 11-PP),RS,27/11/1982,88600950450,4,FEMININO,6,ENSINO MÉDIO COMPLETO,1,SOLTEIRO(A),3,PARDA,999,OUTROS,5,SUPLENTE
05/10/2026,10:14:11,2026,2,ELEIÇÃO ORDINÁRIA,1,6259,Eleições Gerais Estaduais 2026,04/10/2026,ESTADUAL,RS,RS,RIO GRANDE DO SUL,6,DEPUTADO FEDERAL,210002537714,1123,ANY MACHADO ORTIZ,ANY ORTIZ,#NULO,400820080,NÃO DIVULGÁVEL,-3,#NE,FEDERAÇÃO,11,PP,PROGRESSISTAS,104,FEDERAÇÃO UNIÃO PROGRESSISTA,44-UNIÃO/11-PP,44-UNIÃO/11-PP,210001800344,FEDERAÇÃO,FEDERAÇÃO UNIÃO PROGRESSISTA (44-UNIÃO / 11-PP),RS,19/10/1983,82691190434,4,FEMININO,8,SUPERIOR COMPLETO,3,CASADO(A),1,BRANCA,277,DEPUTADO,2,ELEITO POR QP
05/10/2026,10:14:11,2026,2,ELEIÇÃO ORDINÁRIA,1,6259,Eleições Gerais Estaduais 2026,04/10/2026,ESTADUAL,RS,RS,RIO GRANDE DO SUL,6,DEPUTADO FEDERAL,210002537715,4400,ANA CLAUDIA BITENCOURT CLAUDINO,ANA CLÁUDIA,#NULO,51315300087,NÃO DIVULGÁVEL,-3,#NE,FEDERAÇÃO,44,UNIÃO,UNIÃO BRASIL,104,FEDERAÇÃO UNIÃO PROGRESSISTA,44-UNIÃO/11-PP,44-UNIÃO/11-PP,210001800344,FEDERAÇÃO,FEDERAÇÃO UNIÃO PROGRESSISTA (44-UNIÃO / 11-PP),RS,05/04/1971,57388230477,4,FEMININO,8,SUPERIOR COMPLETO,9,DIVORCIADO(A),1,BRANCA,257,EMPRESÁRIO,5,SUPLENTE
05/10/2026,10:14:11,2026,2,ELEIÇÃO ORDINÁRIA,1,6259,Eleições Gerais Estaduais 2026,04/10/2026,ESTADUAL,RS,RS,RIO GRANDE DO SUL,6,DEPUTADO FEDERAL,210002537716,1145,JONATAS DUTRA TOLEDO,JONATAS TOLEDO,#NULO,83592636049,NÃO DIVULGÁVEL,-3,#NE,FEDERAÇÃO,11,PP,PROGRESSISTAS,104,FEDERAÇÃO UNIÃO PROGRESSISTA,44-UNIÃO/11-PP,44-UNIÃO/11-PP,210001800344,FEDERAÇÃO,FEDERAÇÃO UNIÃO PROGRESSISTA (44-UNIÃO / 11-PP),RS,01/11/1987,93018210450,2,MASCULINO,8,SUPERIOR COMPLETO,3,CASADO(A),3,PARDA,124,CONTADOR,5,SUPLENTE
05/10/2026,10:14:11,2026,2,ELEIÇÃO ORDINÁRIA,1,6259,Eleições Gerais Estaduais 2026,04/10/2026,ESTADUAL,RS,RS,RIO GRANDE DO SUL,6,DEPUTADO FEDERAL,210002537717,1144,PEDRO BANDARRA WESTPHALEN,PEDRO WESTPHALEN,#NULO,20040954072,NÃO DIVULGÁVEL,-3,#NE,FEDERAÇÃO,11,PP,PROGRESSISTAS,104,FEDERAÇÃO UNIÃO PROGRESSISTA,44-UNIÃO/11-PP,44-UNIÃO/11-PP,210001800344,FEDERAÇÃO,FEDERAÇÃO UNIÃO PROGRESSISTA (44-UNIÃO / 11-PP),RS,19/12/1950,39103070426,2,MASCULINO,8,SUPERIOR COMPLETO,3,CASADO(A),1,BRANCA,277,DEPUTADO,2,ELEITO POR QP
05/10/2026,10:14:11,2026,2,ELEIÇÃO ORDINÁRIA,1,6259,Eleições Gerais Estaduais 2026,04/10/2026,ESTADUAL,RS,RS,RIO GRANDE DO SUL,6,DEPUTADO FEDERAL,210002537718,1111,LUIS ANTONIO FRANCISCATTO COVATTI,COVATTI FILHO,#NULO,1171688075,NÃO DIVULGÁVEL,-3,#NE,FEDERAÇÃO,11,PP,PROGRESSISTAS,104,FEDERAÇÃO UNIÃO PROGRESSISTA,44-UNIÃO/11-PP,44-UNIÃO/11-PP,210001800344,FEDERAÇÃO,FEDERAÇÃO UNIÃO PROGRESSISTA (44-UNIÃO / 11-PP),RS,25/07/1987,97609370442,2,MASCULINO,8,SUPERIOR COMPLETO,3,CASADO(A),1,BRANCA,277,DEPUTADO,3,ELEITO POR MÉDIA
05/10/2026,10:14:11,2026,2,ELEIÇÃO ORDINÁRIA,1,6259,Eleições Gerais Estaduais 2026,04/10/2026,ESTADUAL,RS,RS,RIO GRANDE DO SUL,6,DEPUTADO FEDERAL,210002537719,1177,GLADIS FRANCESCHETTO FRIZZO,GLADIS FRIZZO,#NULO,34420509015,NÃO DIVULGÁVEL,-3,#NE,FEDERAÇÃO,11,PP,PROGRESSISTAS,104,FEDERAÇÃO UNIÃO PROGRESSISTA,44-UNIÃO/11-PP,44-UNIÃO/11-PP,210001800344,FEDERAÇÃO,FEDERAÇÃO UNIÃO PROGRESSISTA (44-UNIÃO / 11-PP),RS,17/01/1962,32990690434,4,FEMININO,8,SUPERIOR COMPLETO,5,VIÚVO(A),1,BRANCA,923,APOSENTADO (EXCETO SERVIDOR PÚBLICO),5,SUPLENTE
05/10/2026,10:14:11,2026,2,ELEIÇÃO ORDINÁRIA,1,6259,Eleições Gerais Estaduais 2026,04/10/2026,ESTADUAL,RS,RS,RIO GRANDE DO SUL,6,DEPUTADO FEDERAL,210002537720,1155,PATRICIA TAINE BECK,PATRICIA BECK,#NULO,99731002049,NÃO DIVULGÁVEL,-3,#NE,FEDERAÇÃO,11,PP,PROGRESSISTAS,104,FEDERAÇÃO UNIÃO PROGRESSISTA,44-UNIÃO/11-PP,44-UNIÃO/11-PP,210001800344,FEDERAÇÃO,FEDERAÇÃO UNIÃO PROGRESSISTA (44-UNIÃO / 11-PP),RS,21/07/1979,65165510493,4,FEMININO,7,SUPERIOR INCOMPLETO,3,CASADO(A),1,BRANCA,403,"CORRETOR DE IMÓVEIS, SEGUROS, TÍTULOS E VALORES",5,SUPLENTE
05/10/2026,10:14:11,2026,2,ELEIÇÃO ORDINÁRIA,1,6259,Eleições Gerais Estaduais 2026,04/10/2026,ESTADUAL,RS,RS,RIO GRANDE DO SUL,6,DEPUTADO FEDERAL,210002537721,1100,MARIANA DOERNTE LESCANO MORO,MARIANA LESCANO,#NULO,1263033040,NÃO DIVULGÁVEL,-3,#NE,FEDERAÇÃO,11,PP,PROGRESSISTAS,104,FEDERAÇÃO UNIÃO PROGRESSISTA,44-UNIÃO/11-PP,44-UNIÃO/11-PP,210001800344,FEDERAÇÃO,FEDERAÇÃO UNIÃO PROGRESSISTA (44-UNIÃO / 11-PP),RS,04/07/1987,96949840485,4,FEMININO,8,SUPERIOR COMPLETO,3,CASADO(A),1,BRANCA,278,VEREADOR,5,SUPLENTE
05/10/2026,10:14:11,2026,2,ELEIÇÃO ORDINÁRIA,1,6259,Eleições Gerais Estaduais 2026,04/10/2026,ESTADUAL,RS,RS,RIO GRANDE DO SUL,6,DEPUTADO FEDERAL,210002537722,1122,ONYX DORNELLES LORENZONI,ONYX LORENZONI,#NULO,21025932072,NÃO DIVULGÁVEL,-3,#NE,FEDERAÇÃO,11,PP,PROGRESSISTAS,104,FEDERAÇÃO UNIÃO PROGRESSISTA,44-UNIÃO/11-PP,44-UNIÃO/11-PP,210001800344,FEDERAÇÃO,FEDERAÇÃO UNIÃO PROGRESSISTA (44-UNIÃO / 11-PP),RS,03/10/1954,38183130477,2,MASCULINO,8,SUPERIOR COMPLETO,3,CASADO(A),1,BRANCA,112,VETERINÁRIO,5,SUPLENTE
05/10/2026,10:14:11,2026,2,ELEIÇÃO ORDINÁRIA,1,6259,Eleições Gerais Estaduais 2026,04/10/2026,ESTADUAL,RS,RS,RIO GRANDE DO SUL,6,DEPUTADO FEDERAL,210002537723,1199,NATHÁLIA DA SILVA ULGUIM,NATHY ULGUIM,#NULO,2549111028,NÃO DIVULGÁVEL,-3,#NE,FEDERAÇÃO,11,PP,PROGRESSISTAS,104,FEDERAÇÃO UNIÃO PROGRESSISTA,44-UNIÃO/11-PP,44-UNIÃO/11-PP,210001800344,FEDERAÇÃO,FEDERAÇÃO UNIÃO PROGRESSISTA (44-UNIÃO / 11-PP),RS,27/04/1991,102141420485,4,FEMININO,7,SUPERIOR INCOMPLETO,1,SOLTEIRO(A),2,PRETA,999,OUTROS,5,SUPLENTE
05/10/2026,10:14:11,2026,2,ELEIÇÃO ORDINÁRIA,1,6259,Eleições Gerais Estaduais 2026,04/10/2026,ESTADUAL,RS,RS,RIO GRANDE DO SUL,6,DEPUTADO FEDERAL,210002537724,1107,THAIAN FEIJÓ DUTRA,THAIAN DUTRA,#NULO,1748221035,NÃO DIVULGÁVEL,-3,#NE,FEDERAÇÃO,11,PP,PROGRESSISTAS,104,FEDERAÇÃO UNIÃO PROGRESSISTA,44-UNIÃO/11-PP,44-UNIÃO/11-PP,210001800344,FEDERAÇÃO,FEDERAÇÃO UNIÃO PROGRESSISTA (44-UNIÃO / 11-PP),RS,03/01/1989,94316880400,2,MASCULINO,8,SUPERIOR COMPLETO,1,SOLTEIRO(A),1,BRANCA,257,EMPRESÁRIO,5,SUPLENTE
05/10/2026,10:14:11,2026,2,ELEIÇÃO ORDINÁRIA,1,6259,Eleições Gerais Estaduais 2026,04/10/2026,ESTADUAL,RS,RS,RIO GRANDE DO SUL,6,DEPUTADO FEDERAL,210002537725,4428,PAULO NATALINO CORREA DA SILVA,PAULO NATALINO,#NULO,96599642004,NÃO DIVULGÁVEL,-3,#NE,FEDERAÇÃO,44,UNIÃO,UNIÃO BRASIL,104,FEDERAÇÃO UNIÃO PROGRESSISTA,44-UNIÃO/11-PP,44-UNIÃO/11-PP,210001800344,FEDERAÇÃO,FEDERAÇÃO UNIÃO PROGRESSISTA (44-UNIÃO / 11-PP),RS,25/12/1977,72670320400,2,MASCULINO,6,ENSINO MÉDIO COMPLETO,1,SOLTEIRO(A),3,PARDA,999,OUTROS,5,SUPLENTE
05/10/2026,10:14:11,2026,2,ELEIÇÃO ORDINÁRIA,1,6259,Eleições Gerais Estaduais 2026,04/10/2026,ESTADUAL,RS,RS,RIO GRANDE DO SUL,6,DEPUTADO FEDERAL,210002537726,4444,LUIZ CARLOS GHIORZZI BUSATO,BUSATO,#NULO,5698960020,NÃO DIVULGÁVEL,-3,#NE,FEDERAÇÃO,44,UNIÃO,UNIÃO BRASIL,104,FEDERAÇÃO UNIÃO PROGRESSISTA,44-UNIÃO/11-PP,44-UNIÃO/11-PP,210001800344,FEDERAÇÃO,FEDERAÇÃO UNIÃO PROGRESSISTA (44-UNIÃO / 11-PP),SC,06/11/1948,44057300400,2,MASCULINO,8,SUPERIOR COMPLETO,3,CASADO(A),1,BRANCA,277,DEPUTADO,3,ELEITO POR MÉDIA
05/10/2026,10:14:11,2026,2,ELEIÇÃO ORDINÁRIA,1,6259,Eleições Gerais Estaduais 2026,04/10/2026,ESTADUAL,RS,RS,RIO GRANDE DO SUL,6,DEPUTADO FEDERAL,210002538531,5557,LUIZ FABIANO DE SOUZA,UH FABIANO,#NULO,13262811866,NÃO DIVULGÁVEL,-3,#NE,PARTIDO ISOLADO,55,PSD,PARTIDO SOCIAL DEMOCRÁTICO,-1,#NULO,#NULO,#NULO,210001800400,PARTIDO ISOLADO,PSD,MG,18/03/1975,237562870116,2,MASCULINO,5,ENSINO MÉDIO INCOMPLETO,1,SOLTEIRO(A),3,PARDA,168,ATLETA PROFISSIONAL E TÉCNICO EM DESPORTOS,5,SUPLENTE
05/10/2026,10:14:11,2026,2,ELEIÇÃO ORDINÁRIA,1,6259,Eleições Gerais Estaduais 2026,04/10/2026,ESTADUAL,RS,RS,RIO GRANDE DO SUL,6,DEPUTADO FEDERAL,210002538532,5551,CELENI DE OLIVEIRA VIANA,CELENI VIANA,#NULO,26112809087,NÃO DIVULGÁVEL,-3,#NE,PARTIDO ISOLADO,55,PSD,PARTIDO SOCIAL DEMOCRÁTICO,-1,#NULO,#NULO,#NULO,210001800400,PARTIDO ISOLADO,PSD,RS,03/11/1962,15262640426,2,MASCULINO,7,SUPERIOR INCOMPLETO,3,CASADO(A),2,PRETA,512,CABELEIREIRO E BARBEIRO,5,SUPLENTE
05/10/2026,10:14:11,2026,2,ELEIÇÃO ORDINÁRIA,1,6259,Eleições Gerais Estaduais 2026,04/10/2026,ESTADUAL,RS,RS,RIO GRANDE DO SUL,6,DEPUTADO FEDERAL,210002538533,5575,PAULO CESAR ALVES DA SILVA,PAULO BAGÉ,#NULO,81425422004,NÃO DIVULGÁVEL,-3,#NE,PARTIDO ISOLADO,55,PSD,PARTIDO SOCIAL DEMOCRÁTICO,-1,#NULO,#NULO,#NULO,210001800400,PARTIDO ISOLADO,PSD,RS,26/05/1979,74478880450,2,MASCULINO,4,ENSINO FUNDAMENTAL COMPLETO,1,SOLTEIRO(A),3,PARDA,257,EMPRESÁRIO,5,SUPLENTE
05/10/2026,10:14:11,2026,2,ELEIÇÃO ORDINÁRIA,1,6259,Eleições Gerais Estaduais 2026,04/10/2026,ESTADUAL,RS,RS,RIO GRANDE DO SUL,6,DEPUTADO FEDERAL,210002538534,5577,DANILO GOMES MORAES,DANILO MORAES,#NULO,29351600025,NÃO DIVULGÁVEL,-3,#NE,PARTIDO ISOLADO,55,PSD,PARTIDO SOCIAL DEMOCRÁTICO,-1,#NULO,#NULO,#NULO,210001800400,PARTIDO ISOLADO,PSD,RS,02/07/1959,29189240418,2,MASCULINO,7,SUPERIOR INCOMPLETO,9,DIVORCIADO(A),1,BRANCA,170,COMERCIÁRIO,5,SUPLENTE
05/10/2026,10:14:11,2026,2,ELEIÇÃO ORDINÁRIA,1,6259,Eleições Gerais Estaduais 2026,04/10/2026,ESTADUAL,RS,RS,RIO GRANDE DO SUL,6,DEPUTADO FEDERAL,210002538535,5556,DEIVIS JUNIOR OSS EMER DA SILVA,DEIVIS OSS,#NULO,1540648079,NÃO DIVULGÁVEL,-3,#NE,PARTIDO ISOLADO,55,PSD,PARTIDO SOCIAL DEMOCRÁTICO,-1,#NULO,#NULO,#NULO,210001800400,PARTIDO ISOLADO,PSD,RS,17/06/1988,92534520400,2,MASCULINO,8,SUPERIOR COMPLETO,3,CASADO(A),1,BRANCA,232,POLICIAL CIVIL,5,SUPLENTE
05/10/2026,10:14:11,2026,2,ELEIÇÃO ORDINÁRIA,1,6259,Eleições Gerais Estaduais 2026,04/10/2026,ESTADUAL,RS,RS,RIO GRANDE DO SUL,6,DEPUTADO FEDERAL,210002538536,5555,JULIANO VALIM SOARES,JULIANO VALIM,#NULO,99002760000,NÃO DIVULGÁVEL,-3,#NE,PARTIDO ISOLADO,55,PSD,PARTIDO SOCIAL DEMOCRÁTICO,-1,#NULO,#NULO,#NULO,210001800400,PARTIDO ISOLADO,PSD,RS,02/07/1981,79656140450,2,MASCULINO,8,SUPERIOR COMPLETO,9,DIVORCIADO(A),1,BRANCA,278,VEREADOR,5,SUPLENTE
05/10/2026,10:14:11,2026,2,ELEIÇÃO ORDINÁRIA,1,6259,Eleições Gerais Estaduais 2026,04/10/2026,ESTADUAL,RS,RS,RIO GRANDE DO SUL,6,DEPUTADO FEDERAL,210002538537,5501,DANRLEI DE DEUS HINTERHOLZ,DANRLEI,#NULO,70157324087,NÃO DIVULGÁVEL,-3,#NE,PARTIDO ISOLADO,55,PSD,PARTIDO SOCIAL DEMOCRÁTICO,-1,#NULO,#NULO,#NULO,210001800400,PARTIDO ISOLADO,PSD,RS,18/04/1973,55776800493,2,MASCULINO,6,ENSINO MÉDIO COMPLETO,3,CASADO(A),1,BRANCA,168,ATLETA PROFISSIONAL E TÉCNICO EM DESPORTOS,2,ELEITO POR QP
05/10/2026,10:14:11,2026,2,ELEIÇÃO ORDINÁRIA,1,6259,Eleições Gerais Estaduais 2026,04/10/2026,ESTADUAL,RS,RS,RIO GRANDE DO SUL,6,DEPUTADO FEDERAL,210002538538,5548,SANDRA FIGUEIREDO,SANNY FIGUEIREDO RS,#NULO,658072005,NÃO DIVULGÁVEL,-3,#NE,PARTIDO ISOLADO,55,PSD,PARTIDO SOCIAL DEMOCRÁTICO,-1,#NULO,#NULO,#NULO,210001800400,PARTIDO ISOLADO,PSD,RS,01/04/1979,67414970442,4,FEMININO,8,SUPERIOR COMPLETO,1,SOLTEIRO(A),2,PRETA,257,EMPRESÁRIO,5,SUPLENTE
05/10/2026,10:14:11,2026,2,ELEIÇÃO ORDINÁRIA,1,6259,Eleições Gerais Estaduais 2026,04/10/2026,ESTADUAL,RS,RS,RIO GRANDE DO SUL,6,DEPUTADO FEDERAL,210002538539,5525,LUIS CLAITON MANFRO SCHINOFF,CLAITON MANFRO,#NULO,47954280004,NÃO DIVULGÁVEL,-3,#NE,PARTIDO ISOLADO,55,PSD,PARTIDO SOCIAL DEMOCRÁTICO,-1,#NULO,#NULO,#NULO,210001800400,PARTIDO ISOLADO,PSD,RS,07/10/1967,11260510434,2,MASCULINO,8,SUPERIOR COMPLETO,1,SOLTEIRO(A),1,BRANCA,159,CIENTISTA POLÍTICO,5,SUPLENTE
05/10/2026,10:14:11,2026,2,ELEIÇÃO ORDINÁRIA,1,6259,Eleições Gerais Estaduais 2026,04/10/2026,ESTADUAL,RS,RS,RIO GRANDE DO SUL,6,DEPUTADO FEDERAL,210002538540,5599,MÁRCIO TREMEA,MÁRCIO TREMEA,#NULO,389793060,NÃO DIVULGÁVEL,-3,#NE,PARTIDO ISOLADO,55,PSD,PARTIDO SOCIAL DEMOCRÁTICO,-1,#NULO,#NULO,#NULO,210001800400,PARTIDO ISOLADO,PSD,RS,27/06/1982,85230490493,2,MASCULINO,8,SUPERIOR COMPLETO,9,DIVORCIADO(A),1,BRANCA,531,MOTORISTA DE VEÍCULOS DE TRANSPORTE COLETIVO DE PASSAGEIROS,5,SUPLENTE
05/10/2026,10:14:11,2026,2,ELEIÇÃO ORDINÁRIA,1,6259,Eleições Gerais Estaduais 2026,04/10/2026,ESTADUAL,RS,RS,RIO GRANDE DO SUL,6,DEPUTADO FEDERAL,210002538541,5511,LUCAS BELLO REDECKER,LUCAS REDECKER,#NULO,71471278115,NÃO DIVULGÁVEL,-3,#NE,PARTIDO ISOLADO,55,PSD,PARTIDO SOCIAL DEMOCRÁTICO,-1,#NULO,#NULO,#NULO,210001800400,PARTIDO ISOLADO,PSD,RS,26/05/1981,65818500442,2,MASCULINO,8,SUPERIOR COMPLETO,3,CASADO(A),1,BRANCA,277,DEPUTADO,2,ELEITO POR QP
05/10/2026,10:14:11,2026,2,ELEIÇÃO ORDINÁRIA,1,6259,Eleições Gerais Estaduais 2026,04/10/2026,ESTADUAL,RS,RS,RIO GRANDE DO SUL,6,DEPUTADO FEDERAL,210002538542,5533,CATIA CRISTINA COLOMBO DE BORBA,PROF. CÁTIA COLOMBO,#NULO,67261876020,NÃO DIVULGÁVEL,-3,#NE,PARTIDO ISOLADO,55,PSD,PARTIDO SOCIAL DEMOCRÁTICO,-1,#NULO,#NULO,#NULO,210001800400,PARTIDO ISOLADO,PSD,RS,17/05/1972,54682760426,4,FEMININO,8,SUPERIOR COMPLETO,3,CASADO(A),1,BRANCA,923,APOSENTADO (EXCETO SERVIDOR PÚBLICO),5,SUPLENTE
05/10/2026,10:14:11,2026,2,ELEIÇÃO ORDINÁRIA,1,6259,Eleições Gerais Estaduais 2026,04/10/2026,ESTADUAL,RS,RS,RIO GRANDE DO SUL,6,DEPUTADO FEDERAL,210002538543,5505,LUCIANO PALMA DE AZEVEDO,LUCIANO AZEVEDO,#NULO,58229817049,NÃO DIVULGÁVEL,-3,#NE,PARTIDO ISOLADO,55,PSD,PARTIDO SOCIAL DEMOCRÁTICO,-1,#NULO,#NULO,#NULO,210001800400,PARTIDO ISOLADO,PSD,RS,24/05/1969,51617290434,2,MASCULINO,8,SUPERIOR COMPLETO,3,CASADO(A),1,BRANCA,131,ADVOGADO,5,SUPLENTE
05/10/2026,10:14:11,2026,2,ELEIÇÃO ORDINÁRIA,1,6259,Eleições Gerais Estaduais 2026,04/10/2026,ESTADUAL,RS,RS,RIO GRANDE DO SUL,6,DEPUTADO FEDERAL,210002538544,5500,DANIEL PETTERLE SILVEIRA MUSSI,DANIEL MUSSI,#NULO,1596987073,NÃO DIVULGÁVEL,-3,#NE,PARTIDO ISOLADO,55,PSD,PARTIDO SOCIAL DEMOCRÁTICO,-1,#NULO,#NULO,#NULO,210001800400,PARTIDO ISOLADO,PSD,RS,29/03/1986,92585330477,2,MASCULINO,8,SUPERIOR COMPLETO,1,SOLTEIRO(A),1,BRANCA,131,ADVOGADO,5,SUPLENTE
05/10/2026,10:14:11,2026,2,ELEIÇÃO ORDINÁRIA,1,6259,Eleições Gerais Estaduais 2026,04/10/2026,ESTADUAL,RS,RS,RIO GRANDE DO SUL,6,DEPUTADO FEDERAL,210002538545,5521,ALEX SANDRO NUNES DA ROSA,ALEX BUYU,#NULO,1253016003,NÃO DIVULGÁVEL,-3,#NE,PARTIDO ISOLADO,55,PSD,PARTIDO SOCIAL DEMOCRÁTICO,-1,#NULO,#NULO,#NULO,210001800400,PARTIDO ISOLADO,PSD,RS,24/10/1983,91035480418,2,MASCULINO,7,SUPERIOR INCOMPLETO,1,SOLTEIRO(A),2,PRETA,411,VENDEDOR DE COMÉRCIO VAREJISTA E ATACADISTA,5,SUPLENTE
05/10/2026,10:14:11,2026,2,ELEIÇÃO ORDINÁRIA,1,6259,Eleições Gerais Estaduais 2026,04/10/2026,ESTADUAL,RS,RS,RIO GRANDE DO SUL,6,DEPUTADO FEDERAL,210002538546,5526,VANESSA GIOMBELLI MORAIS,VANESSA MORAIS,#NULO,80794190006,NÃO DIVULGÁVEL,-3,#NE,PARTIDO ISOLADO,55,PSD,PARTIDO SOCIAL DEMOCRÁTICO,-1,#NULO,#NULO,#NULO,210001800400,PARTIDO ISOLADO,PSD,RS,26/06/1982,69863310485,4,FEMININO,8,SUPERIOR COMPLETO,1,SOLTEIRO(A),1,BRANCA,131,ADVOGADO,5,SUPLENTE
05/10/2026,10:14:11,2026,2,ELEIÇÃO ORDINÁRIA,1,6259,Eleições Gerais Estaduais 2026,04/10/2026,ESTADUAL,RS,RS,RIO GRANDE DO SUL,6,DEPUTADO FEDERAL,210002538547,5502,LUÍS FERNANDO BARBOSA DA CONCEIÇÃO,FERNANDO BARBOSA,#NULO,1600808000,NÃO DIVULGÁVEL,-3,#NE,PARTIDO ISOLADO,55,PSD,PARTIDO SOCIAL DEMOCRÁTICO,-1,#NULO,#NULO,#NULO,210001800400,PARTIDO ISOLADO,PSD,RS,03/12/1978,93873840400,2,MASCULINO,7,SUPERIOR INCOMPLETO,1,SOLTEIRO(A),2,PRETA,257,EMPRESÁRIO,5,SUPLENTE
05/10/2026,10:14:11,2026,2,ELEIÇÃO ORDINÁRIA,1,6259,Eleições Gerais Estaduais 2026,04/10/2026,ESTADUAL,RS,RS,RIO GRANDE DO SUL,6,DEPUTADO FEDERAL,210002538548,5566,RENATA LILIANE DO NASCIMENTO REIS DORNELLES,FISIO RENATA DORNELLES,#NULO,82715378068,NÃO DIVULGÁVEL,-3,#NE,PARTIDO ISOLADO,55,PSD,PARTIDO SOCIAL DEMOCRÁTICO,-1,#NULO,#NULO,#NULO,210001800400,PARTIDO ISOLADO,PSD,RS,15/11/1986,91092360418,4,FEMININO,8,SUPERIOR COMPLETO,3,CASADO(A),1,BRANCA,114,FISIOTERAPEUTA E TERAPEUTA OCUPACIONAL,5,SUPLENTE
05/10/2026,10:14:11,2026,2,ELEIÇÃO ORDINÁRIA,1,6259,Eleições Gerais Estaduais 2026,04/10/2026,ESTADUAL,RS,RS,RIO GRANDE DO SUL,6,DEPUTADO FEDERAL,210002538549,5587,CANAAN DA ROCHA FARIAS,CANAAN FARIAS,#NULO,1462471080,NÃO DIVULGÁVEL,-3,#NE,PARTIDO ISOLADO,55,PSD,PARTIDO SOCIAL DEMOCRÁTICO,-1,#NULO,#NULO,#NULO,210001800400,PARTIDO ISOLADO,PSD,RS,30/12/1987,97486770493,4,FEMININO,6,ENSINO MÉDIO COMPLETO,1,SOLTEIRO(A),2,PRETA,297,SERVIDOR PÚBLICO ESTADUAL,5,SUPLENTE
05/10/2026,10:14:11,2026,2,ELEIÇÃO ORDINÁRIA,1,6259,Eleições Gerais Estaduais 2026,04/10/2026,ESTADUAL,RS,RS,RIO GRANDE DO SUL,6,DEPUTADO FEDERAL,210002538550,5565,PAULO RICARDO DA SILVA SCHUSTER,SÃO,#NULO,61257001000,NÃO DIVULGÁVEL,-3,#NE,PARTIDO ISOLADO,55,PSD,PARTIDO SOCIAL DEMOCRÁTICO,-1,#NULO,#NULO,#NULO,210001800400,PARTIDO ISOLADO,PSD,RS,25/08/1975,82640160450,2,MASCULINO,6,ENSINO MÉDIO COMPLETO,1,SOLTEIRO(A),3,PARDA,125,ADMINISTRADOR,5,SUPLENTE
05/10/2026,10:14:11,2026,2,ELEIÇÃO ORDINÁRIA,1,6259,Eleições Gerais Estaduais 2026,04/10/2026,ESTADUAL,RS,RS,RIO GRANDE DO SUL,6,DEPUTADO FEDERAL,210002538551,5588,NILTON JOSE SICA MAGALHAES,ENGENHEIRO NILTON,#NULO,46527656068,NÃO DIVULGÁVEL,-3,#NE,PARTIDO ISOLADO,55,PSD,PARTIDO SOCIAL DEMOCRÁTICO,-1,#NULO,#NULO,#NULO,210001800400,PARTIDO ISOLADO,PSD,RS,08/07/1962,6467790426,2,MASCULINO,8,SUPERIOR COMPLETO,3,CASADO(A),1,BRANCA,101,ENGENHEIRO,5,SUPLENTE
05/10/2026,10:14:11,2026,2,ELEIÇÃO ORDINÁRIA,1,6259,Eleições Gerais Estaduais 2026,04/10/2026,ESTADUAL,RS,RS,RIO GRANDE DO SUL,6,DEPUTADO FEDERAL,210002538552,5567,DARLENE MEDEIROS DOS SANTOS,MÃE DARLENE DE OYA,#NULO,81204442053,NÃO DIVULGÁVEL,-3,#NE,PARTIDO ISOLADO,55,PSD,PARTIDO SOCIAL DEMOCRÁTICO,-1,#NULO,#NULO,#NULO,210001800400,PARTIDO ISOLADO,PSD,RS,08/09/1983,86882880400,4,FEMININO,7,SUPERIOR INCOMPLETO,1,SOLTEIRO(A),2,PRETA,394,AUXILIAR DE ESCRITÓRIO E ASSEMELHADOS,5,SUPLENTE
05/10/2026,10:14:11,2026,2,ELEIÇÃO ORDINÁRIA,1,6259,Eleições Gerais Estaduais 2026,04/10/2026,ESTADUAL,RS,RS,RIO GRANDE DO SUL,6,DEPUTADO FEDERAL,210002538553,5507,NALIGIA RAQUEL ROSA DA ENCARNAÇÃO ALVES,NALIGIA,#NULO,93108907034,NÃO DIVULGÁVEL,-3,#NE,PARTIDO ISOLADO,55,PSD,PARTIDO SOCIAL DEMOCRÁTICO,-1,#NULO,#NULO,#NULO,210001800400,PARTIDO ISOLADO,PSD,RS,06/08/1977,70961920418,4,FEMININO,8,SUPERIOR COMPLETO,3,CASADO(A),1,BRANCA,298,SERVIDOR PÚBLICO MUNICIPAL,5,SUPLENTE
05/10/2026,10:14:11,2026,2,ELEIÇÃO ORDINÁRIA,1,6259,Eleições Gerais Estaduais 2026,04/10/2026,ESTADUAL,RS,RS,RIO GRANDE DO SUL,6,DEPUTADO FEDERAL,210002538554,5527,VIVIANE ROSA LA PORTA,VIVI LA PORTA,#NULO,89566777000,NÃO DIVULGÁVEL,-3,#NE,PARTIDO ISOLADO,55,PSD,PARTIDO SOCIAL DEMOCRÁTICO,-1,#NULO,#NULO,#NULO,210001800400,PARTIDO ISOLADO,PSD,RS,21/06/1974,64367270442,4,FEMININO,6,ENSINO MÉDIO COMPLETO,3,CASADO(A),2,PRETA,243,TÉCNICO DE ENFERMAGEM E ASSEMELHADOS (EXCETO ENFERMEIRO),5,SUPLENTE
05/10/2026,10:14:11,2026,2,ELEIÇÃO ORDINÁRIA,1,6259,Eleições Gerais Estaduais 2026,04/10/2026,ESTADUAL,RS,RS,RIO GRANDE DO SUL,6,DEPUTADO FEDERAL,210002538555,5560,ADILSON TROCA,ADILSON TROCA,#NULO,31081894091,NÃO DIVULGÁVEL,-3,#NE,PARTIDO ISOLADO,55,PSD,PARTIDO SOCIAL DEMOCRÁTICO,-1,#NULO,#NULO,#NULO,210001800400,PARTIDO ISOLADO,PSD,RS,15/01/1950,19347250418,2,MASCULINO,6,ENSINO MÉDIO COMPLETO,3,CASADO(A),1,BRANCA,124,CONTADOR,5,SUPLENTE
05/10/2026,10:14:11,2026,2,ELEIÇÃO ORDINÁRIA,1,6259,Eleições Gerais Estaduais 2026,04/10/2026,ESTADUAL,RS,RS,RIO GRANDE DO SUL,6,DEPUTADO FEDERAL,210002538556,5512,HEITOR JOSÉ SCHUCH,HEITOR SCHUCH,#NULO,45479453068,NÃO DIVULGÁVEL,-3,#NE,PARTIDO ISOLADO,55,PSD,PARTIDO SOCIAL DEMOCRÁTICO,-1,#NULO,#NULO,#NULO,210001800400,PARTIDO ISOLADO,PSD,RS,25/03/1962,20319230418,2,MASCULINO,7,SUPERIOR INCOMPLETO,3,CASADO(A),1,BRANCA,601,AGRICULTOR,5,SUPLENTE
05/10/2026,10:14:11,2026,2,ELEIÇÃO ORDINÁRIA,1,6259,Eleições Gerais Estaduais 2026,04/10/2026,ESTADUAL,RS,RS,RIO GRANDE DO SUL,6,DEPUTADO FEDERAL,210002538557,5522,ADRIANA THOMAS LEAL,ADRIANA LEAL,#NULO,72303590078,NÃO DIVULGÁVEL,-3,#NE,PARTIDO ISOLADO,55,PSD,PARTIDO SOCIAL DEMOCRÁTICO,-1,#NULO,#NULO,#NULO,210001800400,PARTIDO ISOLADO,PSD,RS,02/09/1975,64204290442,4,FEMININO,8,SUPERIOR COMPLETO,3,CASADO(A),3,PARDA,297,SERVIDOR PÚBLICO ESTADUAL,5,SUPLENTE
05/10/2026,10:14:11,2026,2,ELEIÇÃO ORDINÁRIA,1,6259,Eleições Gerais Estaduais 2026,04/10/2026,ESTADUAL,RS,RS,RIO GRANDE DO SUL,6,DEPUTADO FEDERAL,210002538558,5590,NADIR TEREZINHA DA ROSA MACHADO,PROFESSORA NADIR,#NULO,40742253015,NÃO DIVULGÁVEL,-3,#NE,PARTIDO ISOLADO,55,PSD,PARTIDO SOCIAL DEMOCRÁTICO,-1,#NULO,#NULO,#NULO,210001800400,PARTIDO ISOLADO,PSD,RS,19/03/1960,10509520469,4,FEMININO,7,SUPERIOR INCOMPLETO,3,CASADO(A),1,BRANCA,923,APOSENTADO (EXCETO SERVIDOR PÚBLICO),5,SUPLENTE
05/10/2026,10:14:11,2026,2,ELEIÇÃO ORDINÁRIA,1,6259,Eleições Gerais Estaduais 2026,04/10/2026,ESTADUAL,RS,RS,RIO GRANDE DO SUL,6,DEPUTADO FEDERAL,210002538559,5570,JUSSARA TERESINHA PINTO MENDES,JUSSARA MENDES,#NULO,33301352049,NÃO DIVULGÁVEL,-3,#NE,PARTIDO ISOLADO,55,PSD,PARTIDO SOCIAL DEMOCRÁTICO,-1,#NULO,#NULO,#NULO,210001800400,PARTIDO ISOLADO,PSD,RS,01/07/1963,31005650493,4,FEMININO,8,SUPERIOR COMPLETO,5,VIÚVO(A),1,BRANCA,131,ADVOGADO,5,SUPLENTE
05/10/2026,10:14:11,2026,2,ELEIÇÃO ORDINÁRIA,1,6259,Eleições Gerais Estaduais 2026,04/10/2026,ESTADUAL,RS,RS,RIO GRANDE DO SUL,6,DEPUTADO FEDERAL,210002538560,5540,FABIA ALMEIDA RICHTER,ENFERMEIRA FABIA RICHTER,#NULO,72325640078,NÃO DIVULGÁVEL,-3,#NE,PARTIDO ISOLADO,55,PSD,PARTIDO SOCIAL DEMOCRÁTICO,-1,#NULO,#NULO,#NULO,210001800400,PARTIDO ISOLADO,PSD,RS,08/02/1974,60517180426,4,FEMININO,8,SUPERIOR COMPLETO,9,DIVORCIADO(A),1,BRANCA,113,ENFERMEIRO,5,SUPLENTE
05/10/2026,10:14:11,2026,2,ELEIÇÃO ORDINÁRIA,1,6259,Eleições Gerais Estaduais 2026,04/10/2026,ESTADUAL,RS,RS,RIO GRANDE DO SUL,6,DEPUTADO FEDERAL,210002538974,1616,ÍCARO FANTINEL MADALENA,ÍCARO MADALENA,#NULO,86903527087,NÃO DIVULGÁVEL,-3,#NE,PARTIDO ISOLADO,16,PSTU,PARTIDO SOCIALISTA  DOS TRABALHADORES UNIFICADO,-1,#NULO,#NULO,#NULO,210001800412,PARTIDO ISOLADO,PSTU,RS,28/05/1996,114707370450,2,MASCULINO,7,SUPERIOR INCOMPLETO,1,SOLTEIRO(A),1,BRANCA,931,"ESTUDANTE, BOLSISTA, ESTAGIÁRIO E ASSEMELHADOS",4,NÃO ELEITO
05/10/2026,10:14:11,2026,2,ELEIÇÃO ORDINÁRIA,1,6259,Eleições Gerais Estaduais 2026,04/10/2026,ESTADUAL,RS,RS,RIO GRANDE DO SUL,6,DEPUTADO FEDERAL,210002538975,1600,MARLISE JANETE FERREIRA,MARLISE JANETE,#NULO,43058620004,NÃO DIVULGÁVEL,-3,#NE,PARTIDO ISOLADO,16,PSTU,PARTIDO SOCIALISTA  DOS TRABALHADORES UNIFICADO,-1,#NULO,#NULO,#NULO,210001800412,PARTIDO ISOLADO,PSTU,RS,10/10/1962,31338300450,4,FEMININO,8,SUPERIOR COMPLETO,3,CASADO(A),1,BRANCA,265,PROFESSOR DE ENSINO FUNDAMENTAL,4,NÃO ELEITO
05/10/2026,10:14:11,2026,2,ELEIÇÃO ORDINÁRIA,1,6259,Eleições Gerais Estaduais 2026,04/10/2026,ESTADUAL,RS,RS,RIO GRANDE DO SUL,6,DEPUTADO FEDERAL,210002541423,4566,PAULO CESAR FLORES DE FREITAS,PAULO FREITAS,#NULO,64230260091,NÃO DIVULGÁVEL,-3,#NE,FEDERAÇÃO,45,PSDB,PARTIDO DA SOCIAL DEMOCRACIA BRASILEIRA,100,FEDERAÇÃO PSDB CIDADANIA,45-PSDB/23-CIDADANIA,45-PSDB/23-CIDADANIA,210001800483,FEDERAÇÃO,FEDERAÇÃO PSDB CIDADANIA (45-PSDB / 23-CIDADANIA),RS,20/05/1973,62774250450,2,MASCULINO,6,ENSINO MÉDIO COMPLETO,9,DIVORCIADO(A),1,BRANCA,278,VEREADOR,4,NÃO ELEITO
05/10/2026,10:14:11,2026,2,ELEIÇÃO ORDINÁRIA,1,6259,Eleições Gerais Estaduais 2026,04/10/2026,ESTADUAL,RS,RS,RIO GRANDE DO SUL,6,DEPUTADO FEDERAL,210002541424,4525,ALTEMIR TORMANN RODRIGUES,ALTEMIR DA FARMÁCIA,#NULO,77996739072,NÃO DIVULGÁVEL,-3,#NE,FEDERAÇÃO,45,PSDB,PARTIDO DA SOCIAL DEMOCRACIA BRASILEIRA,100,FEDERAÇÃO PSDB CIDADANIA,45-PSDB/23-CIDADANIA,45-PSDB/23-CIDADANIA,210001800483,FEDERAÇÃO,FEDERAÇÃO PSDB CIDADANIA (45-PSDB / 23-CIDADANIA),RS,14/10/1974,64257140426,2,MASCULINO,8,SUPERIOR COMPLETO,1,SOLTEIRO(A),1,BRANCA,113,ENFERMEIRO,4,NÃO ELEITO
05/10/2026,10:14:11,2026,2,ELEIÇÃO ORDINÁRIA,1,6259,Eleições Gerais Estaduais 2026,04/10/2026,ESTADUAL,RS,RS,RIO GRANDE DO SUL,6,DEPUTADO FEDERAL,210002541425,4530,RICARDO SANTOS DA SILVA,PAI RICARDO DE OXUM,#NULO,80506925072,NÃO DIVULGÁVEL,-3,#NE,FEDERAÇÃO,45,PSDB,PARTIDO DA SOCIAL DEMOCRACIA BRASILEIRA,100,FEDERAÇÃO PSDB CIDADANIA,45-PSDB/23-CIDADANIA,45-PSDB/23-CIDADANIA,210001800483,FEDERAÇÃO,FEDERAÇÃO PSDB CIDADANIA (45-PSDB / 23-CIDADANIA),RS,11/09/1980,78103650477,2,MASCULINO,6,ENSINO MÉDIO COMPLETO,1,SOLTEIRO(A),2,PRETA,257,EMPRESÁRIO,4,NÃO ELEITO
05/10/2026,10:14:11,2026,2,ELEIÇÃO ORDINÁRIA,1,6259,Eleições Gerais Estaduais 2026,04/10/2026,ESTADUAL,RS,RS,RIO GRANDE DO SUL,6,DEPUTADO FEDERAL,210002541426,4511,MARCOS SOARES REINALDO,MARCOS MARANATA,#NULO,62778315004,NÃO DIVULGÁVEL,-3,#NE,FEDERAÇÃO,45,PSDB,PARTIDO DA SOCIAL DEMOCRACIA BRASILEIRA,100,FEDERAÇÃO PSDB CIDADANIA,45-PSDB/23-CIDADANIA,45-PSDB/23-CIDADANIA,210001800483,FEDERAÇÃO,FEDERAÇÃO PSDB CIDADANIA (45-PSDB / 23-CIDADANIA),RS,13/05/1973,58353430477,2,MASCULINO,6,ENSINO MÉDIO COMPLETO,3,CASADO(A),1,BRANCA,601,AGRICULTOR,4,NÃO ELEITO
05/10/2026,10:14:11,2026,2,ELEIÇÃO ORDINÁRIA,1,6259,Eleições Gerais Estaduais 2026,04/10/2026,ESTADUAL,RS,RS,RIO GRANDE DO SUL,6,DEPUTADO FEDERAL,210002541427,4546,ANGELICA MENEGAS,ANGELICA MENEGAS,#NULO,99015676020,NÃO DIVULGÁVEL,-3,#NE,FEDERAÇÃO,45,PSDB,PARTIDO DA SOCIAL DEMOCRACIA BRASILEIRA,100,FEDERAÇÃO PSDB CIDADANIA,45-PSDB/23-CIDADANIA,45-PSDB/23-CIDADANIA,210001800483,FEDERAÇÃO,FEDERAÇÃO PSDB CIDADANIA (45-PSDB / 23-CIDADANIA),RS,13/11/1981,73678920493,4,FEMININO,8,SUPERIOR COMPLETO,1,SOLTEIRO(A),1,BRANCA,131,ADVOGADO,4,NÃO ELEITO
05/10/2026,10:14:11,2026,2,ELEIÇÃO ORDINÁRIA,1,6259,Eleições Gerais Estaduais 2026,04/10/2026,ESTADUAL,RS,RS,RIO GRANDE DO SUL,6,DEPUTADO FEDERAL,210002541428,4599,JULIANI PINZON PONTES,JULIANI PINZON,#NULO,83836233053,NÃO DIVULGÁVEL,-3,#NE,FEDERAÇÃO,45,PSDB,PARTIDO DA SOCIAL DEMOCRACIA BRASILEIRA,100,FEDERAÇÃO PSDB CIDADANIA,45-PSDB/23-CIDADANIA,45-PSDB/23-CIDADANIA,210001800483,FEDERAÇÃO,FEDERAÇÃO PSDB CIDADANIA (45-PSDB / 23-CIDADANIA),RS,07/07/1990,96495880400,4,FEMININO,8,SUPERIOR COMPLETO,3,CASADO(A),1,BRANCA,278,VEREADOR,4,NÃO ELEITO
05/10/2026,10:14:11,2026,2,ELEIÇÃO ORDINÁRIA,1,6259,Eleições Gerais Estaduais 2026,04/10/2026,ESTADUAL,RS,RS,RIO GRANDE DO SUL,6,DEPUTADO FEDERAL,210002541429,4500,DANIEL TRZECIAK DUARTE,DANIEL TRZECIAK  DANIEL DA TV ,#NULO,1297812077,NÃO DIVULGÁVEL,-3,#NE,FEDERAÇÃO,45,PSDB,PARTIDO DA SOCIAL DEMOCRACIA BRASILEIRA,100,FEDERAÇÃO PSDB CIDADANIA,45-PSDB/23-CIDADANIA,45-PSDB/23-CIDADANIA,210001800483,FEDERAÇÃO,FEDERAÇÃO PSDB CIDADANIA (45-PSDB / 23-CIDADANIA),RS,04/11/1986,88460260469,2,MASCULINO,8,SUPERIOR COMPLETO,3,CASADO(A),1,BRANCA,277,DEPUTADO,4,NÃO ELEITO
05/10/2026,10:14:11,2026,2,ELEIÇÃO ORDINÁRIA,1,6259,Eleições Gerais Estaduais 2026,04/10/2026,ESTADUAL,RS,RS,RIO GRANDE DO SUL,6,DEPUTADO FEDERAL,210002541430,4554,VINICIUS ANZILIERO,VINI ANZILIERO,#NULO,76624889004,NÃO DIVULGÁVEL,-3,#NE,FEDERAÇÃO,45,PSDB,PARTIDO DA SOCIAL DEMOCRACIA BRASILEIRA,100,FEDERAÇÃO PSDB CIDADANIA,45-PSDB/23-CIDADANIA,45-PSDB/23-CIDADANIA,210001800483,FEDERAÇÃO,FEDERAÇÃO PSDB CIDADANIA (45-PSDB / 23-CIDADANIA),RS,09/09/1976,64238100450,2,MASCULINO,7,SUPERIOR INCOMPLETO,3,CASADO(A),1,BRANCA,257,EMPRESÁRIO,4,NÃO ELEITO
05/10/2026,10:14:11,2026,2,ELEIÇÃO ORDINÁRIA,1,6259,Eleições Gerais Estaduais 2026,04/10/2026,ESTADUAL,RS,RS,RIO GRANDE DO SUL,6,DEPUTADO FEDERAL,210002541431,4570,GILSOMAR DA SILVA,GILSON PADEIRO,#NULO,52220494004,NÃO DIVULGÁVEL,-3,#NE,FEDERAÇÃO,45,PSDB,PARTIDO DA SOCIAL DEMOCRACIA BRASILEIRA,100,FEDERAÇÃO PSDB CIDADANIA,45-PSDB/23-CIDADANIA,45-PSDB/23-CIDADANIA,210001800483,FEDERAÇÃO,FEDERAÇÃO PSDB CIDADANIA (45-PSDB / 23-CIDADANIA),RS,15/12/1966,37832520426,2,MASCULINO,8,SUPERIOR COMPLETO,3,CASADO(A),1,BRANCA,278,VEREADOR,4,NÃO ELEITO
05/10/2026,10:14:11,2026,2,ELEIÇÃO ORDINÁRIA,1,6259,Eleições Gerais Estaduais 2026,04/10/2026,ESTADUAL,RS,RS,RIO GRANDE DO SUL,6,DEPUTADO FEDERAL,210002541432,4575,NEIDE JAQUELINE SCHWARZ,NEIDE DE TEUTÔNIA,#NULO,77577817015,NÃO DIVULGÁVEL,-3,#NE,FEDERAÇÃO,45,PSDB,PARTIDO DA SOCIAL DEMOCRACIA BRASILEIRA,100,FEDERAÇÃO PSDB CIDADANIA,45-PSDB/23-CIDADANIA,45-PSDB/23-CIDADANIA,210001800483,FEDERAÇÃO,FEDERAÇÃO PSDB CIDADANIA (45-PSDB / 23-CIDADANIA),RS,28/04/1972,55141460434,4,FEMININO,6,ENSINO MÉDIO COMPLETO,7,SEPARADO(A) JUDICIALMENTE,1,BRANCA,402,"VENDEDOR PRACISTA, REPRESENTANTE, CAIXEIRO-VIAJANTE E ASSEMELHADOS",4,NÃO ELEITO
05/10/2026,10:14:11,2026,2,ELEIÇÃO ORDINÁRIA,1,6259,Eleições Gerais Estaduais 2026,04/10/2026,ESTADUAL,RS,RS,RIO GRANDE DO SUL,6,DEPUTADO FEDERAL,210002541433,4520,ISABEL STAUDT,ISABEL STAUDT,#NULO,97193240072,NÃO DIVULGÁVEL,-3,#NE,FEDERAÇÃO,45,PSDB,PARTIDO DA SOCIAL DEMOCRACIA BRASILEIRA,100,FEDERAÇÃO PSDB CIDADANIA,45-PSDB/23-CIDADANIA,45-PSDB/23-CIDADANIA,210001800483,FEDERAÇÃO,FEDERAÇÃO PSDB CIDADANIA (45-PSDB / 23-CIDADANIA),RS,26/05/1980,70713440485,4,FEMININO,8,SUPERIOR COMPLETO,9,DIVORCIADO(A),1,BRANCA,298,SERVIDOR PÚBLICO MUNICIPAL,4,NÃO ELEITO
05/10/2026,10:14:11,2026,2,ELEIÇÃO ORDINÁRIA,1,6259,Eleições Gerais Estaduais 2026,04/10/2026,ESTADUAL,RS,RS,RIO GRANDE DO SUL,6,DEPUTADO FEDERAL,210002541434,4529,ALTAIR ALVES PEREIRA,ALTAIR ALVES,#NULO,38281392053,NÃO DIVULGÁVEL,-3,#NE,FEDERAÇÃO,45,PSDB,PARTIDO DA SOCIAL DEMOCRACIA BRASILEIRA,100,FEDERAÇÃO PSDB CIDADANIA,45-PSDB/23-CIDADANIA,45-PSDB/23-CIDADANIA,210001800483,FEDERAÇÃO,FEDERAÇÃO PSDB CIDADANIA (45-PSDB / 23-CIDADANIA),RS,02/08/1951,3038980400,2,MASCULINO,4,ENSINO FUNDAMENTAL COMPLETO,3,CASADO(A),1,BRANCA,922,SERVIDOR PÚBLICO CIVIL APOSENTADO,4,NÃO ELEITO
05/10/2026,10:14:11,2026,2,ELEIÇÃO ORDINÁRIA,1,6259,Eleições Gerais Estaduais 2026,04/10/2026,ESTADUAL,RS,RS,RIO GRANDE DO SUL,6,DEPUTADO FEDERAL,210002541435,4555,CRISTIANE LOURENCO GONCALVES,CRIS GONÇALVES,#NULO,86082183134,NÃO DIVULGÁVEL,-3,#NE,FEDERAÇÃO,45,PSDB,PARTIDO DA SOCIAL DEMOCRACIA BRASILEIRA,100,FEDERAÇÃO PSDB CIDADANIA,45-PSDB/23-CIDADANIA,45-PSDB/23-CIDADANIA,210001800483,FEDERAÇÃO,FEDERAÇÃO PSDB CIDADANIA (45-PSDB / 23-CIDADANIA),RS,13/09/1978,76006890418,4,FEMININO,8,SUPERIOR COMPLETO,1,SOLTEIRO(A),1,BRANCA,257,EMPRESÁRIO,4,NÃO ELEITO
05/10/2026,10:14:11,2026,2,ELEIÇÃO ORDINÁRIA,1,6259,Eleições Gerais Estaduais 2026,04/10/2026,ESTADUAL,RS,RS,RIO GRANDE DO SUL,6,DEPUTADO FEDERAL,210002541436,4590,MAGDA BEATRIZ RODRIGUES ALVES,MAGDA BEATRIZ,#NULO,22120939004,NÃO DIVULGÁVEL,-3,#NE,FEDERAÇÃO,45,PSDB,PARTIDO DA SOCIAL DEMOCRACIA BRASILEIRA,100,FEDERAÇÃO PSDB CIDADANIA,45-PSDB/23-CIDADANIA,45-PSDB/23-CIDADANIA,210001800483,FEDERAÇÃO,FEDERAÇÃO PSDB CIDADANIA (45-PSDB / 23-CIDADANIA),RS,24/11/1954,23279910450,4,FEMININO,8,SUPERIOR COMPLETO,1,SOLTEIRO(A),1,BRANCA,171,JORNALISTA E REDATOR,4,NÃO ELEITO
05/10/2026,10:14:11,2026,2,ELEIÇÃO ORDINÁRIA,1,6259,Eleições Gerais Estaduais 2026,04/10/2026,ESTADUAL,RS,RS,RIO GRANDE DO SUL,6,DEPUTADO FEDERAL,210002541437,4513,FABIELLY DE OLIVEIRA TEIXEIRA,FABIELLY KLIMBERG,FABIELLY DE OLIVEIRA TEIXEIRA,2768644099,NÃO DIVULGÁVEL,-3,#NE,FEDERAÇÃO,45,PSDB,PARTIDO DA SOCIAL DEMOCRACIA BRASILEIRA,100,FEDERAÇÃO PSDB CIDADANIA,45-PSDB/23-CIDADANIA,45-PSDB/23-CIDADANIA,210001800483,FEDERAÇÃO,FEDERAÇÃO PSDB CIDADANIA (45-PSDB / 23-CIDADANIA),RS,05/04/1981,87911210434,4,FEMININO,6,ENSINO MÉDIO COMPLETO,1,SOLTEIRO(A),2,PRETA,512,CABELEIREIRO E BARBEIRO,4,NÃO ELEITO
05/10/2026,10:14:11,2026,2,ELEIÇÃO ORDINÁRIA,1,6259,Eleições Gerais Estaduais 2026,04/10/2026,ESTADUAL,RS,RS,RIO GRANDE DO SUL,6,DEPUTADO FEDERAL,210002541438,4557,GÉRSON FARIAS DE SOUZA,FARIAS VIGILANTE,#NULO,67524133049,NÃO DIVULGÁVEL,-3,#NE,FEDERAÇÃO,45,PSDB,PARTIDO DA SOCIAL DEMOCRACIA BRASILEIRA,100,FEDERAÇÃO PSDB CIDADANIA,45-PSDB/23-CIDADANIA,45-PSDB/23-CIDADANIA,210001800483,FEDERAÇÃO,FEDERAÇÃO PSDB CIDADANIA (45-PSDB / 23-CIDADANIA),RS,04/03/1975,63629230426,2,MASCULINO,8,SUPERIOR COMPLETO,3,CASADO(A),3,PARDA,254,VIGILANTE,4,NÃO ELEITO
05/10/2026,10:14:11,2026,2,ELEIÇÃO ORDINÁRIA,1,6259,Eleições Gerais Estaduais 2026,04/10/2026,ESTADUAL,RS,RS,RIO GRANDE DO SUL,6,DEPUTADO FEDERAL,210002541439,4544,JULIANA SPOLIDORO,JU SPOLIDORO,#NULO,2326143000,NÃO DIVULGÁVEL,-3,#NE,FEDERAÇÃO,45,PSDB,PARTIDO DA SOCIAL DEMOCRACIA BRASILEIRA,100,FEDERAÇÃO PSDB CIDADANIA,45-PSDB/23-CIDADANIA,45-PSDB/23-CIDADANIA,210001800483,FEDERAÇÃO,FEDERAÇÃO PSDB CIDADANIA (45-PSDB / 23-CIDADANIA),RS,31/08/1991,105274600477,4,FEMININO,8,SUPERIOR COMPLETO,3,CASADO(A),1,BRANCA,278,VEREADOR,4,NÃO ELEITO
05/10/2026,10:14:11,2026,2,ELEIÇÃO ORDINÁRIA,1,6259,Eleições Gerais Estaduais 2026,04/10/2026,ESTADUAL,RS,RS,RIO GRANDE DO SUL,6,DEPUTADO FEDERAL,210002541440,4512,MÁRCIA REJANE BECKER,MARCIA BECKER,#NULO,60583053068,NÃO DIVULGÁVEL,-3,#NE,FEDERAÇÃO,45,PSDB,PARTIDO DA SOCIAL DEMOCRACIA BRASILEIRA,100,FEDERAÇÃO PSDB CIDADANIA,45-PSDB/23-CIDADANIA,45-PSDB/23-CIDADANIA,210001800483,FEDERAÇÃO,FEDERAÇÃO PSDB CIDADANIA (45-PSDB / 23-CIDADANIA),RS,27/03/1969,52927690450,4,FEMININO,7,SUPERIOR INCOMPLETO,9,DIVORCIADO(A),1,BRANCA,278,VEREADOR,4,NÃO ELEITO
05/10/2026,10:14:11,2026,2,ELEIÇÃO ORDINÁRIA,1,6259,Eleições Gerais Estaduais 2026,04/10/2026,ESTADUAL,RS,RS,RIO GRANDE DO SUL,6,DEPUTADO FEDERAL,210002541441,4556,ARLEI ROMEIRO,ARLEI ROMEIRO,#NULO,62669125034,NÃO DIVULGÁVEL,-3,#NE,FEDERAÇÃO,45,PSDB,PARTIDO DA SOCIAL DEMOCRACIA BRASILEIRA,100,FEDERAÇÃO PSDB CIDADANIA,45-PSDB/23-CIDADANIA,45-PSDB/23-CIDADANIA,210001800483,FEDERAÇÃO,FEDERAÇÃO PSDB CIDADANIA (45-PSDB / 23-CIDADANIA),RS,30/09/1972,58242610493,2,MASCULINO,8,SUPERIOR COMPLETO,1,SOLTEIRO(A),1,BRANCA,257,EMPRESÁRIO,4,NÃO ELEITO
05/10/2026,10:14:11,2026,2,ELEIÇÃO ORDINÁRIA,1,6259,Eleições Gerais Estaduais 2026,04/10/2026,ESTADUAL,RS,RS,RIO GRANDE DO SUL,6,DEPUTADO FEDERAL,210002541442,4560,ALVARO SOARES DE ARAUJO,ALVARO ARAÚJO,#NULO,91681650053,NÃO DIVULGÁVEL,-3,#NE,FEDERAÇÃO,45,PSDB,PARTIDO DA SOCIAL DEMOCRACIA BRASILEIRA,100,FEDERAÇÃO PSDB CIDADANIA,45-PSDB/23-CIDADANIA,45-PSDB/23-CIDADANIA,210001800483,FEDERAÇÃO,FEDERAÇÃO PSDB CIDADANIA (45-PSDB / 23-CIDADANIA),RS,28/01/1977,68483170418,2,MASCULINO,6,ENSINO MÉDIO COMPLETO,1,SOLTEIRO(A),1,BRANCA,999,OUTROS,4,NÃO ELEITO
05/10/2026,10:14:11,2026,2,ELEIÇÃO ORDINÁRIA,1,6259,Eleições Gerais Estaduais 2026,04/10/2026,ESTADUAL,RS,RS,RIO GRANDE DO SUL,6,DEPUTADO FEDERAL,210002541443,4567,GILMAR JOAO ALBA,GRINGO LOKO,#NULO,51986116034,NÃO DIVULGÁVEL,-3,#NE,FEDERAÇÃO,45,PSDB,PARTIDO DA SOCIAL DEMOCRACIA BRASILEIRA,100,FEDERAÇÃO PSDB CIDADANIA,45-PSDB/23-CIDADANIA,45-PSDB/23-CIDADANIA,210001800483,FEDERAÇÃO,FEDERAÇÃO PSDB CIDADANIA (45-PSDB / 23-CIDADANIA),RS,11/05/1968,31164510400,2,MASCULINO,6,ENSINO MÉDIO COMPLETO,1,SOLTEIRO(A),1,BRANCA,257,EMPRESÁRIO,4,NÃO ELEITO
05/10/2026,10:14:11,2026,2,ELEIÇÃO ORDINÁRIA,1,6259,Eleições Gerais Estaduais 2026,04/10/2026,ESTADUAL,RS,RS,RIO GRANDE DO SUL,6,DEPUTADO FEDERAL,210002541444,4515,MAURICIO PEREIRA DA SILVA,MAURÍCIO REPOLHINHO,#NULO,2755197080,NÃO DIVULGÁVEL,-3,#NE,FEDERAÇÃO,45,PSDB,PARTIDO DA SOCIAL DEMOCRACIA BRASILEIRA,100,FEDERAÇÃO PSDB CIDADANIA,45-PSDB/23-CIDADANIA,45-PSDB/23-CIDADANIA,210001800483,FEDERAÇÃO,FEDERAÇÃO PSDB CIDADANIA (45-PSDB / 23-CIDADANIA),RS,14/12/1997,113384810450,2,MASCULINO,8,SUPERIOR COMPLETO,1,SOLTEIRO(A),1,BRANCA,234,PRODUTOR AGROPECUÁRIO,4,NÃO ELEITO
05/10/2026,10:14:11,2026,2,ELEIÇÃO ORDINÁRIA,1,6259,Eleições Gerais Estaduais 2026,04/10/2026,ESTADUAL,RS,RS,RIO GRANDE DO SUL,6,DEPUTADO FEDERAL,210002541445,4510,OSVALDIR RIBEIRO DE SOUZA,VANDO RIBEIRO,#NULO,46472185034,NÃO DIVULGÁVEL,-3,#NE,FEDERAÇÃO,45,PSDB,PARTIDO DA SOCIAL DEMOCRACIA BRASILEIRA,100,FEDERAÇÃO PSDB CIDADANIA,45-PSDB/23-CIDADANIA,45-PSDB/23-CIDADANIA,210001800483,FEDERAÇÃO,FEDERAÇÃO PSDB CIDADANIA (45-PSDB / 23-CIDADANIA),RS,09/07/1963,21018300485,2,MASCULINO,6,ENSINO MÉDIO COMPLETO,1,SOLTEIRO(A),3,PARDA,278,VEREADOR,4,NÃO ELEITO
05/10/2026,10:14:11,2026,2,ELEIÇÃO ORDINÁRIA,1,6259,Eleições Gerais Estaduais 2026,04/10/2026,ESTADUAL,RS,RS,RIO GRANDE DO SUL,6,DEPUTADO FEDERAL,210002541446,4577,ADAVILSON DE CASTILHOS MAGAGNIN,ADAVILSON TCHÁ-TCHÁ,#NULO,99647230087,NÃO DIVULGÁVEL,-3,#NE,FEDERAÇÃO,45,PSDB,PARTIDO DA SOCIAL DEMOCRACIA BRASILEIRA,100,FEDERAÇÃO PSDB CIDADANIA,45-PSDB/23-CIDADANIA,45-PSDB/23-CIDADANIA,210001800483,FEDERAÇÃO,FEDERAÇÃO PSDB CIDADANIA (45-PSDB / 23-CIDADANIA),RS,10/05/1982,77703110418,2,MASCULINO,8,SUPERIOR COMPLETO,9,DIVORCIADO(A),1,BRANCA,169,COMERCIANTE,4,NÃO ELEITO
05/10/2026,10:14:11,2026,2,ELEIÇÃO ORDINÁRIA,1,6259,Eleições Gerais Estaduais 2026,04/10/2026,ESTADUAL,RS,RS,RIO GRANDE DO SUL,6,DEPUTADO FEDERAL,210002541447,4545,CLEUSA MARIA SILVEIRA SOUZA,CLEUSA SILVEIRA,#NULO,38443031034,NÃO DIVULGÁVEL,-3,#NE,FEDERAÇÃO,45,PSDB,PARTIDO DA SOCIAL DEMOCRACIA BRASILEIRA,100,FEDERAÇÃO PSDB CIDADANIA,45-PSDB/23-CIDADANIA,45-PSDB/23-CIDADANIA,210001800483,FEDERAÇÃO,FEDERAÇÃO PSDB CIDADANIA (45-PSDB / 23-CIDADANIA),RS,31/10/1960,7111260469,4,FEMININO,8,SUPERIOR COMPLETO,9,DIVORCIADO(A),1,BRANCA,999,OUTROS,4,NÃO ELEITO
05/10/2026,10:14:11,2026,2,ELEIÇÃO ORDINÁRIA,1,6259,Eleições Gerais Estaduais 2026,04/10/2026,ESTADUAL,RS,RS,RIO GRANDE DO SUL,6,DEPUTADO FEDERAL,210002541448,4550,PAULO ROBERTO DE SOUZA COUTINHO,PAULINHO,#NULO,48306207068,NÃO DIVULGÁVEL,-3,#NE,FEDERAÇÃO,45,PSDB,PARTIDO DA SOCIAL DEMOCRACIA BRASILEIRA,100,FEDERAÇÃO PSDB CIDADANIA,45-PSDB/23-CIDADANIA,45-PSDB/23-CIDADANIA,210001800483,FEDERAÇÃO,FEDERAÇÃO PSDB CIDADANIA (45-PSDB / 23-CIDADANIA),RS,02/03/1967,29391270400,2,MASCULINO,6,ENSINO MÉDIO COMPLETO,1,SOLTEIRO(A),1,BRANCA,601,AGRICULTOR,4,NÃO ELEITO
05/10/2026,10:14:11,2026,2,ELEIÇÃO ORDINÁRIA,1,6259,Eleições Gerais Estaduais 2026,04/10/2026,ESTADUAL,RS,RS,RIO GRANDE DO SUL,6,DEPUTADO FEDERAL,210002541449,4522,CARLOS ALBERTO BENEDETTI,DR. BENEDETTI,#NULO,37305450006,NÃO DIVULGÁVEL,-3,#NE,FEDERAÇÃO,45,PSDB,PARTIDO DA SOCIAL DEMOCRACIA BRASILEIRA,100,FEDERAÇÃO PSDB CIDADANIA,45-PSDB/23-CIDADANIA,45-PSDB/23-CIDADANIA,210001800483,FEDERAÇÃO,FEDERAÇÃO PSDB CIDADANIA (45-PSDB / 23-CIDADANIA),RS,29/10/1962,63107120400,2,MASCULINO,8,SUPERIOR COMPLETO,9,DIVORCIADO(A),1,BRANCA,111,MÉDICO,4,NÃO ELEITO
05/10/2026,10:14:11,2026,2,ELEIÇÃO ORDINÁRIA,1,6259,Eleições Gerais Estaduais 2026,04/10/2026,ESTADUAL,RS,RS,RIO GRANDE DO SUL,6,DEPUTADO FEDERAL,210002541450,4586,JOÃO YANG CHUN,JOÃO YANG - CASTAR,#NULO,83738444068,NÃO DIVULGÁVEL,-3,#NE,FEDERAÇÃO,45,PSDB,PARTIDO DA SOCIAL DEMOCRACIA BRASILEIRA,100,FEDERAÇÃO PSDB CIDADANIA,45-PSDB/23-CIDADANIA,45-PSDB/23-CIDADANIA,210001800483,FEDERAÇÃO,FEDERAÇÃO PSDB CIDADANIA (45-PSDB / 23-CIDADANIA),ZZ,25/04/1972,123866080418,2,MASCULINO,6,ENSINO MÉDIO COMPLETO,1,SOLTEIRO(A),4,AMARELA,169,COMERCIANTE,4,NÃO ELEITO
05/10/2026,10:14:11,2026,2,ELEIÇÃO ORDINÁRIA,1,6259,Eleições Gerais Estaduais 2026,04/10/2026,ESTADUAL,RS,RS,RIO GRANDE DO SUL,6,DEPUTADO FEDERAL,210002541502,1550,ADRIANA BARROS PALLADINO,ADRIANA PALLADINO,#NULO,3595947789,NÃO DIVULGÁVEL,-3,#NE,PARTIDO ISOLADO,15,MDB,MOVIMENTO DEMOCRÁTICO BRASILEIRO,-1,#NULO,#NULO,#NULO,210001800651,PARTIDO ISOLADO,MDB,RJ,31/01/1972,82308580361,4,FEMININO,7,SUPERIOR INCOMPLETO,1,SOLTEIRO(A),1,BRANCA,999,OUTROS,5,SUPLENTE
05/10/2026,10:14:11,2026,2,ELEIÇÃO ORDINÁRIA,1,6259,Eleições Gerais Estaduais 2026,04/10/2026,ESTADUAL,RS,RS,RIO GRANDE DO SUL,6,DEPUTADO FEDERAL,210002541503,1566,ROMARIO AUGUSTO GONÇALVES PAZ,ROMÁRIO PAZ,#NULO,95713484068,NÃO DIVULGÁVEL,-3,#NE,PARTIDO ISOLADO,15,MDB,MOVIMENTO DEMOCRÁTICO BRASILEIRO,-1,#NULO,#NULO,#NULO,210001800651,PARTIDO ISOLADO,MDB,RS,06/02/1979,71802220434,2,MASCULINO,7,SUPERIOR INCOMPLETO,1,SOLTEIRO(A),1,BRANCA,278,VEREADOR,5,SUPLENTE
05/10/2026,10:14:11,2026,2,ELEIÇÃO ORDINÁRIA,1,6259,Eleições Gerais Estaduais 2026,04/10/2026,ESTADUAL,RS,RS,RIO GRANDE DO SUL,6,DEPUTADO FEDERAL,210002541504,1521,LUANA MENEGHETTI,LUANA MENEGHETTI,#NULO,2066622036,NÃO DIVULGÁVEL,-3,#NE,PARTIDO ISOLADO,15,MDB,MOVIMENTO DEMOCRÁTICO BRASILEIRO,-1,#NULO,#NULO,#NULO,210001800651,PARTIDO ISOLADO,MDB,RS,08/11/1991,105293320469,4,FEMININO,5,ENSINO MÉDIO INCOMPLETO,1,SOLTEIRO(A),1,BRANCA,278,VEREADOR,5,SUPLENTE
05/10/2026,10:14:11,2026,2,ELEIÇÃO ORDINÁRIA,1,6259,Eleições Gerais Estaduais 2026,04/10/2026,ESTADUAL,RS,RS,RIO GRANDE DO SUL,6,DEPUTADO FEDERAL,210002541505,1599,ELIDIANE DIAS NETO LOBATO,ELIDIANE LOBATO,#NULO,2913045081,NÃO DIVULGÁVEL,-3,#NE,PARTIDO ISOLADO,15,MDB,MOVIMENTO DEMOCRÁTICO BRASILEIRO,-1,#NULO,#NULO,#NULO,210001800651,PARTIDO ISOLADO,MDB,RS,07/09/1992,107031090442,4,FEMININO,6,ENSINO MÉDIO COMPLETO,1,SOLTEIRO(A),1,BRANCA,257,EMPRESÁRIO,5,SUPLENTE
05/10/2026,10:14:11,2026,2,ELEIÇÃO ORDINÁRIA,1,6259,Eleições Gerais Estaduais 2026,04/10/2026,ESTADUAL,RS,RS,RIO GRANDE DO SUL,6,DEPUTADO FEDERAL,210002541506,1523,CLEBER NUNES DA SILVA,CLEBER NUNES,#NULO,97282430063,NÃO DIVULGÁVEL,-3,#NE,PARTIDO ISOLADO,15,MDB,MOVIMENTO DEMOCRÁTICO BRASILEIRO,-1,#NULO,#NULO,#NULO,210001800651,PARTIDO ISOLADO,MDB,RS,02/04/1981,73450130485,2,MASCULINO,7,SUPERIOR INCOMPLETO,3,CASADO(A),3,PARDA,999,OUTROS,5,SUPLENTE
05/10/2026,10:14:11,2026,2,ELEIÇÃO ORDINÁRIA,1,6259,Eleições Gerais Estaduais 2026,04/10/2026,ESTADUAL,RS,RS,RIO GRANDE DO SUL,6,DEPUTADO FEDERAL,210002541507,1560,CATIA ELIZANDRA SIQUEIRA,CÁTIA SIQUEIRA,#NULO,89782178004,NÃO DIVULGÁVEL,-3,#NE,PARTIDO ISOLADO,15,MDB,MOVIMENTO DEMOCRÁTICO BRASILEIRO,-1,#NULO,#NULO,#NULO,210001800651,PARTIDO ISOLADO,MDB,RS,04/04/1978,68219150469,4,FEMININO,8,SUPERIOR COMPLETO,9,DIVORCIADO(A),1,BRANCA,113,ENFERMEIRO,5,SUPLENTE
05/10/2026,10:14:11,2026,2,ELEIÇÃO ORDINÁRIA,1,6259,Eleições Gerais Estaduais 2026,04/10/2026,ESTADUAL,RS,RS,RIO GRANDE DO SUL,6,DEPUTADO FEDERAL,210002541508,1569,ANTONIO RICARDO COSTA MOELER,DR. ANTONIO MOELER,#NULO,29722195034,NÃO DIVULGÁVEL,-3,#NE,PARTIDO ISOLADO,15,MDB,MOVIMENTO DEMOCRÁTICO BRASILEIRO,-1,#NULO,#NULO,#NULO,210001800651,PARTIDO ISOLADO,MDB,RS,21/11/1957,9218700400,2,MASCULINO,8,SUPERIOR COMPLETO,9,DIVORCIADO(A),1,BRANCA,111,MÉDICO,5,SUPLENTE
05/10/2026,10:14:11,2026,2,ELEIÇÃO ORDINÁRIA,1,6259,Eleições Gerais Estaduais 2026,04/10/2026,ESTADUAL,RS,RS,RIO GRANDE DO SUL,6,DEPUTADO FEDERAL,210002541509,1505,GABRIELA CHEMELLO PANAZZOLO,GABI PANAZZOLO,#NULO,120169002,NÃO DIVULGÁVEL,-3,#NE,PARTIDO ISOLADO,15,MDB,MOVIMENTO DEMOCRÁTICO BRASILEIRO,-1,#NULO,#NULO,#NULO,210001800651,PARTIDO ISOLADO,MDB,RS,23/06/1982,81440500426,4,FEMININO,8,SUPERIOR COMPLETO,3,CASADO(A),1,BRANCA,278,VEREADOR,5,SUPLENTE
05/10/2026,10:14:11,2026,2,ELEIÇÃO ORDINÁRIA,1,6259,Eleições Gerais Estaduais 2026,04/10/2026,ESTADUAL,RS,RS,RIO GRANDE DO SUL,6,DEPUTADO FEDERAL,210002541510,1520,JUVIR COSTELLA,JUVIR COSTELLA,#NULO,28008421053,NÃO DIVULGÁVEL,-3,#NE,PARTIDO ISOLADO,15,MDB,MOVIMENTO DEMOCRÁTICO BRASILEIRO,-1,#NULO,#NULO,#NULO,210001800651,PARTIDO ISOLADO,MDB,RS,11/06/1959,26098970400,2,MASCULINO,7,SUPERIOR INCOMPLETO,3,CASADO(A),1,BRANCA,395,BANCÁRIO E ECONOMIÁRIO,2,ELEITO POR QP
05/10/2026,10:14:11,2026,2,ELEIÇÃO ORDINÁRIA,1,6259,Eleições Gerais Estaduais 2026,04/10/2026,ESTADUAL,RS,RS,RIO GRANDE DO SUL,6,DEPUTADO FEDERAL,210002541511,1533,RUDINEI RODRIGUES,RUDYS CONFIRMADÍSSIMO,#NULO,1135030081,NÃO DIVULGÁVEL,-3,#NE,PARTIDO ISOLADO,15,MDB,MOVIMENTO DEMOCRÁTICO BRASILEIRO,-1,#NULO,#NULO,#NULO,210001800651,PARTIDO ISOLADO,MDB,RS,22/09/1982,85329560485,2,MASCULINO,7,SUPERIOR INCOMPLETO,1,SOLTEIRO(A),1,BRANCA,257,EMPRESÁRIO,5,SUPLENTE
05/10/2026,10:14:11,2026,2,ELEIÇÃO ORDINÁRIA,1,6259,Eleições Gerais Estaduais 2026,04/10/2026,ESTADUAL,RS,RS,RIO GRANDE DO SUL,6,DEPUTADO FEDERAL,210002541512,1515,VILMAR PERIN ZANCHIN,VILMAR ZANCHIN,#NULO,58826173087,NÃO DIVULGÁVEL,-3,#NE,PARTIDO ISOLADO,15,MDB,MOVIMENTO DEMOCRÁTICO BRASILEIRO,-1,#NULO,#NULO,#NULO,210001800651,PARTIDO ISOLADO,MDB,RS,13/02/1972,55653070434,2,MASCULINO,8,SUPERIOR COMPLETO,3,CASADO(A),1,BRANCA,131,ADVOGADO,3,ELEITO POR MÉDIA
05/10/2026,10:14:11,2026,2,ELEIÇÃO ORDINÁRIA,1,6259,Eleições Gerais Estaduais 2026,04/10/2026,ESTADUAL,RS,RS,RIO GRANDE DO SUL,6,DEPUTADO FEDERAL,210002541513,1577,ADENIR JOSE DALLÉ,ADENIR DALLÉ,#NULO,44078676049,NÃO DIVULGÁVEL,-3,#NE,PARTIDO ISOLADO,15,MDB,MOVIMENTO DEMOCRÁTICO BRASILEIRO,-1,#NULO,#NULO,#NULO,210001800651,PARTIDO ISOLADO,MDB,RS,03/09/1964,29703520426,2,MASCULINO,7,SUPERIOR INCOMPLETO,3,CASADO(A),1,BRANCA,403,"CORRETOR DE IMÓVEIS, SEGUROS, TÍTULOS E VALORES",5,SUPLENTE
05/10/2026,10:14:11,2026,2,ELEIÇÃO ORDINÁRIA,1,6259,Eleições Gerais Estaduais 2026,04/10/2026,ESTADUAL,RS,RS,RIO GRANDE DO SUL,6,DEPUTADO FEDERAL,210002541514,1500,ALCEU MOREIRA DA SILVA,ALCEU MOREIRA,#NULO,17968496004,NÃO DIVULGÁVEL,-3,#NE,PARTIDO ISOLADO,15,MDB,MOVIMENTO DEMOCRÁTICO BRASILEIRO,-1,#NULO,#NULO,#NULO,210001800651,PARTIDO ISOLADO,MDB,RS,04/06/1954,42342680469,2,MASCULINO,7,SUPERIOR INCOMPLETO,3,CASADO(A),1,BRANCA,169,COMERCIANTE,2,ELEITO POR QP
05/10/2026,10:14:11,2026,2,ELEIÇÃO ORDINÁRIA,1,6259,Eleições Gerais Estaduais 2026,04/10/2026,ESTADUAL,RS,RS,RIO GRANDE DO SUL,6,DEPUTADO FEDERAL,210002541515,1501,CLAUDIOMIRO PIAZZA RODRIGUES,CLAUDIO CAVALO,#NULO,69871388004,NÃO DIVULGÁVEL,-3,#NE,PARTIDO ISOLADO,15,MDB,MOVIMENTO DEMOCRÁTICO BRASILEIRO,-1,#NULO,#NULO,#NULO,210001800651,PARTIDO ISOLADO,MDB,RS,01/02/1975,74534200434,2,MASCULINO,6,ENSINO MÉDIO COMPLETO,3,CASADO(A),1,BRANCA,254,VIGILANTE,5,SUPLENTE
05/10/2026,10:14:11,2026,2,ELEIÇÃO ORDINÁRIA,1,6259,Eleições Gerais Estaduais 2026,04/10/2026,ESTADUAL,RS,RS,RIO GRANDE DO SUL,6,DEPUTADO FEDERAL,210002541516,1503,BRUNO GARCIA BARCELOS,BRUNO BARCELOS,#NULO,1375984080,NÃO DIVULGÁVEL,-3,#NE,PARTIDO ISOLADO,15,MDB,MOVIMENTO DEMOCRÁTICO BRASILEIRO,-1,#NULO,#NULO,#NULO,210001800651,PARTIDO ISOLADO,MDB,RS,14/11/1995,109736570450,2,MASCULINO,8,SUPERIOR COMPLETO,9,DIVORCIADO(A),1,BRANCA,113,ENFERMEIRO,5,SUPLENTE
05/10/2026,10:14:11,2026,2,ELEIÇÃO ORDINÁRIA,1,6259,Eleições Gerais Estaduais 2026,04/10/2026,ESTADUAL,RS,RS,RIO GRANDE DO SUL,6,DEPUTADO FEDERAL,210002541517,1511,CLEO INACIO HARSTELN PEREIRA,CLÉO DO ONZE,#NULO,73338036,NÃO DIVULGÁVEL,-3,#NE,PARTIDO ISOLADO,15,MDB,MOVIMENTO DEMOCRÁTICO BRASILEIRO,-1,#NULO,#NULO,#NULO,210001800651,PARTIDO ISOLADO,MDB,RS,28/05/1983,81329730434,2,MASCULINO,6,ENSINO MÉDIO COMPLETO,1,SOLTEIRO(A),1,BRANCA,257,EMPRESÁRIO,5,SUPLENTE
05/10/2026,10:14:11,2026,2,ELEIÇÃO ORDINÁRIA,1,6259,Eleições Gerais Estaduais 2026,04/10/2026,ESTADUAL,RS,RS,RIO GRANDE DO SUL,6,DEPUTADO FEDERAL,210002541518,1516,CARLOS EDUARDO DA SILVA MONTEIRO,DUDA MONTEIRO,#NULO,1182822045,NÃO DIVULGÁVEL,-3,#NE,PARTIDO ISOLADO,15,MDB,MOVIMENTO DEMOCRÁTICO BRASILEIRO,-1,#NULO,#NULO,#NULO,210001800651,PARTIDO ISOLADO,MDB,RS,20/01/1985,88275420469,2,MASCULINO,6,ENSINO MÉDIO COMPLETO,1,SOLTEIRO(A),2,PRETA,257,EMPRESÁRIO,5,SUPLENTE
05/10/2026,10:14:11,2026,2,ELEIÇÃO ORDINÁRIA,1,6259,Eleições Gerais Estaduais 2026,04/10/2026,ESTADUAL,RS,RS,RIO GRANDE DO SUL,6,DEPUTADO FEDERAL,210002541519,1588,PATRICIA BAZOTTI,PATRÍCIA ALBA,#NULO,91698898053,NÃO DIVULGÁVEL,-3,#NE,PARTIDO ISOLADO,15,MDB,MOVIMENTO DEMOCRÁTICO BRASILEIRO,-1,#NULO,#NULO,#NULO,210001800651,PARTIDO ISOLADO,MDB,RS,13/09/1975,66489420434,4,FEMININO,8,SUPERIOR COMPLETO,3,CASADO(A),1,BRANCA,131,ADVOGADO,5,SUPLENTE
05/10/2026,10:14:11,2026,2,ELEIÇÃO ORDINÁRIA,1,6259,Eleições Gerais Estaduais 2026,04/10/2026,ESTADUAL,RS,RS,RIO GRANDE DO SUL,6,DEPUTADO FEDERAL,210002541520,1544,FERNANDA LEITE WEIZENMANN,FERNANDA LEITE,#NULO,3052637061,NÃO DIVULGÁVEL,-3,#NE,PARTIDO ISOLADO,15,MDB,MOVIMENTO DEMOCRÁTICO BRASILEIRO,-1,#NULO,#NULO,#NULO,210001800651,PARTIDO ISOLADO,MDB,RS,04/04/1992,106090290418,4,FEMININO,8,SUPERIOR COMPLETO,1,SOLTEIRO(A),1,BRANCA,131,ADVOGADO,5,SUPLENTE
05/10/2026,10:14:11,2026,2,ELEIÇÃO ORDINÁRIA,1,6259,Eleições Gerais Estaduais 2026,04/10/2026,ESTADUAL,RS,RS,RIO GRANDE DO SUL,6,DEPUTADO FEDERAL,210002541521,1522,LAUREN MOMBACK MAZZARDO,LAUREN MAZZARDO,#NULO,92280382091,NÃO DIVULGÁVEL,-3,#NE,PARTIDO ISOLADO,15,MDB,MOVIMENTO DEMOCRÁTICO BRASILEIRO,-1,#NULO,#NULO,#NULO,210001800651,PARTIDO ISOLADO,MDB,RS,17/03/1977,69451200469,4,FEMININO,8,SUPERIOR COMPLETO,3,CASADO(A),1,BRANCA,131,ADVOGADO,5,SUPLENTE
05/10/2026,10:14:11,2026,2,ELEIÇÃO ORDINÁRIA,1,6259,Eleições Gerais Estaduais 2026,04/10/2026,ESTADUAL,RS,RS,RIO GRANDE DO SUL,6,DEPUTADO FEDERAL,210002541522,1553,PEDRO PIMENTEL DE MATOS,PEDRINHO,#NULO,5619263010,NÃO DIVULGÁVEL,-3,#NE,PARTIDO ISOLADO,15,MDB,MOVIMENTO DEMOCRÁTICO BRASILEIRO,-1,#NULO,#NULO,#NULO,210001800651,PARTIDO ISOLADO,MDB,RS,11/11/2003,121137810434,2,MASCULINO,7,SUPERIOR INCOMPLETO,1,SOLTEIRO(A),1,BRANCA,169,COMERCIANTE,5,SUPLENTE
05/10/2026,10:14:11,2026,2,ELEIÇÃO ORDINÁRIA,1,6259,Eleições Gerais Estaduais 2026,04/10/2026,ESTADUAL,RS,RS,RIO GRANDE DO SUL,6,DEPUTADO FEDERAL,210002541523,1514,ANTONIO DINIZ MANGANELI COGO,DINIZ COGO,#NULO,36641006034,NÃO DIVULGÁVEL,-3,#NE,PARTIDO ISOLADO,15,MDB,MOVIMENTO DEMOCRÁTICO BRASILEIRO,-1,#NULO,#NULO,#NULO,210001800651,PARTIDO ISOLADO,MDB,RS,15/12/1961,57665860493,2,MASCULINO,8,SUPERIOR COMPLETO,3,CASADO(A),1,BRANCA,131,ADVOGADO,5,SUPLENTE
05/10/2026,10:14:11,2026,2,ELEIÇÃO ORDINÁRIA,1,6259,Eleições Gerais Estaduais 2026,04/10/2026,ESTADUAL,RS,RS,RIO GRANDE DO SUL,6,DEPUTADO FEDERAL,210002541524,1507,GABRIEL GONÇALVES DA SILVA,GABRIEL GONÇALVES,#NULO,81798431068,NÃO DIVULGÁVEL,-3,#NE,PARTIDO ISOLADO,15,MDB,MOVIMENTO DEMOCRÁTICO BRASILEIRO,-1,#NULO,#NULO,#NULO,210001800651,PARTIDO ISOLADO,MDB,RS,29/05/1985,86905290450,2,MASCULINO,8,SUPERIOR COMPLETO,1,SOLTEIRO(A),1,BRANCA,125,ADMINISTRADOR,5,SUPLENTE
05/10/2026,10:14:11,2026,2,ELEIÇÃO ORDINÁRIA,1,6259,Eleições Gerais Estaduais 2026,04/10/2026,ESTADUAL,RS,RS,RIO GRANDE DO SUL,6,DEPUTADO FEDERAL,210002541525,1557,EDUARDO PETRARCA LEO,EDUARDO PETRARCA LÉO,#NULO,30128650044,NÃO DIVULGÁVEL,-3,#NE,PARTIDO ISOLADO,15,MDB,MOVIMENTO DEMOCRÁTICO BRASILEIRO,-1,#NULO,#NULO,#NULO,210001800651,PARTIDO ISOLADO,MDB,RS,07/09/1957,9676650418,2,MASCULINO,7,SUPERIOR INCOMPLETO,3,CASADO(A),1,BRANCA,999,OUTROS,5,SUPLENTE
05/10/2026,10:14:11,2026,2,ELEIÇÃO ORDINÁRIA,1,6259,Eleições Gerais Estaduais 2026,04/10/2026,ESTADUAL,RS,RS,RIO GRANDE DO SUL,6,DEPUTADO FEDERAL,210002541526,1530,FATIMA CRISTINA CAXINHAS DAUDT,FÁTIMA DAUDT,#NULO,66026890025,NÃO DIVULGÁVEL,-3,#NE,PARTIDO ISOLADO,15,MDB,MOVIMENTO DEMOCRÁTICO BRASILEIRO,-1,#NULO,#NULO,#NULO,210001800651,PARTIDO ISOLADO,MDB,RS,08/10/1966,10839180469,4,FEMININO,8,SUPERIOR COMPLETO,3,CASADO(A),1,BRANCA,102,ARQUITETO,5,SUPLENTE
05/10/2026,10:14:11,2026,2,ELEIÇÃO ORDINÁRIA,1,6259,Eleições Gerais Estaduais 2026,04/10/2026,ESTADUAL,RS,RS,RIO GRANDE DO SUL,6,DEPUTADO FEDERAL,210002541527,1510,LUIS ARTHUR DE BITENCOURT,ARTHUR SCHMIDT,#NULO,409517909,NÃO DIVULGÁVEL,-3,#NE,PARTIDO ISOLADO,15,MDB,MOVIMENTO DEMOCRÁTICO BRASILEIRO,-1,#NULO,#NULO,#NULO,210001800651,PARTIDO ISOLADO,MDB,RS,01/03/1980,71541460426,2,MASCULINO,8,SUPERIOR COMPLETO,3,CASADO(A),1,BRANCA,395,BANCÁRIO E ECONOMIÁRIO,5,SUPLENTE
05/10/2026,10:14:11,2026,2,ELEIÇÃO ORDINÁRIA,1,6259,Eleições Gerais Estaduais 2026,04/10/2026,ESTADUAL,RS,RS,RIO GRANDE DO SUL,6,DEPUTADO FEDERAL,210002541528,1551,MIRCO CORONETTI,MIRCO CORONETTI,#NULO,65161564091,NÃO DIVULGÁVEL,-3,#NE,PARTIDO ISOLADO,15,MDB,MOVIMENTO DEMOCRÁTICO BRASILEIRO,-1,#NULO,#NULO,#NULO,210001800651,PARTIDO ISOLADO,MDB,RS,28/08/1971,55905580477,2,MASCULINO,8,SUPERIOR COMPLETO,3,CASADO(A),1,BRANCA,117,FARMACÊUTICO,5,SUPLENTE
05/10/2026,10:14:11,2026,2,ELEIÇÃO ORDINÁRIA,1,6259,Eleições Gerais Estaduais 2026,04/10/2026,ESTADUAL,RS,RS,RIO GRANDE DO SUL,6,DEPUTADO FEDERAL,210002541529,1508,DELIANE ASSUNÇÃO PONZI,DELIANE PONZI,#NULO,80662307020,NÃO DIVULGÁVEL,-3,#NE,PARTIDO ISOLADO,15,MDB,MOVIMENTO DEMOCRÁTICO BRASILEIRO,-1,#NULO,#NULO,#NULO,210001800651,PARTIDO ISOLADO,MDB,RS,10/07/1977,59823380400,4,FEMININO,8,SUPERIOR COMPLETO,3,CASADO(A),3,PARDA,303,GERENTE,5,SUPLENTE
05/10/2026,10:14:11,2026,2,ELEIÇÃO ORDINÁRIA,1,6259,Eleições Gerais Estaduais 2026,04/10/2026,ESTADUAL,RS,RS,RIO GRANDE DO SUL,6,DEPUTADO FEDERAL,210002541530,1559,ROGERIO GRADE,ROGÉRIO GRADE - CHÉIO,#NULO,70644624000,NÃO DIVULGÁVEL,-3,#NE,PARTIDO ISOLADO,15,MDB,MOVIMENTO DEMOCRÁTICO BRASILEIRO,-1,#NULO,#NULO,#NULO,210001800651,PARTIDO ISOLADO,MDB,RS,06/04/1975,65254090400,2,MASCULINO,3,ENSINO FUNDAMENTAL INCOMPLETO,5,VIÚVO(A),1,BRANCA,297,SERVIDOR PÚBLICO ESTADUAL,5,SUPLENTE
05/10/2026,10:14:11,2026,2,ELEIÇÃO ORDINÁRIA,1,6259,Eleições Gerais Estaduais 2026,04/10/2026,ESTADUAL,RS,RS,RIO GRANDE DO SUL,6,DEPUTADO FEDERAL,210002541531,1567,IZAURA BERNADETE BERGMANN LANDIM,IZAURA LANDIM,#NULO,58192204049,NÃO DIVULGÁVEL,-3,#NE,PARTIDO ISOLADO,15,MDB,MOVIMENTO DEMOCRÁTICO BRASILEIRO,-1,#NULO,#NULO,#NULO,210001800651,PARTIDO ISOLADO,MDB,RS,29/06/1967,49509370434,4,FEMININO,8,SUPERIOR COMPLETO,3,CASADO(A),1,BRANCA,113,ENFERMEIRO,-1,#NULO
05/10/2026,10:14:11,2026,2,ELEIÇÃO ORDINÁRIA,1,6259,Eleições Gerais Estaduais 2026,04/10/2026,ESTADUAL,RS,RS,RIO GRANDE DO SUL,6,DEPUTADO FEDERAL,210002541532,1502,ADRIANE MARIA PARISE,ADRI PARISE,#NULO,67745040,NÃO DIVULGÁVEL,-3,#NE,PARTIDO ISOLADO,15,MDB,MOVIMENTO DEMOCRÁTICO BRASILEIRO,-1,#NULO,#NULO,#NULO,210001800651,PARTIDO ISOLADO,MDB,RS,27/04/1983,76631700426,4,FEMININO,8,SUPERIOR COMPLETO,1,SOLTEIRO(A),1,BRANCA,114,FISIOTERAPEUTA E TERAPEUTA OCUPACIONAL,5,SUPLENTE
05/10/2026,10:14:11,2026,2,ELEIÇÃO ORDINÁRIA,1,6259,Eleições Gerais Estaduais 2026,04/10/2026,ESTADUAL,RS,RS,RIO GRANDE DO SUL,6,DEPUTADO FEDERAL,210002544077,1454,YAGOR VIEIRA MIX,YAGOR VIEIRA,#NULO,5951608163,NÃO DIVULGÁVEL,-3,#NE,PARTIDO ISOLADO,14,MISSÃO,PARTIDO MISSÃO,-1,#NULO,#NULO,#NULO,210001800703,PARTIDO ISOLADO,MISSÃO,MT,26/06/2000,34888521872,2,MASCULINO,7,SUPERIOR INCOMPLETO,3,CASADO(A),1,BRANCA,125,ADMINISTRADOR,4,NÃO ELEITO
05/10/2026,10:14:11,2026,2,ELEIÇÃO ORDINÁRIA,1,6259,Eleições Gerais Estaduais 2026,04/10/2026,ESTADUAL,RS,RS,RIO GRANDE DO SUL,6,DEPUTADO FEDERAL,210002544078,1404,GABRIELA DOS SANTOS COSTA,GABRIELA COSTA,#NULO,1651671060,NÃO DIVULGÁVEL,-3,#NE,PARTIDO ISOLADO,14,MISSÃO,PARTIDO MISSÃO,-1,#NULO,#NULO,#NULO,210001800703,PARTIDO ISOLADO,MISSÃO,RJ,22/07/1989,97251320418,4,FEMININO,8,SUPERIOR COMPLETO,1,SOLTEIRO(A),3,PARDA,111,MÉDICO,4,NÃO ELEITO
05/10/2026,10:14:11,2026,2,ELEIÇÃO ORDINÁRIA,1,6259,Eleições Gerais Estaduais 2026,04/10/2026,ESTADUAL,RS,RS,RIO GRANDE DO SUL,6,DEPUTADO FEDERAL,210002544079,1475,ORLANDO VIEIRA FURTADO FILHO,PROFESSOR DR ORLANDO FURTADO,#NULO,316648736,NÃO DIVULGÁVEL,-3,#NE,PARTIDO ISOLADO,14,MISSÃO,PARTIDO MISSÃO,-1,#NULO,#NULO,#NULO,210001800703,PARTIDO ISOLADO,MISSÃO,RJ,10/01/1970,68050050442,2,MASCULINO,8,SUPERIOR COMPLETO,9,DIVORCIADO(A),3,PARDA,921,MILITAR REFORMADO,4,NÃO ELEITO
05/10/2026,10:14:11,2026,2,ELEIÇÃO ORDINÁRIA,1,6259,Eleições Gerais Estaduais 2026,04/10/2026,ESTADUAL,RS,RS,RIO GRANDE DO SUL,6,DEPUTADO FEDERAL,210002544080,1400,LUIZ GRACIANO GOMES DO PRADO,LUIZ GRACIANO PRADO,#NULO,1763533050,NÃO DIVULGÁVEL,-3,#NE,PARTIDO ISOLADO,14,MISSÃO,PARTIDO MISSÃO,-1,#NULO,#NULO,#NULO,210001800703,PARTIDO ISOLADO,MISSÃO,RS,24/04/1995,108091710469,2,MASCULINO,7,SUPERIOR INCOMPLETO,1,SOLTEIRO(A),1,BRANCA,999,OUTROS,4,NÃO ELEITO
05/10/2026,10:14:11,2026,2,ELEIÇÃO ORDINÁRIA,1,6259,Eleições Gerais Estaduais 2026,04/10/2026,ESTADUAL,RS,RS,RIO GRANDE DO SUL,6,DEPUTADO FEDERAL,210002544081,1441,RINALDI ALONSO CONDE,RINALDI CONDE,#NULO,2176370007,NÃO DIVULGÁVEL,-3,#NE,PARTIDO ISOLADO,14,MISSÃO,PARTIDO MISSÃO,-1,#NULO,#NULO,#NULO,210001800703,PARTIDO ISOLADO,MISSÃO,RS,29/03/1990,96756640400,2,MASCULINO,7,SUPERIOR INCOMPLETO,1,SOLTEIRO(A),1,BRANCA,298,SERVIDOR PÚBLICO MUNICIPAL,4,NÃO ELEITO
05/10/2026,10:14:11,2026,2,ELEIÇÃO ORDINÁRIA,1,6259,Eleições Gerais Estaduais 2026,04/10/2026,ESTADUAL,RS,RS,RIO GRANDE DO SUL,6,DEPUTADO FEDERAL,210002544082,1407,CRISTIANO DORNELLES FERREIRA,CRIS FERREIRA,#NULO,97677426034,NÃO DIVULGÁVEL,-3,#NE,PARTIDO ISOLADO,14,MISSÃO,PARTIDO MISSÃO,-1,#NULO,#NULO,#NULO,210001800703,PARTIDO ISOLADO,MISSÃO,RS,04/11/1980,78703190400,2,MASCULINO,6,ENSINO MÉDIO COMPLETO,1,SOLTEIRO(A),1,BRANCA,999,OUTROS,4,NÃO ELEITO
05/10/2026,10:14:11,2026,2,ELEIÇÃO ORDINÁRIA,1,6259,Eleições Gerais Estaduais 2026,04/10/2026,ESTADUAL,RS,RS,RIO GRANDE DO SUL,6,DEPUTADO FEDERAL,210002544083,1466,GRAZIELE RANCAN,GRAZI RANCAN,#NULO,1094366013,NÃO DIVULGÁVEL,-3,#NE,PARTIDO ISOLADO,14,MISSÃO,PARTIDO MISSÃO,-1,#NULO,#NULO,#NULO,210001800703,PARTIDO ISOLADO,MISSÃO,RS,06/06/1986,92723070418,4,FEMININO,8,SUPERIOR COMPLETO,3,CASADO(A),1,BRANCA,266,PROFESSOR DE ENSINO MÉDIO,4,NÃO ELEITO
05/10/2026,10:14:11,2026,2,ELEIÇÃO ORDINÁRIA,1,6259,Eleições Gerais Estaduais 2026,04/10/2026,ESTADUAL,RS,RS,RIO GRANDE DO SUL,6,DEPUTADO FEDERAL,210002544084,1440,RENATO WEILER RISTOW,RENATO WEILER RISTOW,#NULO,2504027001,NÃO DIVULGÁVEL,-3,#NE,PARTIDO ISOLADO,14,MISSÃO,PARTIDO MISSÃO,-1,#NULO,#NULO,#NULO,210001800703,PARTIDO ISOLADO,MISSÃO,RS,19/04/1990,99402540485,2,MASCULINO,8,SUPERIOR COMPLETO,3,CASADO(A),1,BRANCA,257,EMPRESÁRIO,4,NÃO ELEITO
05/10/2026,10:14:11,2026,2,ELEIÇÃO ORDINÁRIA,1,6259,Eleições Gerais Estaduais 2026,04/10/2026,ESTADUAL,RS,RS,RIO GRANDE DO SUL,6,DEPUTADO FEDERAL,210002544085,1469,SOLANJE NUNES DIAS,SOLANJE NUNES,#NULO,33068895049,NÃO DIVULGÁVEL,-3,#NE,PARTIDO ISOLADO,14,MISSÃO,PARTIDO MISSÃO,-1,#NULO,#NULO,#NULO,210001800703,PARTIDO ISOLADO,MISSÃO,RS,01/06/1969,51566730477,4,FEMININO,4,ENSINO FUNDAMENTAL COMPLETO,5,VIÚVO(A),1,BRANCA,601,AGRICULTOR,4,NÃO ELEITO
05/10/2026,10:14:11,2026,2,ELEIÇÃO ORDINÁRIA,1,6259,Eleições Gerais Estaduais 2026,04/10/2026,ESTADUAL,RS,RS,RIO GRANDE DO SUL,6,DEPUTADO FEDERAL,210002544086,1432,EDUARDO RICCARDI MENEGOL,EDUARDO MENEGOL,#NULO,1297616057,NÃO DIVULGÁVEL,-3,#NE,PARTIDO ISOLADO,14,MISSÃO,PARTIDO MISSÃO,-1,#NULO,#NULO,#NULO,210001800703,PARTIDO ISOLADO,MISSÃO,RS,17/05/2003,125228490400,2,MASCULINO,8,SUPERIOR COMPLETO,1,SOLTEIRO(A),1,BRANCA,931,"ESTUDANTE, BOLSISTA, ESTAGIÁRIO E ASSEMELHADOS",4,NÃO ELEITO
05/10/2026,10:14:11,2026,2,ELEIÇÃO ORDINÁRIA,1,6259,Eleições Gerais Estaduais 2026,04/10/2026,ESTADUAL,RS,RS,RIO GRANDE DO SUL,6,DEPUTADO FEDERAL,210002544087,1499,ALLAN GREGORY ALTMANN AGUIAR,ALLAN AGUIAR,#NULO,80736882049,NÃO DIVULGÁVEL,-3,#NE,PARTIDO ISOLADO,14,MISSÃO,PARTIDO MISSÃO,-1,#NULO,#NULO,#NULO,210001800703,PARTIDO ISOLADO,MISSÃO,RS,10/05/1986,93187070469,2,MASCULINO,6,ENSINO MÉDIO COMPLETO,9,DIVORCIADO(A),1,BRANCA,537,MOTORISTA PARTICULAR,4,NÃO ELEITO
05/10/2026,10:14:11,2026,2,ELEIÇÃO ORDINÁRIA,1,6259,Eleições Gerais Estaduais 2026,04/10/2026,ESTADUAL,RS,RS,RIO GRANDE DO SUL,6,DEPUTADO FEDERAL,210002544088,1433,MICHEL WASSERSTEIN PADÃO,MICHEL PADÃO,#NULO,6262999000,NÃO DIVULGÁVEL,-3,#NE,PARTIDO ISOLADO,14,MISSÃO,PARTIDO MISSÃO,-1,#NULO,#NULO,#NULO,210001800703,PARTIDO ISOLADO,MISSÃO,RS,01/05/2001,120230570477,2,MASCULINO,8,SUPERIOR COMPLETO,1,SOLTEIRO(A),1,BRANCA,394,AUXILIAR DE ESCRITÓRIO E ASSEMELHADOS,4,NÃO ELEITO
05/10/2026,10:14:11,2026,2,ELEIÇÃO ORDINÁRIA,1,6259,Eleições Gerais Estaduais 2026,04/10/2026,ESTADUAL,RS,RS,RIO GRANDE DO SUL,6,DEPUTADO FEDERAL,210002544089,1444,DAIANE FERREIRA OLIVEIRA,DAIANE FERREIRA,#NULO,906067014,NÃO DIVULGÁVEL,-3,#NE,PARTIDO ISOLADO,14,MISSÃO,PARTIDO MISSÃO,-1,#NULO,#NULO,#NULO,210001800703,PARTIDO ISOLADO,MISSÃO,RS,18/12/1989,96173670400,4,FEMININO,6,ENSINO MÉDIO COMPLETO,3,CASADO(A),1,BRANCA,999,OUTROS,4,NÃO ELEITO
05/10/2026,10:14:11,2026,2,ELEIÇÃO ORDINÁRIA,1,6259,Eleições Gerais Estaduais 2026,04/10/2026,ESTADUAL,RS,RS,RIO GRANDE DO SUL,6,DEPUTADO FEDERAL,210002544090,1414,EVANDRO AUGUSTO MACHADO,EVANDRO AUGUSTO,#NULO,93633637087,NÃO DIVULGÁVEL,-3,#NE,PARTIDO ISOLADO,14,MISSÃO,PARTIDO MISSÃO,-1,#NULO,#NULO,#NULO,210001800703,PARTIDO ISOLADO,MISSÃO,RS,06/07/1981,75859530400,2,MASCULINO,8,SUPERIOR COMPLETO,3,CASADO(A),1,BRANCA,296,SERVIDOR PÚBLICO FEDERAL,4,NÃO ELEITO
05/10/2026,10:14:11,2026,2,ELEIÇÃO ORDINÁRIA,1,6259,Eleições Gerais Estaduais 2026,04/10/2026,ESTADUAL,RS,RS,RIO GRANDE DO SUL,6,DEPUTADO FEDERAL,210002544091,1477,MAURICIO LINDOL SCHONARDIE,MAURICIO LINDOL,#NULO,2908676060,NÃO DIVULGÁVEL,-3,#NE,PARTIDO ISOLADO,14,MISSÃO,PARTIDO MISSÃO,-1,#NULO,#NULO,#NULO,210001800703,PARTIDO ISOLADO,MISSÃO,RS,08/11/2002,123880890400,2,MASCULINO,7,SUPERIOR INCOMPLETO,1,SOLTEIRO(A),1,BRANCA,537,MOTORISTA PARTICULAR,4,NÃO ELEITO
05/10/2026,10:14:11,2026,2,ELEIÇÃO ORDINÁRIA,1,6259,Eleições Gerais Estaduais 2026,04/10/2026,ESTADUAL,RS,RS,RIO GRANDE DO SUL,6,DEPUTADO FEDERAL,210002544092,1451,LILIAN VISCARRA MOTTANA,LILIAN MOTTANA,#NULO,865344914,NÃO DIVULGÁVEL,-3,#NE,PARTIDO ISOLADO,14,MISSÃO,PARTIDO MISSÃO,-1,#NULO,#NULO,#NULO,210001800703,PARTIDO ISOLADO,MISSÃO,SP,06/06/1976,33571820914,4,FEMININO,8,SUPERIOR COMPLETO,3,CASADO(A),1,BRANCA,931,"ESTUDANTE, BOLSISTA, ESTAGIÁRIO E ASSEMELHADOS",4,NÃO ELEITO
05/10/2026,10:14:11,2026,2,ELEIÇÃO ORDINÁRIA,1,6259,Eleições Gerais Estaduais 2026,04/10/2026,ESTADUAL,RS,RS,RIO GRANDE DO SUL,6,DEPUTADO FEDERAL,210002544093,1555,CARLOS EDUARDO RANZI,RANZI,#NULO,97623733087,NÃO DIVULGÁVEL,-3,#NE,PARTIDO ISOLADO,15,MDB,MOVIMENTO DEMOCRÁTICO BRASILEIRO,-1,#NULO,#NULO,#NULO,210001800651,PARTIDO ISOLADO,MDB,SC,29/06/1980,72230880469,2,MASCULINO,8,SUPERIOR COMPLETO,3,CASADO(A),1,BRANCA,395,BANCÁRIO E ECONOMIÁRIO,5,SUPLENTE
05/10/2026,10:14:11,2026,2,ELEIÇÃO ORDINÁRIA,1,6259,Eleições Gerais Estaduais 2026,04/10/2026,ESTADUAL,RS,RS,RIO GRANDE DO SUL,6,DEPUTADO FEDERAL,210002544217,7070,PAULO CESAR DA SILVA AGLIARDI,TETÉ CAÇAPAVA,#NULO,1158803052,NÃO DIVULGÁVEL,-3,#NE,PARTIDO ISOLADO,70,AVANTE,AVANTE,-1,#NULO,#NULO,#NULO,210001800752,PARTIDO ISOLADO,AVANTE,RS,18/04/1985,83598240434,2,MASCULINO,7,SUPERIOR INCOMPLETO,1,SOLTEIRO(A),1,BRANCA,257,EMPRESÁRIO,4,NÃO ELEITO
05/10/2026,10:14:11,2026,2,ELEIÇÃO ORDINÁRIA,1,6259,Eleições Gerais Estaduais 2026,04/10/2026,ESTADUAL,RS,RS,RIO GRANDE DO SUL,6,DEPUTADO FEDERAL,210002544218,7015,MELISSA RICCIARDI DOS SANTOS GALERY,DOUTORA MEL BRIZOLA,#NULO,58012397072,NÃO DIVULGÁVEL,-3,#NE,PARTIDO ISOLADO,70,AVANTE,AVANTE,-1,#NULO,#NULO,#NULO,210001800752,PARTIDO ISOLADO,AVANTE,RS,27/02/1974,60877510400,4,FEMININO,8,SUPERIOR COMPLETO,9,DIVORCIADO(A),1,BRANCA,910,SACERDOTE OU MEMBRO DE ORDEM OU SEITA RELIGIOSA,4,NÃO ELEITO
05/10/2026,10:14:11,2026,2,ELEIÇÃO ORDINÁRIA,1,6259,Eleições Gerais Estaduais 2026,04/10/2026,ESTADUAL,RS,RS,RIO GRANDE DO SUL,6,DEPUTADO FEDERAL,210002544219,7077,JUCIANE AFRAUSINO FERREIRA,JUCIANE AFRAUSINO,#NULO,55440410082,NÃO DIVULGÁVEL,-3,#NE,PARTIDO ISOLADO,70,AVANTE,AVANTE,-1,#NULO,#NULO,#NULO,210001800752,PARTIDO ISOLADO,AVANTE,RS,17/04/1972,57440700400,4,FEMININO,7,SUPERIOR INCOMPLETO,1,SOLTEIRO(A),2,PRETA,999,OUTROS,4,NÃO ELEITO
05/10/2026,10:14:11,2026,2,ELEIÇÃO ORDINÁRIA,1,6259,Eleições Gerais Estaduais 2026,04/10/2026,ESTADUAL,RS,RS,RIO GRANDE DO SUL,6,DEPUTADO FEDERAL,210002544220,7012,LUCAS MARQUIORI DA CRUZ,LUCAS CRUZ,#NULO,2778643052,NÃO DIVULGÁVEL,-3,#NE,PARTIDO ISOLADO,70,AVANTE,AVANTE,-1,#NULO,#NULO,#NULO,210001800752,PARTIDO ISOLADO,AVANTE,RS,15/10/1992,108257870485,2,MASCULINO,7,SUPERIOR INCOMPLETO,1,SOLTEIRO(A),1,BRANCA,257,EMPRESÁRIO,4,NÃO ELEITO
05/10/2026,10:14:11,2026,2,ELEIÇÃO ORDINÁRIA,1,6259,Eleições Gerais Estaduais 2026,04/10/2026,ESTADUAL,RS,RS,RIO GRANDE DO SUL,6,DEPUTADO FEDERAL,210002544221,7010,EVERSON ALVES BITENCOURT,EVERSON BITENCOURT,#NULO,69036918049,NÃO DIVULGÁVEL,-3,#NE,PARTIDO ISOLADO,70,AVANTE,AVANTE,-1,#NULO,#NULO,#NULO,210001800752,PARTIDO ISOLADO,AVANTE,RS,05/02/1976,66484930469,2,MASCULINO,6,ENSINO MÉDIO COMPLETO,3,CASADO(A),1,BRANCA,151,"TÉCNICO CONTABILIDADE, ESTATÍSTICA, ECONOMIA DOMÉSTICA E ADMINISTRAÇÃO",4,NÃO ELEITO
05/10/2026,10:14:11,2026,2,ELEIÇÃO ORDINÁRIA,1,6259,Eleições Gerais Estaduais 2026,04/10/2026,ESTADUAL,RS,RS,RIO GRANDE DO SUL,6,DEPUTADO FEDERAL,210002544222,7050,MARIA IVANIA BACKES DE OLIVEIRA,IVANIA BACKES,#NULO,26604337049,NÃO DIVULGÁVEL,-3,#NE,PARTIDO ISOLADO,70,AVANTE,AVANTE,-1,#NULO,#NULO,#NULO,210001800752,PARTIDO ISOLADO,AVANTE,RS,02/05/1959,1898040434,4,FEMININO,8,SUPERIOR COMPLETO,3,CASADO(A),1,BRANCA,185,ESCRITOR E CRÍTICO,-1,#NULO
05/10/2026,10:14:11,2026,2,ELEIÇÃO ORDINÁRIA,1,6259,Eleições Gerais Estaduais 2026,04/10/2026,ESTADUAL,RS,RS,RIO GRANDE DO SUL,6,DEPUTADO FEDERAL,210002544223,7007,LUCIANO FABRICIO DE CASTRO OLIVEIRA,FABRÍCIO DE CASTRO,#NULO,738987085,NÃO DIVULGÁVEL,-3,#NE,PARTIDO ISOLADO,70,AVANTE,AVANTE,-1,#NULO,#NULO,#NULO,210001800752,PARTIDO ISOLADO,AVANTE,RS,25/09/1981,79820550477,2,MASCULINO,6,ENSINO MÉDIO COMPLETO,9,DIVORCIADO(A),3,PARDA,257,EMPRESÁRIO,4,NÃO ELEITO
05/10/2026,10:14:11,2026,2,ELEIÇÃO ORDINÁRIA,1,6259,Eleições Gerais Estaduais 2026,04/10/2026,ESTADUAL,RS,RS,RIO GRANDE DO SUL,6,DEPUTADO FEDERAL,210002544224,7001,SIMONE LINARES ZANON,SIMONE SABIN,#NULO,47129417072,NÃO DIVULGÁVEL,-3,#NE,PARTIDO ISOLADO,70,AVANTE,AVANTE,-1,#NULO,#NULO,#NULO,210001800752,PARTIDO ISOLADO,AVANTE,RS,05/10/1966,29214170434,4,FEMININO,8,SUPERIOR COMPLETO,3,CASADO(A),1,BRANCA,121,ECONOMISTA,4,NÃO ELEITO
05/10/2026,10:14:11,2026,2,ELEIÇÃO ORDINÁRIA,1,6259,Eleições Gerais Estaduais 2026,04/10/2026,ESTADUAL,RS,RS,RIO GRANDE DO SUL,6,DEPUTADO FEDERAL,210002544225,7036,MATEUS BARROS GOMES,MATEUS GOMES,#NULO,81232250082,NÃO DIVULGÁVEL,-3,#NE,PARTIDO ISOLADO,70,AVANTE,AVANTE,-1,#NULO,#NULO,#NULO,210001800752,PARTIDO ISOLADO,AVANTE,RS,28/05/1982,72795330469,2,MASCULINO,7,SUPERIOR INCOMPLETO,1,SOLTEIRO(A),1,BRANCA,257,EMPRESÁRIO,4,NÃO ELEITO
05/10/2026,10:14:11,2026,2,ELEIÇÃO ORDINÁRIA,1,6259,Eleições Gerais Estaduais 2026,04/10/2026,ESTADUAL,RS,RS,RIO GRANDE DO SUL,6,DEPUTADO FEDERAL,210002544226,7099,RODRIGO GOMES,CAPITÃO RODRIGO GOMES,#NULO,1304375064,NÃO DIVULGÁVEL,-3,#NE,PARTIDO ISOLADO,70,AVANTE,AVANTE,-1,#NULO,#NULO,#NULO,210001800752,PARTIDO ISOLADO,AVANTE,RS,19/12/1985,88402750442,2,MASCULINO,6,ENSINO MÉDIO COMPLETO,1,SOLTEIRO(A),1,BRANCA,258,BOMBEIRO MILITAR,4,NÃO ELEITO
05/10/2026,10:14:11,2026,2,ELEIÇÃO ORDINÁRIA,1,6259,Eleições Gerais Estaduais 2026,04/10/2026,ESTADUAL,RS,RS,RIO GRANDE DO SUL,6,DEPUTADO FEDERAL,210002544227,7022,GELSON FERNANDES BRAGA,GELSON BRAGA,#NULO,47996013004,NÃO DIVULGÁVEL,-3,#NE,PARTIDO ISOLADO,70,AVANTE,AVANTE,-1,#NULO,#NULO,#NULO,210001800752,PARTIDO ISOLADO,AVANTE,RS,13/12/1964,18231830477,2,MASCULINO,8,SUPERIOR COMPLETO,3,CASADO(A),1,BRANCA,298,SERVIDOR PÚBLICO MUNICIPAL,4,NÃO ELEITO
05/10/2026,10:14:11,2026,2,ELEIÇÃO ORDINÁRIA,1,6259,Eleições Gerais Estaduais 2026,04/10/2026,ESTADUAL,RS,RS,RIO GRANDE DO SUL,6,DEPUTADO FEDERAL,210002544228,7000,ALINE JUSTO WASKOW,ALINE DOS ANIMAIS,#NULO,80604897049,NÃO DIVULGÁVEL,-3,#NE,PARTIDO ISOLADO,70,AVANTE,AVANTE,-1,#NULO,#NULO,#NULO,210001800752,PARTIDO ISOLADO,AVANTE,RS,28/03/1979,69141690400,4,FEMININO,8,SUPERIOR COMPLETO,9,DIVORCIADO(A),1,BRANCA,124,CONTADOR,4,NÃO ELEITO
05/10/2026,10:14:11,2026,2,ELEIÇÃO ORDINÁRIA,1,6259,Eleições Gerais Estaduais 2026,04/10/2026,ESTADUAL,RS,RS,RIO GRANDE DO SUL,6,DEPUTADO FEDERAL,210002544229,7080,MARCIO ROSIAK,MARCIO POLONÊS,#NULO,97462853000,NÃO DIVULGÁVEL,-3,#NE,PARTIDO ISOLADO,70,AVANTE,AVANTE,-1,#NULO,#NULO,#NULO,210001800752,PARTIDO ISOLADO,AVANTE,RS,08/04/1982,75769210426,2,MASCULINO,8,SUPERIOR COMPLETO,7,SEPARADO(A) JUDICIALMENTE,1,BRANCA,257,EMPRESÁRIO,4,NÃO ELEITO
05/10/2026,10:14:11,2026,2,ELEIÇÃO ORDINÁRIA,1,6259,Eleições Gerais Estaduais 2026,04/10/2026,ESTADUAL,RS,RS,RIO GRANDE DO SUL,6,DEPUTADO FEDERAL,210002544230,7011,RODRIGO MARINI MARONI,RODRIGO MARONI DOS ANIMAIS,#NULO,99305631053,NÃO DIVULGÁVEL,-3,#NE,PARTIDO ISOLADO,70,AVANTE,AVANTE,-1,#NULO,#NULO,#NULO,210001800752,PARTIDO ISOLADO,AVANTE,RS,21/07/1981,76788510426,2,MASCULINO,7,SUPERIOR INCOMPLETO,3,CASADO(A),1,BRANCA,999,OUTROS,-1,#NULO
05/10/2026,10:14:11,2026,2,ELEIÇÃO ORDINÁRIA,1,6259,Eleições Gerais Estaduais 2026,04/10/2026,ESTADUAL,RS,RS,RIO GRANDE DO SUL,6,DEPUTADO FEDERAL,210002544231,7088,FRANZ OSWALD BENTELE NETO,PAI FRANZ,#NULO,6174432033,NÃO DIVULGÁVEL,-3,#NE,PARTIDO ISOLADO,70,AVANTE,AVANTE,-1,#NULO,#NULO,#NULO,210001800752,PARTIDO ISOLADO,AVANTE,RS,02/10/2004,123656930418,2,MASCULINO,5,ENSINO MÉDIO INCOMPLETO,1,SOLTEIRO(A),1,BRANCA,999,OUTROS,4,NÃO ELEITO
05/10/2026,10:14:11,2026,2,ELEIÇÃO ORDINÁRIA,1,6259,Eleições Gerais Estaduais 2026,04/10/2026,ESTADUAL,RS,RS,RIO GRANDE DO SUL,6,DEPUTADO FEDERAL,210002545675,2300,JOSÉ ANTÔNIO JUNIOR FROZZA PALADINI,CATARINA PALADINI,#NULO,253242096,NÃO DIVULGÁVEL,-3,#NE,FEDERAÇÃO,23,CIDADANIA,CIDADANIA,100,FEDERAÇÃO PSDB CIDADANIA,45-PSDB/23-CIDADANIA,45-PSDB/23-CIDADANIA,210001800483,FEDERAÇÃO,FEDERAÇÃO PSDB CIDADANIA (45-PSDB / 23-CIDADANIA),SC,01/12/1982,83268140469,2,MASCULINO,8,SUPERIOR COMPLETO,3,CASADO(A),1,BRANCA,257,EMPRESÁRIO,-1,#NULO
05/10/2026,10:14:11,2026,2,ELEIÇÃO ORDINÁRIA,1,6259,Eleições Gerais Estaduais 2026,04/10/2026,ESTADUAL,RS,RS,RIO GRANDE DO SUL,6,DEPUTADO FEDERAL,210002546703,4507,ARIEL JOEL BRANDÃO DOS SANTOS,MORTADELA,#NULO,83089802015,NÃO DIVULGÁVEL,-3,#NE,FEDERAÇÃO,45,PSDB,PARTIDO DA SOCIAL DEMOCRACIA BRASILEIRA,100,FEDERAÇÃO PSDB CIDADANIA,45-PSDB/23-CIDADANIA,45-PSDB/23-CIDADANIA,210001800483,FEDERAÇÃO,FEDERAÇÃO PSDB CIDADANIA (45-PSDB / 23-CIDADANIA),RS,12/01/1981,84343720493,2,MASCULINO,8,SUPERIOR COMPLETO,3,CASADO(A),1,BRANCA,257,EMPRESÁRIO,4,NÃO ELEITO
05/10/2026,10:14:11,2026,2,ELEIÇÃO ORDINÁRIA,1,6259,Eleições Gerais Estaduais 2026,04/10/2026,ESTADUAL,RS,RS,RIO GRANDE DO SUL,6,DEPUTADO FEDERAL,210002549647,7008,ROSELAINE CLAIR DA SILVA,PRETA,#NULO,231917082,NÃO DIVULGÁVEL,-3,#NE,PARTIDO ISOLADO,70,AVANTE,AVANTE,-1,#NULO,#NULO,#NULO,210001800752,PARTIDO ISOLADO,AVANTE,RS,08/06/1980,79679170400,4,FEMININO,4,ENSINO FUNDAMENTAL COMPLETO,1,SOLTEIRO(A),3,PARDA,999,OUTROS,4,NÃO ELEITO
05/10/2026,10:14:11,2026,2,ELEIÇÃO ORDINÁRIA,1,6259,Eleições Gerais Estaduais 2026,04/10/2026,ESTADUAL,RS,RS,RIO GRANDE DO SUL,6,DEPUTADO FEDERAL,210002549648,7021,ROSELANE DA COSTA MACHADO,ROSELANE DO CINTURÃO AZUL,#NULO,50922050082,NÃO DIVULGÁVEL,-3,#NE,PARTIDO ISOLADO,70,AVANTE,AVANTE,-1,#NULO,#NULO,#NULO,210001800752,PARTIDO ISOLADO,AVANTE,RS,25/04/1965,28834720400,4,FEMININO,5,ENSINO MÉDIO INCOMPLETO,5,VIÚVO(A),3,PARDA,243,TÉCNICO DE ENFERMAGEM E ASSEMELHADOS (EXCETO ENFERMEIRO),4,NÃO ELEITO
05/10/2026,10:14:11,2026,2,ELEIÇÃO ORDINÁRIA,1,6259,Eleições Gerais Estaduais 2026,04/10/2026,ESTADUAL,RS,RS,RIO GRANDE DO SUL,6,DEPUTADO FEDERAL,210002549649,7029,MARTA DINA VIEIRA ALVAREZ DA ROCHA,MARTA ROCHA,#NULO,601710061,NÃO DIVULGÁVEL,-3,#NE,PARTIDO ISOLADO,70,AVANTE,AVANTE,-1,#NULO,#NULO,#NULO,210001800752,PARTIDO ISOLADO,AVANTE,RS,18/10/1978,70704520400,4,FEMININO,6,ENSINO MÉDIO COMPLETO,3,CASADO(A),1,BRANCA,243,TÉCNICO DE ENFERMAGEM E ASSEMELHADOS (EXCETO ENFERMEIRO),4,NÃO ELEITO
05/10/2026,10:14:11,2026,2,ELEIÇÃO ORDINÁRIA,1,6259,Eleições Gerais Estaduais 2026,04/10/2026,ESTADUAL,RS,RS,RIO GRANDE DO SUL,6,DEPUTADO FEDERAL,210002549650,7065,SIMONI DA FONSECA SOARES MANDURÉ,DRA. SIMONI,#NULO,44579748034,NÃO DIVULGÁVEL,-3,#NE,PARTIDO ISOLADO,70,AVANTE,AVANTE,-1,#NULO,#NULO,#NULO,210001800752,PARTIDO ISOLADO,AVANTE,RS,22/07/1965,26655260485,4,FEMININO,8,SUPERIOR COMPLETO,3,CASADO(A),1,BRANCA,131,ADVOGADO,-1,#NULO
05/10/2026,10:14:11,2026,2,ELEIÇÃO ORDINÁRIA,1,6259,Eleições Gerais Estaduais 2026,04/10/2026,ESTADUAL,RS,RS,RIO GRANDE DO SUL,6,DEPUTADO FEDERAL,210002549651,7002,JAIR FONSECA KEPPS,JAIR KEPPS,#NULO,90589076000,NÃO DIVULGÁVEL,-3,#NE,PARTIDO ISOLADO,70,AVANTE,AVANTE,-1,#NULO,#NULO,#NULO,210001800752,PARTIDO ISOLADO,AVANTE,RS,15/11/1977,66640120418,2,MASCULINO,6,ENSINO MÉDIO COMPLETO,3,CASADO(A),1,BRANCA,245,"TÉCNICO DE MINERAÇÃO, METALURGIA E GEOLOGIA",-1,#NULO
05/10/2026,10:14:11,2026,2,ELEIÇÃO ORDINÁRIA,1,6259,Eleições Gerais Estaduais 2026,04/10/2026,ESTADUAL,RS,RS,RIO GRANDE DO SUL,6,DEPUTADO FEDERAL,210002549652,7056,CLAUDIO COSTA DA SILVA,CLAUDIO COSTA,#NULO,65151968068,NÃO DIVULGÁVEL,-3,#NE,PARTIDO ISOLADO,70,AVANTE,AVANTE,-1,#NULO,#NULO,#NULO,210001800752,PARTIDO ISOLADO,AVANTE,RS,07/11/1971,56936880450,2,MASCULINO,6,ENSINO MÉDIO COMPLETO,1,SOLTEIRO(A),1,BRANCA,125,ADMINISTRADOR,-1,#NULO
05/10/2026,10:14:11,2026,2,ELEIÇÃO ORDINÁRIA,1,6259,Eleições Gerais Estaduais 2026,04/10/2026,ESTADUAL,RS,RS,RIO GRANDE DO SUL,6,DEPUTADO FEDERAL,210002550099,2323,MONICA OLIVEIRA TAVARES,MONICA TAVARES,#NULO,69760799049,NÃO DIVULGÁVEL,-3,#NE,FEDERAÇÃO,23,CIDADANIA,CIDADANIA,100,FEDERAÇÃO PSDB CIDADANIA,45-PSDB/23-CIDADANIA,45-PSDB/23-CIDADANIA,210001800483,FEDERAÇÃO,FEDERAÇÃO PSDB CIDADANIA (45-PSDB / 23-CIDADANIA),RS,08/12/1972,57599900442,4,FEMININO,8,SUPERIOR COMPLETO,3,CASADO(A),1,BRANCA,114,FISIOTERAPEUTA E TERAPEUTA OCUPACIONAL,-1,#NULO
05/10/2026,10:14:11,2026,2,ELEIÇÃO ORDINÁRIA,1,6259,Eleições Gerais Estaduais 2026,04/10/2026,ESTADUAL,RS,RS,RIO GRANDE DO SUL,6,DEPUTADO FEDERAL,210002550527,3599,ELIANE DA SILVA MARIANO,ELIANE AQUARIUS,#NULO,25906292810,NÃO DIVULGÁVEL,-3,#NE,PARTIDO ISOLADO,35,DEMOCRATA,DEMOCRATA,-1,#NULO,#NULO,#NULO,210001801060,PARTIDO ISOLADO,DEMOCRATA,BA,30/01/1977,77876580507,4,FEMININO,8,SUPERIOR COMPLETO,3,CASADO(A),3,PARDA,237,REPRESENTANTE COMERCIAL,4,NÃO ELEITO
05/10/2026,10:14:11,2026,2,ELEIÇÃO ORDINÁRIA,1,6259,Eleições Gerais Estaduais 2026,04/10/2026,ESTADUAL,RS,RS,RIO GRANDE DO SUL,6,DEPUTADO FEDERAL,210002550528,3551,DANIEL ELIAS DE SOUZA JUNIOR,DANIEL BOSS,#NULO,57934525087,NÃO DIVULGÁVEL,-3,#NE,PARTIDO ISOLADO,35,DEMOCRATA,DEMOCRATA,-1,#NULO,#NULO,#NULO,210001801060,PARTIDO ISOLADO,DEMOCRATA,RS,15/05/1969,52979910418,2,MASCULINO,6,ENSINO MÉDIO COMPLETO,1,SOLTEIRO(A),2,PRETA,403,"CORRETOR DE IMÓVEIS, SEGUROS, TÍTULOS E VALORES",4,NÃO ELEITO
05/10/2026,10:14:11,2026,2,ELEIÇÃO ORDINÁRIA,1,6259,Eleições Gerais Estaduais 2026,04/10/2026,ESTADUAL,RS,RS,RIO GRANDE DO SUL,6,DEPUTADO FEDERAL,210002550529,3553,IBER AUGUSTO LESINA GIORDANO,GIORDANO,#NULO,61518115004,NÃO DIVULGÁVEL,-3,#NE,PARTIDO ISOLADO,35,DEMOCRATA,DEMOCRATA,-1,#NULO,#NULO,#NULO,210001801060,PARTIDO ISOLADO,DEMOCRATA,RS,10/11/1970,62618750400,2,MASCULINO,8,SUPERIOR COMPLETO,3,CASADO(A),1,BRANCA,233,POLICIAL MILITAR,4,NÃO ELEITO
05/10/2026,10:14:11,2026,2,ELEIÇÃO ORDINÁRIA,1,6259,Eleições Gerais Estaduais 2026,04/10/2026,ESTADUAL,RS,RS,RIO GRANDE DO SUL,6,DEPUTADO FEDERAL,210002550530,3545,PATRICIA RIBEIRO DA SILVA,PATRICIA PEGORARO,#NULO,474052010,NÃO DIVULGÁVEL,-3,#NE,PARTIDO ISOLADO,35,DEMOCRATA,DEMOCRATA,-1,#NULO,#NULO,#NULO,210001801060,PARTIDO ISOLADO,DEMOCRATA,RS,07/08/1979,83517100434,4,FEMININO,3,ENSINO FUNDAMENTAL INCOMPLETO,1,SOLTEIRO(A),1,BRANCA,581,DONA DE CASA,4,NÃO ELEITO
05/10/2026,10:14:11,2026,2,ELEIÇÃO ORDINÁRIA,1,6259,Eleições Gerais Estaduais 2026,04/10/2026,ESTADUAL,RS,RS,RIO GRANDE DO SUL,6,DEPUTADO FEDERAL,210002550531,3567,CARLOS ALBERTO HAMPEL,TENENTE HAMPEL,#NULO,47464518004,NÃO DIVULGÁVEL,-3,#NE,PARTIDO ISOLADO,35,DEMOCRATA,DEMOCRATA,-1,#NULO,#NULO,#NULO,210001801060,PARTIDO ISOLADO,DEMOCRATA,RS,20/08/1967,51453220434,2,MASCULINO,8,SUPERIOR COMPLETO,3,CASADO(A),1,BRANCA,233,POLICIAL MILITAR,4,NÃO ELEITO
05/10/2026,10:14:11,2026,2,ELEIÇÃO ORDINÁRIA,1,6259,Eleições Gerais Estaduais 2026,04/10/2026,ESTADUAL,RS,RS,RIO GRANDE DO SUL,6,DEPUTADO FEDERAL,210002550532,3518,RAMON LADVIG RODRIGUES,RAMON LADVIG,#NULO,1309592004,NÃO DIVULGÁVEL,-3,#NE,PARTIDO ISOLADO,35,DEMOCRATA,DEMOCRATA,-1,#NULO,#NULO,#NULO,210001801060,PARTIDO ISOLADO,DEMOCRATA,RS,14/11/1988,96187260434,2,MASCULINO,6,ENSINO MÉDIO COMPLETO,1,SOLTEIRO(A),1,BRANCA,999,OUTROS,4,NÃO ELEITO
05/10/2026,10:14:11,2026,2,ELEIÇÃO ORDINÁRIA,1,6259,Eleições Gerais Estaduais 2026,04/10/2026,ESTADUAL,RS,RS,RIO GRANDE DO SUL,6,DEPUTADO FEDERAL,210002550533,3555,CLAUDIOMIRO GOROSTIDY MENNA BARRETO,CLAUDIOMIRO,#NULO,55746594091,NÃO DIVULGÁVEL,-3,#NE,PARTIDO ISOLADO,35,DEMOCRATA,DEMOCRATA,-1,#NULO,#NULO,#NULO,210001801060,PARTIDO ISOLADO,DEMOCRATA,RS,12/12/1969,54641260485,2,MASCULINO,5,ENSINO MÉDIO INCOMPLETO,3,CASADO(A),1,BRANCA,999,OUTROS,4,NÃO ELEITO
05/10/2026,10:14:11,2026,2,ELEIÇÃO ORDINÁRIA,1,6259,Eleições Gerais Estaduais 2026,04/10/2026,ESTADUAL,RS,RS,RIO GRANDE DO SUL,6,DEPUTADO FEDERAL,210002550534,3510,ANDRE FERNANDO CASSEL MINHO,ANDRE MINHO,#NULO,37537202087,NÃO DIVULGÁVEL,-3,#NE,PARTIDO ISOLADO,35,DEMOCRATA,DEMOCRATA,-1,#NULO,#NULO,#NULO,210001801060,PARTIDO ISOLADO,DEMOCRATA,RS,05/10/1965,21742600400,2,MASCULINO,7,SUPERIOR INCOMPLETO,9,DIVORCIADO(A),1,BRANCA,999,OUTROS,4,NÃO ELEITO
05/10/2026,10:14:11,2026,2,ELEIÇÃO ORDINÁRIA,1,6259,Eleições Gerais Estaduais 2026,04/10/2026,ESTADUAL,RS,RS,RIO GRANDE DO SUL,6,DEPUTADO FEDERAL,210002550535,3502,LUCIANA GOULART SASSI,LUCIANA SASSI,#NULO,57096287000,NÃO DIVULGÁVEL,-3,#NE,PARTIDO ISOLADO,35,DEMOCRATA,DEMOCRATA,-1,#NULO,#NULO,#NULO,210001801060,PARTIDO ISOLADO,DEMOCRATA,RS,14/12/1969,52361770426,4,FEMININO,6,ENSINO MÉDIO COMPLETO,1,SOLTEIRO(A),1,BRANCA,999,OUTROS,4,NÃO ELEITO
05/10/2026,10:14:11,2026,2,ELEIÇÃO ORDINÁRIA,1,6259,Eleições Gerais Estaduais 2026,04/10/2026,ESTADUAL,RS,RS,RIO GRANDE DO SUL,6,DEPUTADO FEDERAL,210002550536,3536,MARCIA REGINA WINTER,MARCIA WINTER,#NULO,50327445068,NÃO DIVULGÁVEL,-3,#NE,PARTIDO ISOLADO,35,DEMOCRATA,DEMOCRATA,-1,#NULO,#NULO,#NULO,210001801060,PARTIDO ISOLADO,DEMOCRATA,RS,06/05/1963,43694220450,4,FEMININO,8,SUPERIOR COMPLETO,9,DIVORCIADO(A),1,BRANCA,113,ENFERMEIRO,4,NÃO ELEITO
05/10/2026,10:14:11,2026,2,ELEIÇÃO ORDINÁRIA,1,6259,Eleições Gerais Estaduais 2026,04/10/2026,ESTADUAL,RS,RS,RIO GRANDE DO SUL,6,DEPUTADO FEDERAL,210002550537,3522,ROBSON RODRIGUES MALLMANN,ROBSON MALLMANN,#NULO,81383711020,NÃO DIVULGÁVEL,-3,#NE,PARTIDO ISOLADO,35,DEMOCRATA,DEMOCRATA,-1,#NULO,#NULO,#NULO,210001801060,PARTIDO ISOLADO,DEMOCRATA,RS,09/10/1982,83537840485,2,MASCULINO,8,SUPERIOR COMPLETO,3,CASADO(A),1,BRANCA,169,COMERCIANTE,4,NÃO ELEITO
05/10/2026,10:14:11,2026,2,ELEIÇÃO ORDINÁRIA,1,6259,Eleições Gerais Estaduais 2026,04/10/2026,ESTADUAL,RS,RS,RIO GRANDE DO SUL,6,DEPUTADO FEDERAL,210002550538,3533,THIAGO WAECHTLER DE ABREU ALVES,THIAGO ALVES,#NULO,3558920066,NÃO DIVULGÁVEL,-3,#NE,PARTIDO ISOLADO,35,DEMOCRATA,DEMOCRATA,-1,#NULO,#NULO,#NULO,210001801060,PARTIDO ISOLADO,DEMOCRATA,RS,12/11/1994,111719250493,2,MASCULINO,6,ENSINO MÉDIO COMPLETO,1,SOLTEIRO(A),3,PARDA,999,OUTROS,4,NÃO ELEITO
05/10/2026,10:14:11,2026,2,ELEIÇÃO ORDINÁRIA,1,6259,Eleições Gerais Estaduais 2026,04/10/2026,ESTADUAL,RS,RS,RIO GRANDE DO SUL,6,DEPUTADO FEDERAL,210002550539,3535,JOSE MARIO JUNIOR NETO FARIAS SILVA,JUNIOR NETO,#NULO,2766416048,NÃO DIVULGÁVEL,-3,#NE,PARTIDO ISOLADO,35,DEMOCRATA,DEMOCRATA,-1,#NULO,#NULO,#NULO,210001801060,PARTIDO ISOLADO,DEMOCRATA,RS,04/01/1991,104109640450,2,MASCULINO,5,ENSINO MÉDIO INCOMPLETO,1,SOLTEIRO(A),2,PRETA,999,OUTROS,4,NÃO ELEITO
05/10/2026,10:14:11,2026,2,ELEIÇÃO ORDINÁRIA,1,6259,Eleições Gerais Estaduais 2026,04/10/2026,ESTADUAL,RS,RS,RIO GRANDE DO SUL,6,DEPUTADO FEDERAL,210002550562,2717,ANTONIA MÔNICA CARNEIRO DINIZ,MÔNICA DINIZ,#NULO,2143529198,NÃO DIVULGÁVEL,-3,#NE,PARTIDO ISOLADO,27,DC,DEMOCRACIA CRISTÃ,-1,#NULO,#NULO,#NULO,210001801065,PARTIDO ISOLADO,DC,MA,10/11/1986,38356712763,4,FEMININO,8,SUPERIOR COMPLETO,9,DIVORCIADO(A),1,BRANCA,125,ADMINISTRADOR,4,NÃO ELEITO
05/10/2026,10:14:11,2026,2,ELEIÇÃO ORDINÁRIA,1,6259,Eleições Gerais Estaduais 2026,04/10/2026,ESTADUAL,RS,RS,RIO GRANDE DO SUL,6,DEPUTADO FEDERAL,210002550563,2790,ANA PATRICIA RODRIGUES DE MACEDO,ANA PATRICIA SUD,#NULO,1453267050,NÃO DIVULGÁVEL,-3,#NE,PARTIDO ISOLADO,27,DC,DEMOCRACIA CRISTÃ,-1,#NULO,#NULO,#NULO,210001801065,PARTIDO ISOLADO,DC,PE,02/08/1986,92561310442,4,FEMININO,6,ENSINO MÉDIO COMPLETO,1,SOLTEIRO(A),3,PARDA,999,OUTROS,4,NÃO ELEITO
05/10/2026,10:14:11,2026,2,ELEIÇÃO ORDINÁRIA,1,6259,Eleições Gerais Estaduais 2026,04/10/2026,ESTADUAL,RS,RS,RIO GRANDE DO SUL,6,DEPUTADO FEDERAL,210002550564,2710,RODRIGO DE MOURA,MANTAS IJUI,#NULO,94843317004,NÃO DIVULGÁVEL,-3,#NE,PARTIDO ISOLADO,27,DC,DEMOCRACIA CRISTÃ,-1,#NULO,#NULO,#NULO,210001801065,PARTIDO ISOLADO,DC,RS,23/01/1979,68396970400,2,MASCULINO,3,ENSINO FUNDAMENTAL INCOMPLETO,9,DIVORCIADO(A),1,BRANCA,703,ELETRICISTA E ASSEMELHADOS,4,NÃO ELEITO
05/10/2026,10:14:11,2026,2,ELEIÇÃO ORDINÁRIA,1,6259,Eleições Gerais Estaduais 2026,04/10/2026,ESTADUAL,RS,RS,RIO GRANDE DO SUL,6,DEPUTADO FEDERAL,210002550565,2721,VITÓRIA DA COSTA LEITE,VITÓRIA LEITE,#NULO,4703542080,NÃO DIVULGÁVEL,-3,#NE,PARTIDO ISOLADO,27,DC,DEMOCRACIA CRISTÃ,-1,#NULO,#NULO,#NULO,210001801065,PARTIDO ISOLADO,DC,RS,26/11/1999,121315400418,4,FEMININO,7,SUPERIOR INCOMPLETO,1,SOLTEIRO(A),2,PRETA,503,FAXINEIRO,4,NÃO ELEITO
05/10/2026,10:14:11,2026,2,ELEIÇÃO ORDINÁRIA,1,6259,Eleições Gerais Estaduais 2026,04/10/2026,ESTADUAL,RS,RS,RIO GRANDE DO SUL,6,DEPUTADO FEDERAL,210002550566,2766,ARGEU DA SILVA AVILA,AVILAKING,#NULO,35961716015,NÃO DIVULGÁVEL,-3,#NE,PARTIDO ISOLADO,27,DC,DEMOCRACIA CRISTÃ,-1,#NULO,#NULO,#NULO,210001801065,PARTIDO ISOLADO,DC,RS,14/11/1961,38561320485,2,MASCULINO,8,SUPERIOR COMPLETO,3,CASADO(A),1,BRANCA,159,CIENTISTA POLÍTICO,4,NÃO ELEITO
05/10/2026,10:14:11,2026,2,ELEIÇÃO ORDINÁRIA,1,6259,Eleições Gerais Estaduais 2026,04/10/2026,ESTADUAL,RS,RS,RIO GRANDE DO SUL,6,DEPUTADO FEDERAL,210002550567,2789,ALDEMIR FOGAÇA ANTUNES,FOGAÇA,#NULO,28509803072,NÃO DIVULGÁVEL,-3,#NE,PARTIDO ISOLADO,27,DC,DEMOCRACIA CRISTÃ,-1,#NULO,#NULO,#NULO,210001801065,PARTIDO ISOLADO,DC,RS,09/03/1961,34529020400,2,MASCULINO,8,SUPERIOR COMPLETO,3,CASADO(A),1,BRANCA,125,ADMINISTRADOR,4,NÃO ELEITO
05/10/2026,10:14:11,2026,2,ELEIÇÃO ORDINÁRIA,1,6259,Eleições Gerais Estaduais 2026,04/10/2026,ESTADUAL,RS,RS,RIO GRANDE DO SUL,6,DEPUTADO FEDERAL,210002550568,2772,ROGERIO PIZZATTO,PIZZATTO FEDERAL,#NULO,53244141072,NÃO DIVULGÁVEL,-3,#NE,PARTIDO ISOLADO,27,DC,DEMOCRACIA CRISTÃ,-1,#NULO,#NULO,#NULO,210001801065,PARTIDO ISOLADO,DC,RS,05/02/1974,58973500485,2,MASCULINO,6,ENSINO MÉDIO COMPLETO,3,CASADO(A),1,BRANCA,151,"TÉCNICO CONTABILIDADE, ESTATÍSTICA, ECONOMIA DOMÉSTICA E ADMINISTRAÇÃO",4,NÃO ELEITO
05/10/2026,10:14:11,2026,2,ELEIÇÃO ORDINÁRIA,1,6259,Eleições Gerais Estaduais 2026,04/10/2026,ESTADUAL,RS,RS,RIO GRANDE DO SUL,6,DEPUTADO FEDERAL,210002550569,2739,VERA REGINA SANCHES,VERA KLEIN,#NULO,76392368000,NÃO DIVULGÁVEL,-3,#NE,PARTIDO ISOLADO,27,DC,DEMOCRACIA CRISTÃ,-1,#NULO,#NULO,#NULO,210001801065,PARTIDO ISOLADO,DC,RS,14/03/1961,4791620426,4,FEMININO,6,ENSINO MÉDIO COMPLETO,3,CASADO(A),1,BRANCA,257,EMPRESÁRIO,4,NÃO ELEITO
05/10/2026,10:14:11,2026,2,ELEIÇÃO ORDINÁRIA,1,6259,Eleições Gerais Estaduais 2026,04/10/2026,ESTADUAL,RS,RS,RIO GRANDE DO SUL,6,DEPUTADO FEDERAL,210002550570,2727,JOSÉ PAULO BENEMANN,JOSE BENEMANN,#NULO,25127292068,NÃO DIVULGÁVEL,-3,#NE,PARTIDO ISOLADO,27,DC,DEMOCRACIA CRISTÃ,-1,#NULO,#NULO,#NULO,210001801065,PARTIDO ISOLADO,DC,RS,04/06/1957,318320493,2,MASCULINO,5,ENSINO MÉDIO INCOMPLETO,3,CASADO(A),1,BRANCA,169,COMERCIANTE,4,NÃO ELEITO
05/10/2026,10:14:11,2026,2,ELEIÇÃO ORDINÁRIA,1,6259,Eleições Gerais Estaduais 2026,04/10/2026,ESTADUAL,RS,RS,RIO GRANDE DO SUL,6,DEPUTADO FEDERAL,210002550571,2788,CRISTOFER DALGAIS DA CUNHA,FRATER FRANCISCO,#NULO,126767050,NÃO DIVULGÁVEL,-3,#NE,PARTIDO ISOLADO,27,DC,DEMOCRACIA CRISTÃ,-1,#NULO,#NULO,#NULO,210001801065,PARTIDO ISOLADO,DC,RS,13/09/1981,77337950469,2,MASCULINO,8,SUPERIOR COMPLETO,1,SOLTEIRO(A),1,BRANCA,910,SACERDOTE OU MEMBRO DE ORDEM OU SEITA RELIGIOSA,4,NÃO ELEITO
05/10/2026,10:14:11,2026,2,ELEIÇÃO ORDINÁRIA,1,6259,Eleições Gerais Estaduais 2026,04/10/2026,ESTADUAL,RS,RS,RIO GRANDE DO SUL,6,DEPUTADO FEDERAL,210002550572,2703,ROGERIO DA SILVA NUNES,ROGÉRINHO DA INFRA,#NULO,47725850015,NÃO DIVULGÁVEL,-3,#NE,PARTIDO ISOLADO,27,DC,DEMOCRACIA CRISTÃ,-1,#NULO,#NULO,#NULO,210001801065,PARTIDO ISOLADO,DC,RS,28/08/1964,32791770418,2,MASCULINO,6,ENSINO MÉDIO COMPLETO,3,CASADO(A),1,BRANCA,532,MOTORISTA DE VEÍCULOS DE TRANSPORTE DE CARGA,4,NÃO ELEITO
05/10/2026,10:14:11,2026,2,ELEIÇÃO ORDINÁRIA,1,6259,Eleições Gerais Estaduais 2026,04/10/2026,ESTADUAL,RS,RS,RIO GRANDE DO SUL,6,DEPUTADO FEDERAL,210002550573,2728,CLAUDIO JOSE MERLO ESPERON,DR. ESPERON,#NULO,47194340020,NÃO DIVULGÁVEL,-3,#NE,PARTIDO ISOLADO,27,DC,DEMOCRACIA CRISTÃ,-1,#NULO,#NULO,#NULO,210001801065,PARTIDO ISOLADO,DC,RS,16/01/1966,9939610400,2,MASCULINO,8,SUPERIOR COMPLETO,9,DIVORCIADO(A),1,BRANCA,111,MÉDICO,4,NÃO ELEITO
05/10/2026,10:14:11,2026,2,ELEIÇÃO ORDINÁRIA,1,6259,Eleições Gerais Estaduais 2026,04/10/2026,ESTADUAL,RS,RS,RIO GRANDE DO SUL,6,DEPUTADO FEDERAL,210002550574,2709,GILBERTO ALMEIDA DE OLIVEIRA,BETTO ALMEIDA,#NULO,70754098087,NÃO DIVULGÁVEL,-3,#NE,PARTIDO ISOLADO,27,DC,DEMOCRACIA CRISTÃ,-1,#NULO,#NULO,#NULO,210001801065,PARTIDO ISOLADO,DC,RS,14/09/1973,55677010400,2,MASCULINO,6,ENSINO MÉDIO COMPLETO,3,CASADO(A),1,BRANCA,215,ARTISTA PLÁSTICO E ASSEMELHADOS,4,NÃO ELEITO
05/10/2026,10:14:11,2026,2,ELEIÇÃO ORDINÁRIA,1,6259,Eleições Gerais Estaduais 2026,04/10/2026,ESTADUAL,RS,RS,RIO GRANDE DO SUL,6,DEPUTADO FEDERAL,210002550575,2707,CARLOS RENATO SOUZA SEVERO,CARLOS RENATO SEVERO,#NULO,60234920025,NÃO DIVULGÁVEL,-3,#NE,PARTIDO ISOLADO,27,DC,DEMOCRACIA CRISTÃ,-1,#NULO,#NULO,#NULO,210001801065,PARTIDO ISOLADO,DC,RS,27/03/1966,4120900469,2,MASCULINO,6,ENSINO MÉDIO COMPLETO,3,CASADO(A),1,BRANCA,999,OUTROS,4,NÃO ELEITO
05/10/2026,10:14:11,2026,2,ELEIÇÃO ORDINÁRIA,1,6259,Eleições Gerais Estaduais 2026,04/10/2026,ESTADUAL,RS,RS,RIO GRANDE DO SUL,6,DEPUTADO FEDERAL,210002550576,2711,ROSELAINE CAMERA DE MELLO,ROSELAINE MELLO,#NULO,19255047,NÃO DIVULGÁVEL,-3,#NE,PARTIDO ISOLADO,27,DC,DEMOCRACIA CRISTÃ,-1,#NULO,#NULO,#NULO,210001801065,PARTIDO ISOLADO,DC,RS,13/07/1981,73357310469,4,FEMININO,5,ENSINO MÉDIO INCOMPLETO,9,DIVORCIADO(A),1,BRANCA,581,DONA DE CASA,4,NÃO ELEITO
05/10/2026,10:14:11,2026,2,ELEIÇÃO ORDINÁRIA,1,6259,Eleições Gerais Estaduais 2026,04/10/2026,ESTADUAL,RS,RS,RIO GRANDE DO SUL,6,DEPUTADO FEDERAL,210002550577,2777,JOSÉ ALEX GIRU FAGUNDES,JOSE ALEX FAGUNDES,#NULO,48071331015,NÃO DIVULGÁVEL,-3,#NE,PARTIDO ISOLADO,27,DC,DEMOCRACIA CRISTÃ,-1,#NULO,#NULO,#NULO,210001801065,PARTIDO ISOLADO,DC,RS,30/03/1970,52285000469,2,MASCULINO,8,SUPERIOR COMPLETO,3,CASADO(A),1,BRANCA,131,ADVOGADO,4,NÃO ELEITO
05/10/2026,10:14:11,2026,2,ELEIÇÃO ORDINÁRIA,1,6259,Eleições Gerais Estaduais 2026,04/10/2026,ESTADUAL,RS,RS,RIO GRANDE DO SUL,6,DEPUTADO FEDERAL,210002550578,2722,HENRIQUE WEBSTER,HENRIQUE WEBSTER,#NULO,41210948087,NÃO DIVULGÁVEL,-3,#NE,PARTIDO ISOLADO,27,DC,DEMOCRACIA CRISTÃ,-1,#NULO,#NULO,#NULO,210001801065,PARTIDO ISOLADO,DC,RS,16/06/1964,39804670442,2,MASCULINO,6,ENSINO MÉDIO COMPLETO,3,CASADO(A),1,BRANCA,257,EMPRESÁRIO,4,NÃO ELEITO
05/10/2026,10:14:11,2026,2,ELEIÇÃO ORDINÁRIA,1,6259,Eleições Gerais Estaduais 2026,04/10/2026,ESTADUAL,RS,RS,RIO GRANDE DO SUL,6,DEPUTADO FEDERAL,210002550579,2723,LUIZ FERNANDO DA SILVA PINHEIRO,LUIZ PINHEIRO,#NULO,20587120053,NÃO DIVULGÁVEL,-3,#NE,PARTIDO ISOLADO,27,DC,DEMOCRACIA CRISTÃ,-1,#NULO,#NULO,#NULO,210001801065,PARTIDO ISOLADO,DC,RS,22/08/1957,3143590477,2,MASCULINO,4,ENSINO FUNDAMENTAL COMPLETO,3,CASADO(A),1,BRANCA,923,APOSENTADO (EXCETO SERVIDOR PÚBLICO),4,NÃO ELEITO
05/10/2026,10:14:11,2026,2,ELEIÇÃO ORDINÁRIA,1,6259,Eleições Gerais Estaduais 2026,04/10/2026,ESTADUAL,RS,RS,RIO GRANDE DO SUL,6,DEPUTADO FEDERAL,210002550580,2730,ROZELIO CAMARGO DOS SANTOS JUNIOR,ROZELIO CAMARGO,#NULO,2272986080,NÃO DIVULGÁVEL,-3,#NE,PARTIDO ISOLADO,27,DC,DEMOCRACIA CRISTÃ,-1,#NULO,#NULO,#NULO,210001801065,PARTIDO ISOLADO,DC,RS,18/05/1990,100105540485,2,MASCULINO,7,SUPERIOR INCOMPLETO,3,CASADO(A),1,BRANCA,298,SERVIDOR PÚBLICO MUNICIPAL,4,NÃO ELEITO
05/10/2026,10:14:11,2026,2,ELEIÇÃO ORDINÁRIA,1,6259,Eleições Gerais Estaduais 2026,04/10/2026,ESTADUAL,RS,RS,RIO GRANDE DO SUL,6,DEPUTADO FEDERAL,210002550581,2799,MARLENE DE SOUZA TAMAGNO,MARLENE TAMAGNO,#NULO,43582850072,NÃO DIVULGÁVEL,-3,#NE,PARTIDO ISOLADO,27,DC,DEMOCRACIA CRISTÃ,-1,#NULO,#NULO,#NULO,210001801065,PARTIDO ISOLADO,DC,SC,12/10/1961,7798240450,4,FEMININO,4,ENSINO FUNDAMENTAL COMPLETO,3,CASADO(A),1,BRANCA,923,APOSENTADO (EXCETO SERVIDOR PÚBLICO),4,NÃO ELEITO
05/10/2026,10:14:11,2026,2,ELEIÇÃO ORDINÁRIA,1,6259,Eleições Gerais Estaduais 2026,04/10/2026,ESTADUAL,RS,RS,RIO GRANDE DO SUL,6,DEPUTADO FEDERAL,210002550582,2715,DILSO MILLER,MILLER,#NULO,51654741000,NÃO DIVULGÁVEL,-3,#NE,PARTIDO ISOLADO,27,DC,DEMOCRACIA CRISTÃ,-1,#NULO,#NULO,#NULO,210001801065,PARTIDO ISOLADO,DC,SC,09/10/1968,51041510400,2,MASCULINO,6,ENSINO MÉDIO COMPLETO,9,DIVORCIADO(A),1,BRANCA,169,COMERCIANTE,4,NÃO ELEITO
05/10/2026,10:14:11,2026,2,ELEIÇÃO ORDINÁRIA,1,6259,Eleições Gerais Estaduais 2026,04/10/2026,ESTADUAL,RS,RS,RIO GRANDE DO SUL,6,DEPUTADO FEDERAL,210002550583,2700,VANDO MANOEL ROCHA,VANDO ROCHA,#NULO,47196416015,NÃO DIVULGÁVEL,-3,#NE,PARTIDO ISOLADO,27,DC,DEMOCRACIA CRISTÃ,-1,#NULO,#NULO,#NULO,210001801065,PARTIDO ISOLADO,DC,SC,25/07/1966,36917140418,2,MASCULINO,6,ENSINO MÉDIO COMPLETO,9,DIVORCIADO(A),1,BRANCA,128,ASTRÔNOMO,4,NÃO ELEITO
05/10/2026,10:14:11,2026,2,ELEIÇÃO ORDINÁRIA,1,6259,Eleições Gerais Estaduais 2026,04/10/2026,ESTADUAL,RS,RS,RIO GRANDE DO SUL,6,DEPUTADO FEDERAL,210002551978,7710,JOSÉ ARI GAMBIN,ARI GAMBIN,#NULO,22168001049,NÃO DIVULGÁVEL,-3,#NE,FEDERAÇÃO,77,SOLIDARIEDADE,SOLIDARIEDADE,103,FEDERAÇÃO RENOVAÇÃO SOLIDÁRIA,25-PRD/77-SOLIDARIEDADE,25-PRD/77-SOLIDARIEDADE,210001801229,FEDERAÇÃO,FEDERAÇÃO RENOVAÇÃO SOLIDÁRIA (25-PRD / 77-SOLIDARIEDADE),RS,07/06/1953,34433060469,2,MASCULINO,7,SUPERIOR INCOMPLETO,3,CASADO(A),1,BRANCA,923,APOSENTADO (EXCETO SERVIDOR PÚBLICO),4,NÃO ELEITO
05/10/2026,10:14:11,2026,2,ELEIÇÃO ORDINÁRIA,1,6259,Eleições Gerais Estaduais 2026,04/10/2026,ESTADUAL,RS,RS,RIO GRANDE DO SUL,6,DEPUTADO FEDERAL,210002551979,7711,AIESA CAROLINA DE SOUZA PEDROSO,AIESA CAROLINA,#NULO,216217059,NÃO DIVULGÁVEL,-3,#NE,FEDERAÇÃO,77,SOLIDARIEDADE,SOLIDARIEDADE,103,FEDERAÇÃO RENOVAÇÃO SOLIDÁRIA,25-PRD/77-SOLIDARIEDADE,25-PRD/77-SOLIDARIEDADE,210001801229,FEDERAÇÃO,FEDERAÇÃO RENOVAÇÃO SOLIDÁRIA (25-PRD / 77-SOLIDARIEDADE),RS,04/11/1981,79882760450,4,FEMININO,8,SUPERIOR COMPLETO,1,SOLTEIRO(A),2,PRETA,999,OUTROS,4,NÃO ELEITO
05/10/2026,10:14:11,2026,2,ELEIÇÃO ORDINÁRIA,1,6259,Eleições Gerais Estaduais 2026,04/10/2026,ESTADUAL,RS,RS,RIO GRANDE DO SUL,6,DEPUTADO FEDERAL,210002551980,7778,CRISTIANO OLIVEIRA GOMES ROCHA,CRISTIANO ZACARIAS,#NULO,88789845072,NÃO DIVULGÁVEL,-3,#NE,FEDERAÇÃO,77,SOLIDARIEDADE,SOLIDARIEDADE,103,FEDERAÇÃO RENOVAÇÃO SOLIDÁRIA,25-PRD/77-SOLIDARIEDADE,25-PRD/77-SOLIDARIEDADE,210001801229,FEDERAÇÃO,FEDERAÇÃO RENOVAÇÃO SOLIDÁRIA (25-PRD / 77-SOLIDARIEDADE),RS,26/07/1978,69635290434,2,MASCULINO,6,ENSINO MÉDIO COMPLETO,3,CASADO(A),1,BRANCA,999,OUTROS,4,NÃO ELEITO
05/10/2026,10:14:11,2026,2,ELEIÇÃO ORDINÁRIA,1,6259,Eleições Gerais Estaduais 2026,04/10/2026,ESTADUAL,RS,RS,RIO GRANDE DO SUL,6,DEPUTADO FEDERAL,210002551981,7777,ALZIRA JANICE PERES LEAL,JANICE LEAL,#NULO,307377024,NÃO DIVULGÁVEL,-3,#NE,FEDERAÇÃO,77,SOLIDARIEDADE,SOLIDARIEDADE,103,FEDERAÇÃO RENOVAÇÃO SOLIDÁRIA,25-PRD/77-SOLIDARIEDADE,25-PRD/77-SOLIDARIEDADE,210001801229,FEDERAÇÃO,FEDERAÇÃO RENOVAÇÃO SOLIDÁRIA (25-PRD / 77-SOLIDARIEDADE),RS,11/06/1983,82917760400,4,FEMININO,6,ENSINO MÉDIO COMPLETO,1,SOLTEIRO(A),1,BRANCA,109,AGENTE DE SAÚDE E SANITARISTA,4,NÃO ELEITO
05/10/2026,10:14:11,2026,2,ELEIÇÃO ORDINÁRIA,1,6259,Eleições Gerais Estaduais 2026,04/10/2026,ESTADUAL,RS,RS,RIO GRANDE DO SUL,6,DEPUTADO FEDERAL,210002551982,2555,PAULO HENRIQUE DOS SANTOS,PAULO HENRIQUE (BOLACHA),#NULO,70377243000,NÃO DIVULGÁVEL,-3,#NE,FEDERAÇÃO,25,PRD,PARTIDO RENOVACAO DEMOCRATICA,103,FEDERAÇÃO RENOVAÇÃO SOLIDÁRIA,25-PRD/77-SOLIDARIEDADE,25-PRD/77-SOLIDARIEDADE,210001801229,FEDERAÇÃO,FEDERAÇÃO RENOVAÇÃO SOLIDÁRIA (25-PRD / 77-SOLIDARIEDADE),RS,24/07/1974,73856960477,2,MASCULINO,6,ENSINO MÉDIO COMPLETO,1,SOLTEIRO(A),2,PRETA,999,OUTROS,4,NÃO ELEITO
05/10/2026,10:14:11,2026,2,ELEIÇÃO ORDINÁRIA,1,6259,Eleições Gerais Estaduais 2026,04/10/2026,ESTADUAL,RS,RS,RIO GRANDE DO SUL,6,DEPUTADO FEDERAL,210002551983,2577,ALEXSANDRO ORQUIZ ALVES,ALEXSANDRO ORQUIZ ALVES,#NULO,77729919087,NÃO DIVULGÁVEL,-3,#NE,FEDERAÇÃO,25,PRD,PARTIDO RENOVACAO DEMOCRATICA,103,FEDERAÇÃO RENOVAÇÃO SOLIDÁRIA,25-PRD/77-SOLIDARIEDADE,25-PRD/77-SOLIDARIEDADE,210001801229,FEDERAÇÃO,FEDERAÇÃO RENOVAÇÃO SOLIDÁRIA (25-PRD / 77-SOLIDARIEDADE),RS,16/11/1977,72402390434,2,MASCULINO,6,ENSINO MÉDIO COMPLETO,1,SOLTEIRO(A),2,PRETA,403,"CORRETOR DE IMÓVEIS, SEGUROS, TÍTULOS E VALORES",4,NÃO ELEITO
05/10/2026,10:14:11,2026,2,ELEIÇÃO ORDINÁRIA,1,6259,Eleições Gerais Estaduais 2026,04/10/2026,ESTADUAL,RS,RS,RIO GRANDE DO SUL,6,DEPUTADO FEDERAL,210002551984,7722,EVERSON RODRIGUES MORAES,NENI MORAES,#NULO,69952019068,NÃO DIVULGÁVEL,-3,#NE,FEDERAÇÃO,77,SOLIDARIEDADE,SOLIDARIEDADE,103,FEDERAÇÃO RENOVAÇÃO SOLIDÁRIA,25-PRD/77-SOLIDARIEDADE,25-PRD/77-SOLIDARIEDADE,210001801229,FEDERAÇÃO,FEDERAÇÃO RENOVAÇÃO SOLIDÁRIA (25-PRD / 77-SOLIDARIEDADE),RS,26/07/1976,67114270400,2,MASCULINO,3,ENSINO FUNDAMENTAL INCOMPLETO,1,SOLTEIRO(A),1,BRANCA,999,OUTROS,4,NÃO ELEITO
05/10/2026,10:14:11,2026,2,ELEIÇÃO ORDINÁRIA,1,6259,Eleições Gerais Estaduais 2026,04/10/2026,ESTADUAL,RS,RS,RIO GRANDE DO SUL,6,DEPUTADO FEDERAL,210002551985,7723,CARLOS DIEGO SANTOS DA SILVA,DIEGO DOS SANTOS,#NULO,1979679061,NÃO DIVULGÁVEL,-3,#NE,FEDERAÇÃO,77,SOLIDARIEDADE,SOLIDARIEDADE,103,FEDERAÇÃO RENOVAÇÃO SOLIDÁRIA,25-PRD/77-SOLIDARIEDADE,25-PRD/77-SOLIDARIEDADE,210001801229,FEDERAÇÃO,FEDERAÇÃO RENOVAÇÃO SOLIDÁRIA (25-PRD / 77-SOLIDARIEDADE),RS,26/08/1983,93760710400,2,MASCULINO,3,ENSINO FUNDAMENTAL INCOMPLETO,1,SOLTEIRO(A),2,PRETA,931,"ESTUDANTE, BOLSISTA, ESTAGIÁRIO E ASSEMELHADOS",4,NÃO ELEITO
05/10/2026,10:14:11,2026,2,ELEIÇÃO ORDINÁRIA,1,6259,Eleições Gerais Estaduais 2026,04/10/2026,ESTADUAL,RS,RS,RIO GRANDE DO SUL,6,DEPUTADO FEDERAL,210002551986,7707,LUCIANO MARQUES DA ROSA,LUCIANO ROSA,#NULO,59103256049,NÃO DIVULGÁVEL,-3,#NE,FEDERAÇÃO,77,SOLIDARIEDADE,SOLIDARIEDADE,103,FEDERAÇÃO RENOVAÇÃO SOLIDÁRIA,25-PRD/77-SOLIDARIEDADE,25-PRD/77-SOLIDARIEDADE,210001801229,FEDERAÇÃO,FEDERAÇÃO RENOVAÇÃO SOLIDÁRIA (25-PRD / 77-SOLIDARIEDADE),RS,04/09/1971,55937590442,2,MASCULINO,8,SUPERIOR COMPLETO,3,CASADO(A),2,PRETA,131,ADVOGADO,4,NÃO ELEITO
05/10/2026,10:14:11,2026,2,ELEIÇÃO ORDINÁRIA,1,6259,Eleições Gerais Estaduais 2026,04/10/2026,ESTADUAL,RS,RS,RIO GRANDE DO SUL,6,DEPUTADO FEDERAL,210002551987,7785,ARLINDO FERNANDO DA SILVA MENCA,ARLINDO MENÇA  BAIA ,#NULO,38211360063,NÃO DIVULGÁVEL,-3,#NE,FEDERAÇÃO,77,SOLIDARIEDADE,SOLIDARIEDADE,103,FEDERAÇÃO RENOVAÇÃO SOLIDÁRIA,25-PRD/77-SOLIDARIEDADE,25-PRD/77-SOLIDARIEDADE,210001801229,FEDERAÇÃO,FEDERAÇÃO RENOVAÇÃO SOLIDÁRIA (25-PRD / 77-SOLIDARIEDADE),RS,12/01/1961,6826710477,2,MASCULINO,3,ENSINO FUNDAMENTAL INCOMPLETO,1,SOLTEIRO(A),2,PRETA,999,OUTROS,4,NÃO ELEITO
05/10/2026,10:14:11,2026,2,ELEIÇÃO ORDINÁRIA,1,6259,Eleições Gerais Estaduais 2026,04/10/2026,ESTADUAL,RS,RS,RIO GRANDE DO SUL,6,DEPUTADO FEDERAL,210002551988,2598,JUNYARA SILVA,JUNYARA A VOZ DO POVO,#NULO,2255915022,NÃO DIVULGÁVEL,-3,#NE,FEDERAÇÃO,25,PRD,PARTIDO RENOVACAO DEMOCRATICA,103,FEDERAÇÃO RENOVAÇÃO SOLIDÁRIA,25-PRD/77-SOLIDARIEDADE,25-PRD/77-SOLIDARIEDADE,210001801229,FEDERAÇÃO,FEDERAÇÃO RENOVAÇÃO SOLIDÁRIA (25-PRD / 77-SOLIDARIEDADE),RS,10/10/1985,90251020442,4,FEMININO,6,ENSINO MÉDIO COMPLETO,1,SOLTEIRO(A),2,PRETA,999,OUTROS,4,NÃO ELEITO
05/10/2026,10:14:11,2026,2,ELEIÇÃO ORDINÁRIA,1,6259,Eleições Gerais Estaduais 2026,04/10/2026,ESTADUAL,RS,RS,RIO GRANDE DO SUL,6,DEPUTADO FEDERAL,210002551989,7740,CHEYENE CUNHA DA SILVA,CHEYENE RODRIGUEZ,#NULO,1282289039,NÃO DIVULGÁVEL,-3,#NE,FEDERAÇÃO,77,SOLIDARIEDADE,SOLIDARIEDADE,103,FEDERAÇÃO RENOVAÇÃO SOLIDÁRIA,25-PRD/77-SOLIDARIEDADE,25-PRD/77-SOLIDARIEDADE,210001801229,FEDERAÇÃO,FEDERAÇÃO RENOVAÇÃO SOLIDÁRIA (25-PRD / 77-SOLIDARIEDADE),RS,24/10/1986,93341550450,4,FEMININO,8,SUPERIOR COMPLETO,3,CASADO(A),1,BRANCA,171,JORNALISTA E REDATOR,4,NÃO ELEITO
05/10/2026,10:14:11,2026,2,ELEIÇÃO ORDINÁRIA,1,6259,Eleições Gerais Estaduais 2026,04/10/2026,ESTADUAL,RS,RS,RIO GRANDE DO SUL,6,DEPUTADO FEDERAL,210002551990,7717,LUCIANO DA CRUZ ANTUNES,LUCIANO ANTUNES,#NULO,57073708034,NÃO DIVULGÁVEL,-3,#NE,FEDERAÇÃO,77,SOLIDARIEDADE,SOLIDARIEDADE,103,FEDERAÇÃO RENOVAÇÃO SOLIDÁRIA,25-PRD/77-SOLIDARIEDADE,25-PRD/77-SOLIDARIEDADE,210001801229,FEDERAÇÃO,FEDERAÇÃO RENOVAÇÃO SOLIDÁRIA (25-PRD / 77-SOLIDARIEDADE),RS,28/03/1972,55945790418,2,MASCULINO,4,ENSINO FUNDAMENTAL COMPLETO,1,SOLTEIRO(A),1,BRANCA,394,AUXILIAR DE ESCRITÓRIO E ASSEMELHADOS,4,NÃO ELEITO
05/10/2026,10:14:11,2026,2,ELEIÇÃO ORDINÁRIA,1,6259,Eleições Gerais Estaduais 2026,04/10/2026,ESTADUAL,RS,RS,RIO GRANDE DO SUL,6,DEPUTADO FEDERAL,210002551991,7749,FRANCINE GARCIA ANTUNES,FRANCINE ANTUNES,#NULO,3410184066,NÃO DIVULGÁVEL,-3,#NE,FEDERAÇÃO,77,SOLIDARIEDADE,SOLIDARIEDADE,103,FEDERAÇÃO RENOVAÇÃO SOLIDÁRIA,25-PRD/77-SOLIDARIEDADE,25-PRD/77-SOLIDARIEDADE,210001801229,FEDERAÇÃO,FEDERAÇÃO RENOVAÇÃO SOLIDÁRIA (25-PRD / 77-SOLIDARIEDADE),RS,04/09/1994,110764420400,4,FEMININO,8,SUPERIOR COMPLETO,1,SOLTEIRO(A),1,BRANCA,931,"ESTUDANTE, BOLSISTA, ESTAGIÁRIO E ASSEMELHADOS",4,NÃO ELEITO
05/10/2026,10:14:11,2026,2,ELEIÇÃO ORDINÁRIA,1,6259,Eleições Gerais Estaduais 2026,04/10/2026,ESTADUAL,RS,RS,RIO GRANDE DO SUL,6,DEPUTADO FEDERAL,210002551992,7725,NILDO RODRIGUES DE MORAES,NYL MORAES,#NULO,975025023,NÃO DIVULGÁVEL,-3,#NE,FEDERAÇÃO,77,SOLIDARIEDADE,SOLIDARIEDADE,103,FEDERAÇÃO RENOVAÇÃO SOLIDÁRIA,25-PRD/77-SOLIDARIEDADE,25-PRD/77-SOLIDARIEDADE,210001801229,FEDERAÇÃO,FEDERAÇÃO RENOVAÇÃO SOLIDÁRIA (25-PRD / 77-SOLIDARIEDADE),RS,25/05/1985,83983250426,2,MASCULINO,5,ENSINO MÉDIO INCOMPLETO,1,SOLTEIRO(A),3,PARDA,931,"ESTUDANTE, BOLSISTA, ESTAGIÁRIO E ASSEMELHADOS",4,NÃO ELEITO
05/10/2026,10:14:11,2026,2,ELEIÇÃO ORDINÁRIA,1,6259,Eleições Gerais Estaduais 2026,04/10/2026,ESTADUAL,RS,RS,RIO GRANDE DO SUL,6,DEPUTADO FEDERAL,210002551993,2525,CAROLINE COSTA DA SILVA,CAROLINE COSTA DA SILVA,#NULO,83055070097,NÃO DIVULGÁVEL,-3,#NE,FEDERAÇÃO,25,PRD,PARTIDO RENOVACAO DEMOCRATICA,103,FEDERAÇÃO RENOVAÇÃO SOLIDÁRIA,25-PRD/77-SOLIDARIEDADE,25-PRD/77-SOLIDARIEDADE,210001801229,FEDERAÇÃO,FEDERAÇÃO RENOVAÇÃO SOLIDÁRIA (25-PRD / 77-SOLIDARIEDADE),RS,12/11/1984,87529010477,4,FEMININO,5,ENSINO MÉDIO INCOMPLETO,1,SOLTEIRO(A),2,PRETA,931,"ESTUDANTE, BOLSISTA, ESTAGIÁRIO E ASSEMELHADOS",4,NÃO ELEITO
05/10/2026,10:14:11,2026,2,ELEIÇÃO ORDINÁRIA,1,6259,Eleições Gerais Estaduais 2026,04/10/2026,ESTADUAL,RS,RS,RIO GRANDE DO SUL,6,DEPUTADO FEDERAL,210002551994,2557,ANNE KARENINE RODRIGUES MARTINS,ANNE KARENINE RODRIGUES MARTIN,#NULO,1065107030,NÃO DIVULGÁVEL,-3,#NE,FEDERAÇÃO,25,PRD,PARTIDO RENOVACAO DEMOCRATICA,103,FEDERAÇÃO RENOVAÇÃO SOLIDÁRIA,25-PRD/77-SOLIDARIEDADE,25-PRD/77-SOLIDARIEDADE,210001801229,FEDERAÇÃO,FEDERAÇÃO RENOVAÇÃO SOLIDÁRIA (25-PRD / 77-SOLIDARIEDADE),PR,12/03/1987,91258640426,4,FEMININO,5,ENSINO MÉDIO INCOMPLETO,1,SOLTEIRO(A),1,BRANCA,931,"ESTUDANTE, BOLSISTA, ESTAGIÁRIO E ASSEMELHADOS",4,NÃO ELEITO
05/10/2026,10:14:11,2026,2,ELEIÇÃO ORDINÁRIA,1,6259,Eleições Gerais Estaduais 2026,04/10/2026,ESTADUAL,RS,RS,RIO GRANDE DO SUL,6,DEPUTADO FEDERAL,210002552600,7044,ALAN CLEBER MELLO,DR.. ALAN MELLO,#NULO,81165854015,NÃO DIVULGÁVEL,-3,#NE,PARTIDO ISOLADO,70,AVANTE,AVANTE,-1,#NULO,#NULO,#NULO,210001800752,PARTIDO ISOLADO,AVANTE,RS,24/10/1978,70881830493,2,MASCULINO,8,SUPERIOR COMPLETO,1,SOLTEIRO(A),1,BRANCA,131,ADVOGADO,4,NÃO ELEITO
05/10/2026,10:14:11,2026,2,ELEIÇÃO ORDINÁRIA,1,6259,Eleições Gerais Estaduais 2026,04/10/2026,ESTADUAL,RS,RS,RIO GRANDE DO SUL,6,DEPUTADO FEDERAL,210002552601,4580,FERNANDO RAFAEL SCHMIDT,DIANHO,#NULO,760454043,NÃO DIVULGÁVEL,-3,#NE,FEDERAÇÃO,45,PSDB,PARTIDO DA SOCIAL DEMOCRACIA BRASILEIRA,100,FEDERAÇÃO PSDB CIDADANIA,45-PSDB/23-CIDADANIA,45-PSDB/23-CIDADANIA,210001800483,FEDERAÇÃO,FEDERAÇÃO PSDB CIDADANIA (45-PSDB / 23-CIDADANIA),RS,16/12/1983,83130230434,2,MASCULINO,3,ENSINO FUNDAMENTAL INCOMPLETO,1,SOLTEIRO(A),1,BRANCA,207,JARDINEIRO,4,NÃO ELEITO
05/10/2026,10:14:11,2026,2,ELEIÇÃO ORDINÁRIA,1,6259,Eleições Gerais Estaduais 2026,04/10/2026,ESTADUAL,RS,RS,RIO GRANDE DO SUL,6,DEPUTADO FEDERAL,210002552923,5544,PAULO EUCLIDES GARCIA DE AZEREDO,PAULO AZEREDO,#NULO,23112875087,NÃO DIVULGÁVEL,-3,#NE,PARTIDO ISOLADO,55,PSD,PARTIDO SOCIAL DEMOCRÁTICO,-1,#NULO,#NULO,#NULO,210001800400,PARTIDO ISOLADO,PSD,RS,13/12/1956,15860790450,2,MASCULINO,8,SUPERIOR COMPLETO,3,CASADO(A),1,BRANCA,923,APOSENTADO (EXCETO SERVIDOR PÚBLICO),5,SUPLENTE
05/10/2026,10:14:11,2026,2,ELEIÇÃO ORDINÁRIA,1,6259,Eleições Gerais Estaduais 2026,04/10/2026,ESTADUAL,RS,RS,RIO GRANDE DO SUL,6,DEPUTADO FEDERAL,210002552924,7020,MARCO AURELIO DOS SANTOS SILVA,MARCO DO RANCHO,#NULO,2933710323,NÃO DIVULGÁVEL,-3,#NE,PARTIDO ISOLADO,70,AVANTE,AVANTE,-1,#NULO,#NULO,#NULO,210001800752,PARTIDO ISOLADO,AVANTE,MA,27/04/1986,44158851180,2,MASCULINO,6,ENSINO MÉDIO COMPLETO,1,SOLTEIRO(A),2,PRETA,999,OUTROS,-1,#NULO
05/10/2026,10:14:11,2026,2,ELEIÇÃO ORDINÁRIA,1,6259,Eleições Gerais Estaduais 2026,04/10/2026,ESTADUAL,RS,RS,RIO GRANDE DO SUL,6,DEPUTADO FEDERAL,210002553401,3645,RAPHAEL OTT COLLARES,COLLARES,#NULO,90902025104,NÃO DIVULGÁVEL,-3,#NE,PARTIDO ISOLADO,36,AGIR,AGIR,-1,#NULO,#NULO,#NULO,210001801413,PARTIDO ISOLADO,AGIR,DF,20/04/1979,16401292089,2,MASCULINO,8,SUPERIOR COMPLETO,1,SOLTEIRO(A),1,BRANCA,257,EMPRESÁRIO,4,NÃO ELEITO
05/10/2026,10:14:11,2026,2,ELEIÇÃO ORDINÁRIA,1,6259,Eleições Gerais Estaduais 2026,04/10/2026,ESTADUAL,RS,RS,RIO GRANDE DO SUL,6,DEPUTADO FEDERAL,210002553402,3614,MARISA PINHEIRO,PASTORA MARISA,#NULO,3846769959,NÃO DIVULGÁVEL,-3,#NE,PARTIDO ISOLADO,36,AGIR,AGIR,-1,#NULO,#NULO,#NULO,210001801413,PARTIDO ISOLADO,AGIR,PR,23/11/1977,64822560671,4,FEMININO,3,ENSINO FUNDAMENTAL INCOMPLETO,9,DIVORCIADO(A),3,PARDA,581,DONA DE CASA,4,NÃO ELEITO
05/10/2026,10:14:11,2026,2,ELEIÇÃO ORDINÁRIA,1,6259,Eleições Gerais Estaduais 2026,04/10/2026,ESTADUAL,RS,RS,RIO GRANDE DO SUL,6,DEPUTADO FEDERAL,210002553403,3622,ABRILINO SANTOS DA SILVA,SANTOS,#NULO,49065033068,NÃO DIVULGÁVEL,-3,#NE,PARTIDO ISOLADO,36,AGIR,AGIR,-1,#NULO,#NULO,#NULO,210001801413,PARTIDO ISOLADO,AGIR,RS,10/04/1965,28564290442,2,MASCULINO,6,ENSINO MÉDIO COMPLETO,1,SOLTEIRO(A),1,BRANCA,298,SERVIDOR PÚBLICO MUNICIPAL,4,NÃO ELEITO
05/10/2026,10:14:11,2026,2,ELEIÇÃO ORDINÁRIA,1,6259,Eleições Gerais Estaduais 2026,04/10/2026,ESTADUAL,RS,RS,RIO GRANDE DO SUL,6,DEPUTADO FEDERAL,210002553404,3665,RITA DE CASSIA LOPES VARGAS,RITA LOPES,#NULO,66797594049,NÃO DIVULGÁVEL,-3,#NE,PARTIDO ISOLADO,36,AGIR,AGIR,-1,#NULO,#NULO,#NULO,210001801413,PARTIDO ISOLADO,AGIR,RS,12/06/1973,56178510442,4,FEMININO,5,ENSINO MÉDIO INCOMPLETO,1,SOLTEIRO(A),1,BRANCA,931,"ESTUDANTE, BOLSISTA, ESTAGIÁRIO E ASSEMELHADOS",4,NÃO ELEITO
05/10/2026,10:14:11,2026,2,ELEIÇÃO ORDINÁRIA,1,6259,Eleições Gerais Estaduais 2026,04/10/2026,ESTADUAL,RS,RS,RIO GRANDE DO SUL,6,DEPUTADO FEDERAL,210002553405,3603,SILVANA PRADELLA,SILVANA PRADELLA,#NULO,36955230000,NÃO DIVULGÁVEL,-3,#NE,PARTIDO ISOLADO,36,AGIR,AGIR,-1,#NULO,#NULO,#NULO,210001801413,PARTIDO ISOLADO,AGIR,RS,03/03/1963,6228160400,4,FEMININO,6,ENSINO MÉDIO COMPLETO,1,SOLTEIRO(A),1,BRANCA,170,COMERCIÁRIO,4,NÃO ELEITO
05/10/2026,10:14:11,2026,2,ELEIÇÃO ORDINÁRIA,1,6259,Eleições Gerais Estaduais 2026,04/10/2026,ESTADUAL,RS,RS,RIO GRANDE DO SUL,6,DEPUTADO FEDERAL,210002553406,3661,MARTINHO MARTINS ALMEIDA,MARTINHO (BIXO DE PÉ),#NULO,40236927000,NÃO DIVULGÁVEL,-3,#NE,PARTIDO ISOLADO,36,AGIR,AGIR,-1,#NULO,#NULO,#NULO,210001801413,PARTIDO ISOLADO,AGIR,RS,17/09/1961,60366870477,2,MASCULINO,3,ENSINO FUNDAMENTAL INCOMPLETO,3,CASADO(A),1,BRANCA,713,"CARPINTEIRO, MARCENEIRO E ASSEMELHADOS",4,NÃO ELEITO
05/10/2026,10:14:11,2026,2,ELEIÇÃO ORDINÁRIA,1,6259,Eleições Gerais Estaduais 2026,04/10/2026,ESTADUAL,RS,RS,RIO GRANDE DO SUL,6,DEPUTADO FEDERAL,210002553407,3688,JOAO ALBERTO CARVALHO FREITAS,PIT,#NULO,52098109091,NÃO DIVULGÁVEL,-3,#NE,PARTIDO ISOLADO,36,AGIR,AGIR,-1,#NULO,#NULO,#NULO,210001801413,PARTIDO ISOLADO,AGIR,RS,20/11/1967,34637410493,2,MASCULINO,6,ENSINO MÉDIO COMPLETO,9,DIVORCIADO(A),1,BRANCA,411,VENDEDOR DE COMÉRCIO VAREJISTA E ATACADISTA,4,NÃO ELEITO
05/10/2026,10:14:11,2026,2,ELEIÇÃO ORDINÁRIA,1,6259,Eleições Gerais Estaduais 2026,04/10/2026,ESTADUAL,RS,RS,RIO GRANDE DO SUL,6,DEPUTADO FEDERAL,210002553408,3666,JULIO CESAR DA SILVA CARVALHO,JULIO CARVALHO,#NULO,20762054034,NÃO DIVULGÁVEL,-3,#NE,PARTIDO ISOLADO,36,AGIR,AGIR,-1,#NULO,#NULO,#NULO,210001801413,PARTIDO ISOLADO,AGIR,RS,22/10/1955,20591220450,2,MASCULINO,3,ENSINO FUNDAMENTAL INCOMPLETO,3,CASADO(A),1,BRANCA,298,SERVIDOR PÚBLICO MUNICIPAL,4,NÃO ELEITO
05/10/2026,10:14:11,2026,2,ELEIÇÃO ORDINÁRIA,1,6259,Eleições Gerais Estaduais 2026,04/10/2026,ESTADUAL,RS,RS,RIO GRANDE DO SUL,6,DEPUTADO FEDERAL,210002553409,3615,JAIR BERNARDES PRESTES,MIKKEI,#NULO,44755678072,NÃO DIVULGÁVEL,-3,#NE,PARTIDO ISOLADO,36,AGIR,AGIR,-1,#NULO,#NULO,#NULO,210001801413,PARTIDO ISOLADO,AGIR,RS,27/05/1964,27776150485,2,MASCULINO,4,ENSINO FUNDAMENTAL COMPLETO,1,SOLTEIRO(A),1,BRANCA,923,APOSENTADO (EXCETO SERVIDOR PÚBLICO),4,NÃO ELEITO
05/10/2026,10:14:11,2026,2,ELEIÇÃO ORDINÁRIA,1,6259,Eleições Gerais Estaduais 2026,04/10/2026,ESTADUAL,RS,RS,RIO GRANDE DO SUL,6,DEPUTADO FEDERAL,210002553410,3612,GENTIL ALVES DE OLIVEIRA,GENTIL ALVES,#NULO,74703560020,NÃO DIVULGÁVEL,-3,#NE,PARTIDO ISOLADO,36,AGIR,AGIR,-1,#NULO,#NULO,#NULO,210001801413,PARTIDO ISOLADO,AGIR,RS,28/02/1965,46611210450,2,MASCULINO,3,ENSINO FUNDAMENTAL INCOMPLETO,3,CASADO(A),1,BRANCA,169,COMERCIANTE,4,NÃO ELEITO
05/10/2026,10:14:11,2026,2,ELEIÇÃO ORDINÁRIA,1,6259,Eleições Gerais Estaduais 2026,04/10/2026,ESTADUAL,RS,RS,RIO GRANDE DO SUL,6,DEPUTADO FEDERAL,210002553411,3616,MAIURA PEREIRA BARCELLOS,PROF MAIURA,#NULO,98074237087,NÃO DIVULGÁVEL,-3,#NE,PARTIDO ISOLADO,36,AGIR,AGIR,-1,#NULO,#NULO,#NULO,210001801413,PARTIDO ISOLADO,AGIR,RS,21/07/1982,88061620400,4,FEMININO,8,SUPERIOR COMPLETO,9,DIVORCIADO(A),1,BRANCA,230,PEDAGOGO,4,NÃO ELEITO
05/10/2026,10:14:11,2026,2,ELEIÇÃO ORDINÁRIA,1,6259,Eleições Gerais Estaduais 2026,04/10/2026,ESTADUAL,RS,RS,RIO GRANDE DO SUL,6,DEPUTADO FEDERAL,210002553412,3600,CARLOS ALBERTO ESTEVAO,CARLOS ALBERTO ESTEVÃO (CACO),#NULO,66683297053,NÃO DIVULGÁVEL,-3,#NE,PARTIDO ISOLADO,36,AGIR,AGIR,-1,#NULO,#NULO,#NULO,210001801413,PARTIDO ISOLADO,AGIR,RS,31/12/1972,64911730400,2,MASCULINO,4,ENSINO FUNDAMENTAL COMPLETO,3,CASADO(A),3,PARDA,254,VIGILANTE,4,NÃO ELEITO
05/10/2026,10:14:11,2026,2,ELEIÇÃO ORDINÁRIA,1,6259,Eleições Gerais Estaduais 2026,04/10/2026,ESTADUAL,RS,RS,RIO GRANDE DO SUL,6,DEPUTADO FEDERAL,210002553413,3655,ARTHUR DA SILVA,ARTHUR FONSECA,#NULO,321883071,NÃO DIVULGÁVEL,-3,#NE,PARTIDO ISOLADO,36,AGIR,AGIR,-1,#NULO,#NULO,#NULO,210001801413,PARTIDO ISOLADO,AGIR,RS,01/03/1984,81970050469,2,MASCULINO,6,ENSINO MÉDIO COMPLETO,1,SOLTEIRO(A),1,BRANCA,999,OUTROS,-1,#NULO
05/10/2026,10:14:11,2026,2,ELEIÇÃO ORDINÁRIA,1,6259,Eleições Gerais Estaduais 2026,04/10/2026,ESTADUAL,RS,RS,RIO GRANDE DO SUL,6,DEPUTADO FEDERAL,210002553414,3678,FABIO MARIOMAR ROSA CASEMIRO,FÁBIO CASEMIRO,#NULO,79128688015,NÃO DIVULGÁVEL,-3,#NE,PARTIDO ISOLADO,36,AGIR,AGIR,-1,#NULO,#NULO,#NULO,210001801413,PARTIDO ISOLADO,AGIR,RS,24/12/1973,63725040450,2,MASCULINO,7,SUPERIOR INCOMPLETO,9,DIVORCIADO(A),1,BRANCA,537,MOTORISTA PARTICULAR,4,NÃO ELEITO
05/10/2026,10:14:11,2026,2,ELEIÇÃO ORDINÁRIA,1,6259,Eleições Gerais Estaduais 2026,04/10/2026,ESTADUAL,RS,RS,RIO GRANDE DO SUL,6,DEPUTADO FEDERAL,210002553415,3684,SHEILA APARECIDA MACIEL FERNANDES,SHEILA FERNANDES,#NULO,1918241007,NÃO DIVULGÁVEL,-3,#NE,PARTIDO ISOLADO,36,AGIR,AGIR,-1,#NULO,#NULO,#NULO,210001801413,PARTIDO ISOLADO,AGIR,RS,22/10/1984,83176770426,4,FEMININO,5,ENSINO MÉDIO INCOMPLETO,7,SEPARADO(A) JUDICIALMENTE,3,PARDA,999,OUTROS,4,NÃO ELEITO
05/10/2026,10:14:11,2026,2,ELEIÇÃO ORDINÁRIA,1,6259,Eleições Gerais Estaduais 2026,04/10/2026,ESTADUAL,RS,RS,RIO GRANDE DO SUL,6,DEPUTADO FEDERAL,210002553416,3636,RONALDO FREITAS HENQUER,PROF RONALDO,#NULO,1229088059,NÃO DIVULGÁVEL,-3,#NE,PARTIDO ISOLADO,36,AGIR,AGIR,-1,#NULO,#NULO,#NULO,210001801413,PARTIDO ISOLADO,AGIR,RS,22/03/1983,87762730400,2,MASCULINO,8,SUPERIOR COMPLETO,1,SOLTEIRO(A),1,BRANCA,265,PROFESSOR DE ENSINO FUNDAMENTAL,4,NÃO ELEITO
05/10/2026,10:14:11,2026,2,ELEIÇÃO ORDINÁRIA,1,6259,Eleições Gerais Estaduais 2026,04/10/2026,ESTADUAL,RS,RS,RIO GRANDE DO SUL,6,DEPUTADO FEDERAL,210002554084,2701,ADRIANA RAMOS,ADRIANA RAMOS,#NULO,65793471049,NÃO DIVULGÁVEL,-3,#NE,PARTIDO ISOLADO,27,DC,DEMOCRACIA CRISTÃ,-1,#NULO,#NULO,#NULO,210001801065,PARTIDO ISOLADO,DC,RS,28/12/1973,61386370450,4,FEMININO,8,SUPERIOR COMPLETO,9,DIVORCIADO(A),1,BRANCA,125,ADMINISTRADOR,4,NÃO ELEITO
05/10/2026,10:14:11,2026,2,ELEIÇÃO ORDINÁRIA,1,6259,Eleições Gerais Estaduais 2026,04/10/2026,ESTADUAL,RS,RS,RIO GRANDE DO SUL,6,DEPUTADO FEDERAL,210002554085,5020,JORGE ALEXANDRE FREITAS,JORGE FREITAS,#NULO,20590644068,NÃO DIVULGÁVEL,-3,#NE,FEDERAÇÃO,50,PSOL,PARTIDO SOCIALISMO E LIBERDADE,102,FEDERAÇÃO PSOL REDE,50-PSOL/18-REDE,50-PSOL/18-REDE,210001800119,FEDERAÇÃO,FEDERAÇÃO PSOL REDE (50-PSOL / 18-REDE),RS,01/03/1957,13808710400,2,MASCULINO,4,ENSINO FUNDAMENTAL COMPLETO,1,SOLTEIRO(A),1,BRANCA,411,VENDEDOR DE COMÉRCIO VAREJISTA E ATACADISTA,5,SUPLENTE
05/10/2026,10:14:11,2026,2,ELEIÇÃO ORDINÁRIA,1,6259,Eleições Gerais Estaduais 2026,04/10/2026,ESTADUAL,RS,RS,RIO GRANDE DO SUL,6,DEPUTADO FEDERAL,210002554134,1590,JOSE ORLANDO RODOLFO DOS SANTOS,JOSE RODOLFO,#NULO,1652830090,NÃO DIVULGÁVEL,-3,#NE,PARTIDO ISOLADO,15,MDB,MOVIMENTO DEMOCRÁTICO BRASILEIRO,-1,#NULO,#NULO,#NULO,210001800651,PARTIDO ISOLADO,MDB,RS,13/04/1986,92174150493,2,MASCULINO,7,SUPERIOR INCOMPLETO,1,SOLTEIRO(A),1,BRANCA,541,MECÂNICO DE MANUTENÇÃO,5,SUPLENTE
05/10/2026,10:14:11,2026,2,ELEIÇÃO ORDINÁRIA,1,6259,Eleições Gerais Estaduais 2026,04/10/2026,ESTADUAL,RS,RS,RIO GRANDE DO SUL,6,DEPUTADO FEDERAL,210002554444,4523,PEDRO MACARI,PEDRO MACARI,#NULO,30854350004,NÃO DIVULGÁVEL,-3,#NE,FEDERAÇÃO,45,PSDB,PARTIDO DA SOCIAL DEMOCRACIA BRASILEIRA,100,FEDERAÇÃO PSDB CIDADANIA,45-PSDB/23-CIDADANIA,45-PSDB/23-CIDADANIA,210001800483,FEDERAÇÃO,FEDERAÇÃO PSDB CIDADANIA (45-PSDB / 23-CIDADANIA),RS,17/11/1959,42987160442,2,MASCULINO,6,ENSINO MÉDIO COMPLETO,3,CASADO(A),1,BRANCA,169,COMERCIANTE,4,NÃO ELEITO
05/10/2026,10:14:11,2026,2,ELEIÇÃO ORDINÁRIA,1,6259,Eleições Gerais Estaduais 2026,04/10/2026,ESTADUAL,RS,RS,RIO GRANDE DO SUL,6,DEPUTADO FEDERAL,210002554605,4567,AMANDA RODRIGUES DA SILVA,AMANDA ALBA,#NULO,1999171080,NÃO DIVULGÁVEL,-3,#NE,FEDERAÇÃO,45,PSDB,PARTIDO DA SOCIAL DEMOCRACIA BRASILEIRA,100,FEDERAÇÃO PSDB CIDADANIA,45-PSDB/23-CIDADANIA,45-PSDB/23-CIDADANIA,210001800483,FEDERAÇÃO,FEDERAÇÃO PSDB CIDADANIA (45-PSDB / 23-CIDADANIA),RS,09/09/1995,112231950400,4,FEMININO,7,SUPERIOR INCOMPLETO,1,SOLTEIRO(A),1,BRANCA,257,EMPRESÁRIO,4,NÃO ELEITO
05/10/2026,10:14:11,2026,2,ELEIÇÃO ORDINÁRIA,1,6259,Eleições Gerais Estaduais 2026,04/10/2026,ESTADUAL,SC,SC,SANTA CATARINA,6,DEPUTADO FEDERAL,240002533814,1233,MARCO ANTÔNIO BUZZI,ADVOGADO MARCO BUZZI,#NULO,3556185911,NÃO DIVULGÁVEL,-3,#NE,PARTIDO ISOLADO,12,PDT,PARTIDO DEMOCRÁTICO TRABALHISTA,-1,#NULO,#NULO,#NULO,240001800190,PARTIDO ISOLADO,PDT,SC,27/11/1981,37867980990,2,MASCULINO,8,SUPERIOR COMPLETO,3,CASADO(A),1,BRANCA,131,ADVOGADO,4,NÃO ELEITO
05/10/2026,10:14:11,2026,2,ELEIÇÃO ORDINÁRIA,1,6259,Eleições Gerais Estaduais 2026,04/10/2026,ESTADUAL,SC,SC,SANTA CATARINA,6,DEPUTADO FEDERAL,240002533815,1231,DEBORA JORDANA FLORES SANZ MIRANDA,JORDANA PROTETORA ANIMAL,#NULO,284649074,NÃO DIVULGÁVEL,-3,#NE,PARTIDO ISOLADO,12,PDT,PARTIDO DEMOCRÁTICO TRABALHISTA,-1,#NULO,#NULO,#NULO,240001800190,PARTIDO ISOLADO,PDT,RS,09/04/1983,78993140485,4,FEMININO,8,SUPERIOR COMPLETO,3,CASADO(A),1,BRANCA,134,ASSISTENTE SOCIAL,4,NÃO ELEITO
05/10/2026,10:14:11,2026,2,ELEIÇÃO ORDINÁRIA,1,6259,Eleições Gerais Estaduais 2026,04/10/2026,ESTADUAL,SC,SC,SANTA CATARINA,6,DEPUTADO FEDERAL,240002533816,1213,GRACIELA WIEMES RIBEIRO,GRACI DA SAÚDE,#NULO,2076973966,NÃO DIVULGÁVEL,-3,#NE,PARTIDO ISOLADO,12,PDT,PARTIDO DEMOCRÁTICO TRABALHISTA,-1,#NULO,#NULO,#NULO,240001800190,PARTIDO ISOLADO,PDT,SC,14/04/1978,44535320957,4,FEMININO,8,SUPERIOR COMPLETO,3,CASADO(A),1,BRANCA,999,OUTROS,4,NÃO ELEITO
05/10/2026,10:14:11,2026,2,ELEIÇÃO ORDINÁRIA,1,6259,Eleições Gerais Estaduais 2026,04/10/2026,ESTADUAL,SC,SC,SANTA CATARINA,6,DEPUTADO FEDERAL,240002533817,1234,ANDERSON ANTÔNIO MATTOS MARTINS,REITOR ANDERSON,#NULO,59172835915,NÃO DIVULGÁVEL,-3,#NE,PARTIDO ISOLADO,12,PDT,PARTIDO DEMOCRÁTICO TRABALHISTA,-1,#NULO,#NULO,#NULO,240001800190,PARTIDO ISOLADO,PDT,SC,05/12/1965,5288410906,2,MASCULINO,8,SUPERIOR COMPLETO,1,SOLTEIRO(A),1,BRANCA,142,PROFESSOR DE ENSINO SUPERIOR,4,NÃO ELEITO
05/10/2026,10:14:11,2026,2,ELEIÇÃO ORDINÁRIA,1,6259,Eleições Gerais Estaduais 2026,04/10/2026,ESTADUAL,SC,SC,SANTA CATARINA,6,DEPUTADO FEDERAL,240002533818,1245,ADILSON DE SOUZA,ADILSON DA SAÚDE,#NULO,63660377953,NÃO DIVULGÁVEL,-3,#NE,PARTIDO ISOLADO,12,PDT,PARTIDO DEMOCRÁTICO TRABALHISTA,-1,#NULO,#NULO,#NULO,240001800190,PARTIDO ISOLADO,PDT,SC,20/07/1971,25210400981,2,MASCULINO,4,ENSINO FUNDAMENTAL COMPLETO,9,DIVORCIADO(A),3,PARDA,298,SERVIDOR PÚBLICO MUNICIPAL,4,NÃO ELEITO
05/10/2026,10:14:11,2026,2,ELEIÇÃO ORDINÁRIA,1,6259,Eleições Gerais Estaduais 2026,04/10/2026,ESTADUAL,SC,SC,SANTA CATARINA,6,DEPUTADO FEDERAL,240002533819,1230,RODRIGO BARZOTTO PEREIRA DE SOUZA,RODRIGO BARZOTTO,#NULO,92336159953,NÃO DIVULGÁVEL,-3,#NE,PARTIDO ISOLADO,12,PDT,PARTIDO DEMOCRÁTICO TRABALHISTA,-1,#NULO,#NULO,#NULO,240001800190,PARTIDO ISOLADO,PDT,SC,20/03/1979,36481600922,2,MASCULINO,8,SUPERIOR COMPLETO,1,SOLTEIRO(A),1,BRANCA,131,ADVOGADO,4,NÃO ELEITO
05/10/2026,10:14:11,2026,2,ELEIÇÃO ORDINÁRIA,1,6259,Eleições Gerais Estaduais 2026,04/10/2026,ESTADUAL,SC,SC,SANTA CATARINA,6,DEPUTADO FEDERAL,240002533820,1212,ENIOIVAN MARQUES,IVAN MARQUES,#NULO,89559274015,NÃO DIVULGÁVEL,-3,#NE,PARTIDO ISOLADO,12,PDT,PARTIDO DEMOCRÁTICO TRABALHISTA,-1,#NULO,#NULO,#NULO,240001800190,PARTIDO ISOLADO,PDT,RS,30/05/1963,36668550990,2,MASCULINO,8,SUPERIOR COMPLETO,3,CASADO(A),1,BRANCA,171,JORNALISTA E REDATOR,4,NÃO ELEITO
05/10/2026,10:14:11,2026,2,ELEIÇÃO ORDINÁRIA,1,6259,Eleições Gerais Estaduais 2026,04/10/2026,ESTADUAL,SC,SC,SANTA CATARINA,6,DEPUTADO FEDERAL,240002533821,1210,ADRIANA SANTOS TOMAZONI,INDÍGENA ADRIANA,#NULO,83361405220,NÃO DIVULGÁVEL,-3,#NE,PARTIDO ISOLADO,12,PDT,PARTIDO DEMOCRÁTICO TRABALHISTA,-1,#NULO,#NULO,#NULO,240001800190,PARTIDO ISOLADO,PDT,RR,18/09/1986,3281242682,4,FEMININO,8,SUPERIOR COMPLETO,3,CASADO(A),5,INDÍGENA,132,PSICÓLOGO,4,NÃO ELEITO
05/10/2026,10:14:11,2026,2,ELEIÇÃO ORDINÁRIA,1,6259,Eleições Gerais Estaduais 2026,04/10/2026,ESTADUAL,SC,SC,SANTA CATARINA,6,DEPUTADO FEDERAL,240002533822,4321,ROSANA VARGAS PEREIRA SCHLICHTA,DOUTORA ROSANA,#NULO,70393656187,NÃO DIVULGÁVEL,-3,#NE,FEDERAÇÃO,43,PV,PARTIDO VERDE,101,FEDERAÇÃO BRASIL DA ESPERANÇA - FE BRASIL,13-PT/65-PC do B/43-PV,13-PT/65-PC do B/43-PV,240001800191,FEDERAÇÃO,FEDERAÇÃO BRASIL DA ESPERANÇA - FE BRASIL (13-PT / 65-PC do B / 43-PV),MT,25/12/1982,79419180663,4,FEMININO,8,SUPERIOR COMPLETO,3,CASADO(A),2,PRETA,131,ADVOGADO,5,SUPLENTE
05/10/2026,10:14:11,2026,2,ELEIÇÃO ORDINÁRIA,1,6259,Eleições Gerais Estaduais 2026,04/10/2026,ESTADUAL,SC,SC,SANTA CATARINA,6,DEPUTADO FEDERAL,240002533823,1326,VANESSA DA ROSA,PROF. VANESSA DA ROSA,#NULO,81933134968,NÃO DIVULGÁVEL,-3,#NE,FEDERAÇÃO,13,PT,PARTIDO DOS TRABALHADORES,101,FEDERAÇÃO BRASIL DA ESPERANÇA - FE BRASIL,13-PT/65-PC do B/43-PV,13-PT/65-PC do B/43-PV,240001800191,FEDERAÇÃO,FEDERAÇÃO BRASIL DA ESPERANÇA - FE BRASIL (13-PT / 65-PC do B / 43-PV),PR,04/12/1972,36025560990,4,FEMININO,8,SUPERIOR COMPLETO,1,SOLTEIRO(A),2,PRETA,142,PROFESSOR DE ENSINO SUPERIOR,5,SUPLENTE
05/10/2026,10:14:11,2026,2,ELEIÇÃO ORDINÁRIA,1,6259,Eleições Gerais Estaduais 2026,04/10/2026,ESTADUAL,SC,SC,SANTA CATARINA,6,DEPUTADO FEDERAL,240002533824,1313,ANA PAULA DE SOUZA LIMA,ANA PAULA LIMA,#NULO,51655438972,NÃO DIVULGÁVEL,-3,#NE,FEDERAÇÃO,13,PT,PARTIDO DOS TRABALHADORES,101,FEDERAÇÃO BRASIL DA ESPERANÇA - FE BRASIL,13-PT/65-PC do B/43-PV,13-PT/65-PC do B/43-PV,240001800191,FEDERAÇÃO,FEDERAÇÃO BRASIL DA ESPERANÇA - FE BRASIL (13-PT / 65-PC do B / 43-PV),PR,19/04/1964,6692620914,4,FEMININO,8,SUPERIOR COMPLETO,3,CASADO(A),1,BRANCA,277,DEPUTADO,2,ELEITO POR QP
05/10/2026,10:14:11,2026,2,ELEIÇÃO ORDINÁRIA,1,6259,Eleições Gerais Estaduais 2026,04/10/2026,ESTADUAL,SC,SC,SANTA CATARINA,6,DEPUTADO FEDERAL,240002533825,1344,CARLA SIMARA LUCIANA DA SILVA AYRES,CARLA AYRES,#NULO,36732870874,NÃO DIVULGÁVEL,-3,#NE,FEDERAÇÃO,13,PT,PARTIDO DOS TRABALHADORES,101,FEDERAÇÃO BRASIL DA ESPERANÇA - FE BRASIL,13-PT/65-PC do B/43-PV,13-PT/65-PC do B/43-PV,240001800191,FEDERAÇÃO,FEDERAÇÃO BRASIL DA ESPERANÇA - FE BRASIL (13-PT / 65-PC do B / 43-PV),SP,15/03/1988,330926270167,4,FEMININO,8,SUPERIOR COMPLETO,3,CASADO(A),1,BRANCA,278,VEREADOR,5,SUPLENTE
05/10/2026,10:14:11,2026,2,ELEIÇÃO ORDINÁRIA,1,6259,Eleições Gerais Estaduais 2026,04/10/2026,ESTADUAL,SC,SC,SANTA CATARINA,6,DEPUTADO FEDERAL,240002533826,1300,KARINNE TAVARES DOS SANTOS,KARINNE TAVARES,#NULO,13962601708,NÃO DIVULGÁVEL,-3,#NE,FEDERAÇÃO,13,PT,PARTIDO DOS TRABALHADORES,101,FEDERAÇÃO BRASIL DA ESPERANÇA - FE BRASIL,13-PT/65-PC do B/43-PV,13-PT/65-PC do B/43-PV,240001800191,FEDERAÇÃO,FEDERAÇÃO BRASIL DA ESPERANÇA - FE BRASIL (13-PT / 65-PC do B / 43-PV),RJ,16/04/1991,56202140981,4,FEMININO,7,SUPERIOR INCOMPLETO,1,SOLTEIRO(A),1,BRANCA,390,SECRETÁRIO E DATILÓGRAFO,5,SUPLENTE
05/10/2026,10:14:11,2026,2,ELEIÇÃO ORDINÁRIA,1,6259,Eleições Gerais Estaduais 2026,04/10/2026,ESTADUAL,SC,SC,SANTA CATARINA,6,DEPUTADO FEDERAL,240002533827,1303,LIROUS K  YO FONSECA ÁVILA,LIROUS K YO,#NULO,626169003,NÃO DIVULGÁVEL,-3,#NE,FEDERAÇÃO,13,PT,PARTIDO DOS TRABALHADORES,101,FEDERAÇÃO BRASIL DA ESPERANÇA - FE BRASIL,13-PT/65-PC do B/43-PV,13-PT/65-PC do B/43-PV,240001800191,FEDERAÇÃO,FEDERAÇÃO BRASIL DA ESPERANÇA - FE BRASIL (13-PT / 65-PC do B / 43-PV),RS,01/11/1982,82356230485,4,FEMININO,8,SUPERIOR COMPLETO,1,SOLTEIRO(A),2,PRETA,134,ASSISTENTE SOCIAL,5,SUPLENTE
05/10/2026,10:14:11,2026,2,ELEIÇÃO ORDINÁRIA,1,6259,Eleições Gerais Estaduais 2026,04/10/2026,ESTADUAL,SC,SC,SANTA CATARINA,6,DEPUTADO FEDERAL,240002533828,1340,CAREN SILVA MACHADO MEDEIROS,CAREN MACHADO,#NULO,91353980006,NÃO DIVULGÁVEL,-3,#NE,FEDERAÇÃO,13,PT,PARTIDO DOS TRABALHADORES,101,FEDERAÇÃO BRASIL DA ESPERANÇA - FE BRASIL,13-PT/65-PC do B/43-PV,13-PT/65-PC do B/43-PV,240001800191,FEDERAÇÃO,FEDERAÇÃO BRASIL DA ESPERANÇA - FE BRASIL (13-PT / 65-PC do B / 43-PV),RS,20/01/1978,67731060469,4,FEMININO,8,SUPERIOR COMPLETO,3,CASADO(A),3,PARDA,278,VEREADOR,5,SUPLENTE
05/10/2026,10:14:11,2026,2,ELEIÇÃO ORDINÁRIA,1,6259,Eleições Gerais Estaduais 2026,04/10/2026,ESTADUAL,SC,SC,SANTA CATARINA,6,DEPUTADO FEDERAL,240002533829,1331,EDUARDO ZANATTA DE CARVALHO,EDUARDO ZANATTA,#NULO,5560053929,NÃO DIVULGÁVEL,-3,#NE,FEDERAÇÃO,13,PT,PARTIDO DOS TRABALHADORES,101,FEDERAÇÃO BRASIL DA ESPERANÇA - FE BRASIL,13-PT/65-PC do B/43-PV,13-PT/65-PC do B/43-PV,240001800191,FEDERAÇÃO,FEDERAÇÃO BRASIL DA ESPERANÇA - FE BRASIL (13-PT / 65-PC do B / 43-PV),SC,20/06/1985,45868910930,2,MASCULINO,8,SUPERIOR COMPLETO,3,CASADO(A),1,BRANCA,278,VEREADOR,5,SUPLENTE
05/10/2026,10:14:11,2026,2,ELEIÇÃO ORDINÁRIA,1,6259,Eleições Gerais Estaduais 2026,04/10/2026,ESTADUAL,SC,SC,SANTA CATARINA,6,DEPUTADO FEDERAL,240002533830,1388,EUNICE ANTUNES,KEREXU,#NULO,4194075960,NÃO DIVULGÁVEL,-3,#NE,FEDERAÇÃO,13,PT,PARTIDO DOS TRABALHADORES,101,FEDERAÇÃO BRASIL DA ESPERANÇA - FE BRASIL,13-PT/65-PC do B/43-PV,13-PT/65-PC do B/43-PV,240001800191,FEDERAÇÃO,FEDERAÇÃO BRASIL DA ESPERANÇA - FE BRASIL (13-PT / 65-PC do B / 43-PV),SC,14/07/1979,77506850655,4,FEMININO,8,SUPERIOR COMPLETO,1,SOLTEIRO(A),5,INDÍGENA,266,PROFESSOR DE ENSINO MÉDIO,5,SUPLENTE
05/10/2026,10:14:11,2026,2,ELEIÇÃO ORDINÁRIA,1,6259,Eleições Gerais Estaduais 2026,04/10/2026,ESTADUAL,SC,SC,SANTA CATARINA,6,DEPUTADO FEDERAL,240002533831,6565,GIOVANA VITO MONDARDO,GIOVANA MONDARDO,#NULO,7738172983,NÃO DIVULGÁVEL,-3,#NE,FEDERAÇÃO,65,PCDOB,PARTIDO COMUNISTA DO BRASIL,101,FEDERAÇÃO BRASIL DA ESPERANÇA - FE BRASIL,13-PT/65-PC do B/43-PV,13-PT/65-PC do B/43-PV,240001800191,FEDERAÇÃO,FEDERAÇÃO BRASIL DA ESPERANÇA - FE BRASIL (13-PT / 65-PC do B / 43-PV),SC,01/02/1993,54040130922,4,FEMININO,8,SUPERIOR COMPLETO,1,SOLTEIRO(A),1,BRANCA,115,ODONTÓLOGO,3,ELEITO POR MÉDIA
05/10/2026,10:14:11,2026,2,ELEIÇÃO ORDINÁRIA,1,6259,Eleições Gerais Estaduais 2026,04/10/2026,ESTADUAL,SC,SC,SANTA CATARINA,6,DEPUTADO FEDERAL,240002533832,1361,JUCELIA VARGAS VIEIRA,JÚ,#NULO,59765003900,NÃO DIVULGÁVEL,-3,#NE,FEDERAÇÃO,13,PT,PARTIDO DOS TRABALHADORES,101,FEDERAÇÃO BRASIL DA ESPERANÇA - FE BRASIL,13-PT/65-PC do B/43-PV,13-PT/65-PC do B/43-PV,240001800191,FEDERAÇÃO,FEDERAÇÃO BRASIL DA ESPERANÇA - FE BRASIL (13-PT / 65-PC do B / 43-PV),SC,20/01/1967,3843140990,4,FEMININO,8,SUPERIOR COMPLETO,3,CASADO(A),2,PRETA,265,PROFESSOR DE ENSINO FUNDAMENTAL,5,SUPLENTE
05/10/2026,10:14:11,2026,2,ELEIÇÃO ORDINÁRIA,1,6259,Eleições Gerais Estaduais 2026,04/10/2026,ESTADUAL,SC,SC,SANTA CATARINA,6,DEPUTADO FEDERAL,240002533833,1350,PEDRO FRANCISCO UCZAI,PROFESSOR PEDRO UCZAI,#NULO,47721855934,NÃO DIVULGÁVEL,-3,#NE,FEDERAÇÃO,13,PT,PARTIDO DOS TRABALHADORES,101,FEDERAÇÃO BRASIL DA ESPERANÇA - FE BRASIL,13-PT/65-PC do B/43-PV,13-PT/65-PC do B/43-PV,240001800191,FEDERAÇÃO,FEDERAÇÃO BRASIL DA ESPERANÇA - FE BRASIL (13-PT / 65-PC do B / 43-PV),SC,10/03/1963,26553310973,2,MASCULINO,8,SUPERIOR COMPLETO,3,CASADO(A),1,BRANCA,142,PROFESSOR DE ENSINO SUPERIOR,2,ELEITO POR QP
05/10/2026,10:14:11,2026,2,ELEIÇÃO ORDINÁRIA,1,6259,Eleições Gerais Estaduais 2026,04/10/2026,ESTADUAL,SC,SC,SANTA CATARINA,6,DEPUTADO FEDERAL,240002533834,4343,GUARACI EDSON FAGUNDES,GUARACI FAGUNDES,#NULO,2289639907,NÃO DIVULGÁVEL,-3,#NE,FEDERAÇÃO,43,PV,PARTIDO VERDE,101,FEDERAÇÃO BRASIL DA ESPERANÇA - FE BRASIL,13-PT/65-PC do B/43-PV,13-PT/65-PC do B/43-PV,240001800191,FEDERAÇÃO,FEDERAÇÃO BRASIL DA ESPERANÇA - FE BRASIL (13-PT / 65-PC do B / 43-PV),SC,04/02/1974,31035400906,2,MASCULINO,6,ENSINO MÉDIO COMPLETO,1,SOLTEIRO(A),1,BRANCA,999,OUTROS,5,SUPLENTE
05/10/2026,10:14:11,2026,2,ELEIÇÃO ORDINÁRIA,1,6259,Eleições Gerais Estaduais 2026,04/10/2026,ESTADUAL,SC,SC,SANTA CATARINA,6,DEPUTADO FEDERAL,240002533835,1304,FRANCISCO DE ASSIS NUNES,FRANCISCO DE ASSIS,#NULO,48484709949,NÃO DIVULGÁVEL,-3,#NE,FEDERAÇÃO,13,PT,PARTIDO DOS TRABALHADORES,101,FEDERAÇÃO BRASIL DA ESPERANÇA - FE BRASIL,13-PT/65-PC do B/43-PV,13-PT/65-PC do B/43-PV,240001800191,FEDERAÇÃO,FEDERAÇÃO BRASIL DA ESPERANÇA - FE BRASIL (13-PT / 65-PC do B / 43-PV),SC,08/09/1962,8583980965,2,MASCULINO,8,SUPERIOR COMPLETO,3,CASADO(A),1,BRANCA,999,OUTROS,5,SUPLENTE
05/10/2026,10:14:11,2026,2,ELEIÇÃO ORDINÁRIA,1,6259,Eleições Gerais Estaduais 2026,04/10/2026,ESTADUAL,SC,SC,SANTA CATARINA,6,DEPUTADO FEDERAL,240002533836,1349,IGOR MUNIZ MARAFIGO,IGOR MARAFIGO,#NULO,8017909993,NÃO DIVULGÁVEL,-3,#NE,FEDERAÇÃO,13,PT,PARTIDO DOS TRABALHADORES,101,FEDERAÇÃO BRASIL DA ESPERANÇA - FE BRASIL,13-PT/65-PC do B/43-PV,13-PT/65-PC do B/43-PV,240001800191,FEDERAÇÃO,FEDERAÇÃO BRASIL DA ESPERANÇA - FE BRASIL (13-PT / 65-PC do B / 43-PV),SC,04/02/2001,62005000965,2,MASCULINO,7,SUPERIOR INCOMPLETO,1,SOLTEIRO(A),1,BRANCA,999,OUTROS,5,SUPLENTE
05/10/2026,10:14:11,2026,2,ELEIÇÃO ORDINÁRIA,1,6259,Eleições Gerais Estaduais 2026,04/10/2026,ESTADUAL,SC,SC,SANTA CATARINA,6,DEPUTADO FEDERAL,240002533837,6500,JOVINO MARQUES GONÇALVES,JOVINO GONÇALVES,#NULO,8259240904,NÃO DIVULGÁVEL,-3,#NE,FEDERAÇÃO,65,PCDOB,PARTIDO COMUNISTA DO BRASIL,101,FEDERAÇÃO BRASIL DA ESPERANÇA - FE BRASIL,13-PT/65-PC do B/43-PV,13-PT/65-PC do B/43-PV,240001800191,FEDERAÇÃO,FEDERAÇÃO BRASIL DA ESPERANÇA - FE BRASIL (13-PT / 65-PC do B / 43-PV),SC,17/05/1953,1007360906,2,MASCULINO,7,SUPERIOR INCOMPLETO,3,CASADO(A),1,BRANCA,923,APOSENTADO (EXCETO SERVIDOR PÚBLICO),5,SUPLENTE
05/10/2026,10:14:11,2026,2,ELEIÇÃO ORDINÁRIA,1,6259,Eleições Gerais Estaduais 2026,04/10/2026,ESTADUAL,SC,SC,SANTA CATARINA,6,DEPUTADO FEDERAL,240002533838,1333,JULIANA ANDOZIO,PROF JU ANDOZIO,#NULO,28064787823,NÃO DIVULGÁVEL,-3,#NE,FEDERAÇÃO,13,PT,PARTIDO DOS TRABALHADORES,101,FEDERAÇÃO BRASIL DA ESPERANÇA - FE BRASIL,13-PT/65-PC do B/43-PV,13-PT/65-PC do B/43-PV,240001800191,FEDERAÇÃO,FEDERAÇÃO BRASIL DA ESPERANÇA - FE BRASIL (13-PT / 65-PC do B / 43-PV),SP,26/03/1981,44840960990,4,FEMININO,8,SUPERIOR COMPLETO,1,SOLTEIRO(A),1,BRANCA,230,PEDAGOGO,5,SUPLENTE
05/10/2026,10:14:11,2026,2,ELEIÇÃO ORDINÁRIA,1,6259,Eleições Gerais Estaduais 2026,04/10/2026,ESTADUAL,SC,SC,SANTA CATARINA,6,DEPUTADO FEDERAL,240002535421,3099,PAMELYS DE BARROS,PAMELYS BARROS,#NULO,9334675918,NÃO DIVULGÁVEL,-3,#NE,PARTIDO ISOLADO,30,NOVO,PARTIDO NOVO,-1,#NULO,#NULO,#NULO,240001800184,PARTIDO ISOLADO,NOVO,PR,08/01/1994,55153630914,4,FEMININO,8,SUPERIOR COMPLETO,1,SOLTEIRO(A),2,PRETA,278,VEREADOR,5,SUPLENTE
05/10/2026,10:14:11,2026,2,ELEIÇÃO ORDINÁRIA,1,6259,Eleições Gerais Estaduais 2026,04/10/2026,ESTADUAL,SC,SC,SANTA CATARINA,6,DEPUTADO FEDERAL,240002535422,3008,AMANDA GEHLEN TEIXEIRA,AMANDA TEIXEIRA,#NULO,10475909992,NÃO DIVULGÁVEL,-3,#NE,PARTIDO ISOLADO,30,NOVO,PARTIDO NOVO,-1,#NULO,#NULO,#NULO,240001800184,PARTIDO ISOLADO,NOVO,RS,19/01/1998,61280530949,4,FEMININO,7,SUPERIOR INCOMPLETO,1,SOLTEIRO(A),1,BRANCA,257,EMPRESÁRIO,5,SUPLENTE
05/10/2026,10:14:11,2026,2,ELEIÇÃO ORDINÁRIA,1,6259,Eleições Gerais Estaduais 2026,04/10/2026,ESTADUAL,SC,SC,SANTA CATARINA,6,DEPUTADO FEDERAL,240002535423,3090,CLAUDIO ALCIDES JACOSKI,REITOR CLAUDIO JACOSKI,#NULO,52668924987,NÃO DIVULGÁVEL,-3,#NE,PARTIDO ISOLADO,30,NOVO,PARTIDO NOVO,-1,#NULO,#NULO,#NULO,240001800184,PARTIDO ISOLADO,NOVO,SC,05/02/1968,15258040914,2,MASCULINO,8,SUPERIOR COMPLETO,3,CASADO(A),1,BRANCA,142,PROFESSOR DE ENSINO SUPERIOR,5,SUPLENTE
05/10/2026,10:14:11,2026,2,ELEIÇÃO ORDINÁRIA,1,6259,Eleições Gerais Estaduais 2026,04/10/2026,ESTADUAL,SC,SC,SANTA CATARINA,6,DEPUTADO FEDERAL,240002535424,3033,MORGANA COSTA DANIEL KINDERMANN,MORGANA DANIEL,#NULO,407439935,NÃO DIVULGÁVEL,-3,#NE,PARTIDO ISOLADO,30,NOVO,PARTIDO NOVO,-1,#NULO,#NULO,#NULO,240001800184,PARTIDO ISOLADO,NOVO,SC,06/09/1981,37139720906,4,FEMININO,8,SUPERIOR COMPLETO,1,SOLTEIRO(A),1,BRANCA,171,JORNALISTA E REDATOR,5,SUPLENTE
05/10/2026,10:14:11,2026,2,ELEIÇÃO ORDINÁRIA,1,6259,Eleições Gerais Estaduais 2026,04/10/2026,ESTADUAL,SC,SC,SANTA CATARINA,6,DEPUTADO FEDERAL,240002535425,3022,BEATRIZ IGNÁCIO BORBA,BIA BORBA,#NULO,14767550947,NÃO DIVULGÁVEL,-3,#NE,PARTIDO ISOLADO,30,NOVO,PARTIDO NOVO,-1,#NULO,#NULO,#NULO,240001800184,PARTIDO ISOLADO,NOVO,SC,18/04/2005,66645660922,4,FEMININO,7,SUPERIOR INCOMPLETO,1,SOLTEIRO(A),1,BRANCA,278,VEREADOR,5,SUPLENTE
05/10/2026,10:14:11,2026,2,ELEIÇÃO ORDINÁRIA,1,6259,Eleições Gerais Estaduais 2026,04/10/2026,ESTADUAL,SC,SC,SANTA CATARINA,6,DEPUTADO FEDERAL,240002535426,3049,KAUE LUIZ DE OLIVEIRA,KAUE OLIVEIRA,#NULO,5683616956,NÃO DIVULGÁVEL,-3,#NE,PARTIDO ISOLADO,30,NOVO,PARTIDO NOVO,-1,#NULO,#NULO,#NULO,240001800184,PARTIDO ISOLADO,NOVO,SC,17/04/1998,58777900930,2,MASCULINO,8,SUPERIOR COMPLETO,1,SOLTEIRO(A),3,PARDA,278,VEREADOR,5,SUPLENTE
05/10/2026,10:14:11,2026,2,ELEIÇÃO ORDINÁRIA,1,6259,Eleições Gerais Estaduais 2026,04/10/2026,ESTADUAL,SC,SC,SANTA CATARINA,6,DEPUTADO FEDERAL,240002535427,3017,JUNGLES SILVIO WEGHER,JUNGLES WEGHER,#NULO,6904189908,NÃO DIVULGÁVEL,-3,#NE,PARTIDO ISOLADO,30,NOVO,PARTIDO NOVO,-1,#NULO,#NULO,#NULO,240001800184,PARTIDO ISOLADO,NOVO,SC,15/07/1988,49277910906,2,MASCULINO,7,SUPERIOR INCOMPLETO,3,CASADO(A),1,BRANCA,257,EMPRESÁRIO,5,SUPLENTE
05/10/2026,10:14:11,2026,2,ELEIÇÃO ORDINÁRIA,1,6259,Eleições Gerais Estaduais 2026,04/10/2026,ESTADUAL,SC,SC,SANTA CATARINA,6,DEPUTADO FEDERAL,240002535428,3060,RICARDO SOARES DE OLIVEIRA,RICARDO OLIVEIRA,#NULO,81787057968,NÃO DIVULGÁVEL,-3,#NE,PARTIDO ISOLADO,30,NOVO,PARTIDO NOVO,-1,#NULO,#NULO,#NULO,240001800184,PARTIDO ISOLADO,NOVO,SC,15/09/1972,28092670981,2,MASCULINO,8,SUPERIOR COMPLETO,3,CASADO(A),1,BRANCA,292,AGENTE ADMINISTRATIVO,5,SUPLENTE
05/10/2026,10:14:11,2026,2,ELEIÇÃO ORDINÁRIA,1,6259,Eleições Gerais Estaduais 2026,04/10/2026,ESTADUAL,SC,SC,SANTA CATARINA,6,DEPUTADO FEDERAL,240002535429,3030,RODRIGO LIVRAMENTO ARAUJO,RODRIGO LIVRAMENTO,#NULO,9631824985,NÃO DIVULGÁVEL,-3,#NE,PARTIDO ISOLADO,30,NOVO,PARTIDO NOVO,-1,#NULO,#NULO,#NULO,240001800184,PARTIDO ISOLADO,NOVO,SC,22/08/1995,56864960957,2,MASCULINO,8,SUPERIOR COMPLETO,3,CASADO(A),1,BRANCA,278,VEREADOR,5,SUPLENTE
05/10/2026,10:14:11,2026,2,ELEIÇÃO ORDINÁRIA,1,6259,Eleições Gerais Estaduais 2026,04/10/2026,ESTADUAL,SC,SC,SANTA CATARINA,6,DEPUTADO FEDERAL,240002535430,3088,LUCAS WILSON GOTARDO,LUCAS GOTARDO,#NULO,7685421976,NÃO DIVULGÁVEL,-3,#NE,PARTIDO ISOLADO,30,NOVO,PARTIDO NOVO,-1,#NULO,#NULO,#NULO,240001800184,PARTIDO ISOLADO,NOVO,SC,30/10/1989,52166830906,2,MASCULINO,7,SUPERIOR INCOMPLETO,1,SOLTEIRO(A),1,BRANCA,257,EMPRESÁRIO,5,SUPLENTE
05/10/2026,10:14:11,2026,2,ELEIÇÃO ORDINÁRIA,1,6259,Eleições Gerais Estaduais 2026,04/10/2026,ESTADUAL,SC,SC,SANTA CATARINA,6,DEPUTADO FEDERAL,240002535431,3000,ÉRICO VINICIUS PEREIRA,ÉRICO VINICIUS,#NULO,399711988,NÃO DIVULGÁVEL,-3,#NE,PARTIDO ISOLADO,30,NOVO,PARTIDO NOVO,-1,#NULO,#NULO,#NULO,240001800184,PARTIDO ISOLADO,NOVO,SC,19/08/1976,33222310922,2,MASCULINO,8,SUPERIOR COMPLETO,1,SOLTEIRO(A),1,BRANCA,278,VEREADOR,5,SUPLENTE
05/10/2026,10:14:11,2026,2,ELEIÇÃO ORDINÁRIA,1,6259,Eleições Gerais Estaduais 2026,04/10/2026,ESTADUAL,SC,SC,SANTA CATARINA,6,DEPUTADO FEDERAL,240002535432,3031,ANNA CAROLINA GHIORZI VALENTE,ANNA VALENTE,#NULO,95012095987,NÃO DIVULGÁVEL,-3,#NE,PARTIDO ISOLADO,30,NOVO,PARTIDO NOVO,-1,#NULO,#NULO,#NULO,240001800184,PARTIDO ISOLADO,NOVO,SC,13/12/1976,33793100973,4,FEMININO,8,SUPERIOR COMPLETO,1,SOLTEIRO(A),1,BRANCA,125,ADMINISTRADOR,5,SUPLENTE
05/10/2026,10:14:11,2026,2,ELEIÇÃO ORDINÁRIA,1,6259,Eleições Gerais Estaduais 2026,04/10/2026,ESTADUAL,SC,SC,SANTA CATARINA,6,DEPUTADO FEDERAL,240002535433,3021,LUCIO VANDERLINDE,LUCIO VANDERLINDE,#NULO,4651576966,NÃO DIVULGÁVEL,-3,#NE,PARTIDO ISOLADO,30,NOVO,PARTIDO NOVO,-1,#NULO,#NULO,#NULO,240001800184,PARTIDO ISOLADO,NOVO,SC,02/06/1984,41600320906,2,MASCULINO,6,ENSINO MÉDIO COMPLETO,3,CASADO(A),1,BRANCA,257,EMPRESÁRIO,5,SUPLENTE
05/10/2026,10:14:11,2026,2,ELEIÇÃO ORDINÁRIA,1,6259,Eleições Gerais Estaduais 2026,04/10/2026,ESTADUAL,SC,SC,SANTA CATARINA,6,DEPUTADO FEDERAL,240002535434,3050,GILSON MARQUES VIEIRA,GILSON MARQUES,#NULO,824207939,NÃO DIVULGÁVEL,-3,#NE,PARTIDO ISOLADO,30,NOVO,PARTIDO NOVO,-1,#NULO,#NULO,#NULO,240001800184,PARTIDO ISOLADO,NOVO,SC,12/04/1981,37460480906,2,MASCULINO,8,SUPERIOR COMPLETO,3,CASADO(A),1,BRANCA,277,DEPUTADO,2,ELEITO POR QP
05/10/2026,10:14:11,2026,2,ELEIÇÃO ORDINÁRIA,1,6259,Eleições Gerais Estaduais 2026,04/10/2026,ESTADUAL,SC,SC,SANTA CATARINA,6,DEPUTADO FEDERAL,240002535435,3010,ANDRÉ DE OLIVEIRA,ANDRÉ DE OLIVEIRA,#NULO,8000755955,NÃO DIVULGÁVEL,-3,#NE,PARTIDO ISOLADO,30,NOVO,PARTIDO NOVO,-1,#NULO,#NULO,#NULO,240001800184,PARTIDO ISOLADO,NOVO,SC,18/01/1991,52080730906,2,MASCULINO,8,SUPERIOR COMPLETO,3,CASADO(A),1,BRANCA,101,ENGENHEIRO,5,SUPLENTE
05/10/2026,10:14:11,2026,2,ELEIÇÃO ORDINÁRIA,1,6259,Eleições Gerais Estaduais 2026,04/10/2026,ESTADUAL,SC,SC,SANTA CATARINA,6,DEPUTADO FEDERAL,240002535436,3007,GLENDA SILVA DOS SANTOS GERBER,GLENDA GERBER,#NULO,6682854943,NÃO DIVULGÁVEL,-3,#NE,PARTIDO ISOLADO,30,NOVO,PARTIDO NOVO,-1,#NULO,#NULO,#NULO,240001800184,PARTIDO ISOLADO,NOVO,SC,09/04/1988,48121550906,4,FEMININO,8,SUPERIOR COMPLETO,3,CASADO(A),2,PRETA,265,PROFESSOR DE ENSINO FUNDAMENTAL,5,SUPLENTE
05/10/2026,10:14:11,2026,2,ELEIÇÃO ORDINÁRIA,1,6259,Eleições Gerais Estaduais 2026,04/10/2026,ESTADUAL,SC,SC,SANTA CATARINA,6,DEPUTADO FEDERAL,240002535437,3006,RAFAEL NOGUEIRA ALVES TAVARES DA SILVA,RAFAEL NOGUEIRA,#NULO,32354829892,NÃO DIVULGÁVEL,-3,#NE,PARTIDO ISOLADO,30,NOVO,PARTIDO NOVO,-1,#NULO,#NULO,#NULO,240001800184,PARTIDO ISOLADO,NOVO,SP,27/08/1983,294189610116,2,MASCULINO,8,SUPERIOR COMPLETO,3,CASADO(A),1,BRANCA,142,PROFESSOR DE ENSINO SUPERIOR,5,SUPLENTE
05/10/2026,10:14:11,2026,2,ELEIÇÃO ORDINÁRIA,1,6259,Eleições Gerais Estaduais 2026,04/10/2026,ESTADUAL,SC,SC,SANTA CATARINA,6,DEPUTADO FEDERAL,240002537075,1011,PAULO ALCEU DORIA VAN LEEUWEN,PAULO ALCEU,#NULO,17962820063,NÃO DIVULGÁVEL,-3,#NE,PARTIDO ISOLADO,10,REPUBLICANOS,REPUBLICANOS,-1,#NULO,#NULO,#NULO,240001800350,PARTIDO ISOLADO,REPUBLICANOS,PR,04/10/1952,39731650906,2,MASCULINO,8,SUPERIOR COMPLETO,9,DIVORCIADO(A),1,BRANCA,171,JORNALISTA E REDATOR,5,SUPLENTE
05/10/2026,10:14:11,2026,2,ELEIÇÃO ORDINÁRIA,1,6259,Eleições Gerais Estaduais 2026,04/10/2026,ESTADUAL,SC,SC,SANTA CATARINA,6,DEPUTADO FEDERAL,240002537076,1022,DARCI DE MATOS,DARCI DE MATOS,#NULO,44828624953,NÃO DIVULGÁVEL,-3,#NE,PARTIDO ISOLADO,10,REPUBLICANOS,REPUBLICANOS,-1,#NULO,#NULO,#NULO,240001800350,PARTIDO ISOLADO,REPUBLICANOS,PR,08/11/1961,9710700914,2,MASCULINO,8,SUPERIOR COMPLETO,3,CASADO(A),1,BRANCA,121,ECONOMISTA,5,SUPLENTE
05/10/2026,10:14:11,2026,2,ELEIÇÃO ORDINÁRIA,1,6259,Eleições Gerais Estaduais 2026,04/10/2026,ESTADUAL,SC,SC,SANTA CATARINA,6,DEPUTADO FEDERAL,240002537077,1000,FABRICIO JOSE SATIRO DE OLIVEIRA,FABRICIO OLIVEIRA,#NULO,97441805953,NÃO DIVULGÁVEL,-3,#NE,PARTIDO ISOLADO,10,REPUBLICANOS,REPUBLICANOS,-1,#NULO,#NULO,#NULO,240001800350,PARTIDO ISOLADO,REPUBLICANOS,PR,01/07/1975,31644930973,2,MASCULINO,8,SUPERIOR COMPLETO,3,CASADO(A),1,BRANCA,257,EMPRESÁRIO,5,SUPLENTE
05/10/2026,10:14:11,2026,2,ELEIÇÃO ORDINÁRIA,1,6259,Eleições Gerais Estaduais 2026,04/10/2026,ESTADUAL,SC,SC,SANTA CATARINA,6,DEPUTADO FEDERAL,240002537078,1090,ODAIR GARBILA,SARGENTO GARBILA,#NULO,97042188934,NÃO DIVULGÁVEL,-3,#NE,PARTIDO ISOLADO,10,REPUBLICANOS,REPUBLICANOS,-1,#NULO,#NULO,#NULO,240001800350,PARTIDO ISOLADO,REPUBLICANOS,PR,16/10/1978,36815180973,2,MASCULINO,8,SUPERIOR COMPLETO,1,SOLTEIRO(A),1,BRANCA,233,POLICIAL MILITAR,5,SUPLENTE
05/10/2026,10:14:11,2026,2,ELEIÇÃO ORDINÁRIA,1,6259,Eleições Gerais Estaduais 2026,04/10/2026,ESTADUAL,SC,SC,SANTA CATARINA,6,DEPUTADO FEDERAL,240002537079,1025,EGIDIO DA ROSA BECKHAUSER,EGIDIO BECKHAUSER,#NULO,2048847994,NÃO DIVULGÁVEL,-3,#NE,PARTIDO ISOLADO,10,REPUBLICANOS,REPUBLICANOS,-1,#NULO,#NULO,#NULO,240001800350,PARTIDO ISOLADO,REPUBLICANOS,SC,23/10/1976,32984920981,2,MASCULINO,7,SUPERIOR INCOMPLETO,1,SOLTEIRO(A),1,BRANCA,278,VEREADOR,5,SUPLENTE
05/10/2026,10:14:11,2026,2,ELEIÇÃO ORDINÁRIA,1,6259,Eleições Gerais Estaduais 2026,04/10/2026,ESTADUAL,SC,SC,SANTA CATARINA,6,DEPUTADO FEDERAL,240002537080,1020,MARIA REGINA DE SOUZA SOAR,MARIA REGINA DE SOUZA SOAR,#NULO,66043905949,NÃO DIVULGÁVEL,-3,#NE,PARTIDO ISOLADO,10,REPUBLICANOS,REPUBLICANOS,-1,#NULO,#NULO,#NULO,240001800350,PARTIDO ISOLADO,REPUBLICANOS,SC,04/01/1971,26728920930,4,FEMININO,8,SUPERIOR COMPLETO,3,CASADO(A),1,BRANCA,999,OUTROS,5,SUPLENTE
05/10/2026,10:14:11,2026,2,ELEIÇÃO ORDINÁRIA,1,6259,Eleições Gerais Estaduais 2026,04/10/2026,ESTADUAL,SC,SC,SANTA CATARINA,6,DEPUTADO FEDERAL,240002537081,1077,GEOVANIA DE SÁ,GEOVANIA DE SÁ,#NULO,81095910949,NÃO DIVULGÁVEL,-3,#NE,PARTIDO ISOLADO,10,REPUBLICANOS,REPUBLICANOS,-1,#NULO,#NULO,#NULO,240001800350,PARTIDO ISOLADO,REPUBLICANOS,SC,30/03/1972,26474760906,4,FEMININO,8,SUPERIOR COMPLETO,9,DIVORCIADO(A),1,BRANCA,277,DEPUTADO,2,ELEITO POR QP
05/10/2026,10:14:11,2026,2,ELEIÇÃO ORDINÁRIA,1,6259,Eleições Gerais Estaduais 2026,04/10/2026,ESTADUAL,SC,SC,SANTA CATARINA,6,DEPUTADO FEDERAL,240002537082,1007,SABRINA DA CONCEICAO,SABRINA SASSÁ,#NULO,6064148942,NÃO DIVULGÁVEL,-3,#NE,PARTIDO ISOLADO,10,REPUBLICANOS,REPUBLICANOS,-1,#NULO,#NULO,#NULO,240001800350,PARTIDO ISOLADO,REPUBLICANOS,SC,10/01/1989,51426900906,4,FEMININO,4,ENSINO FUNDAMENTAL COMPLETO,1,SOLTEIRO(A),2,PRETA,999,OUTROS,5,SUPLENTE
05/10/2026,10:14:11,2026,2,ELEIÇÃO ORDINÁRIA,1,6259,Eleições Gerais Estaduais 2026,04/10/2026,ESTADUAL,SC,SC,SANTA CATARINA,6,DEPUTADO FEDERAL,240002537083,1033,AUGUSTO LUIZ FERNANDES JUNIOR,JUNINHO MAMÃO,#NULO,72717009949,NÃO DIVULGÁVEL,-3,#NE,PARTIDO ISOLADO,10,REPUBLICANOS,REPUBLICANOS,-1,#NULO,#NULO,#NULO,240001800350,PARTIDO ISOLADO,REPUBLICANOS,SC,02/02/1966,5869710949,2,MASCULINO,8,SUPERIOR COMPLETO,3,CASADO(A),2,PRETA,232,POLICIAL CIVIL,5,SUPLENTE
05/10/2026,10:14:11,2026,2,ELEIÇÃO ORDINÁRIA,1,6259,Eleições Gerais Estaduais 2026,04/10/2026,ESTADUAL,SC,SC,SANTA CATARINA,6,DEPUTADO FEDERAL,240002537084,1040,MIRIA DE PAULA PADILHA,MIRIA PADILHA,#NULO,4776971941,NÃO DIVULGÁVEL,-3,#NE,PARTIDO ISOLADO,10,REPUBLICANOS,REPUBLICANOS,-1,#NULO,#NULO,#NULO,240001800350,PARTIDO ISOLADO,REPUBLICANOS,SC,15/01/1986,46528270906,4,FEMININO,6,ENSINO MÉDIO COMPLETO,3,CASADO(A),1,BRANCA,702,OPERADOR DE APARELHOS DE PRODUÇÃO INDUSTRIAL,5,SUPLENTE
05/10/2026,10:14:11,2026,2,ELEIÇÃO ORDINÁRIA,1,6259,Eleições Gerais Estaduais 2026,04/10/2026,ESTADUAL,SC,SC,SANTA CATARINA,6,DEPUTADO FEDERAL,240002537085,1001,JORGE GOETTEN DE LIMA,JORGE GOETTEN,#NULO,43927998915,NÃO DIVULGÁVEL,-3,#NE,PARTIDO ISOLADO,10,REPUBLICANOS,REPUBLICANOS,-1,#NULO,#NULO,#NULO,240001800350,PARTIDO ISOLADO,REPUBLICANOS,SC,10/04/1962,12227330914,2,MASCULINO,8,SUPERIOR COMPLETO,9,DIVORCIADO(A),1,BRANCA,277,DEPUTADO,5,SUPLENTE
05/10/2026,10:14:11,2026,2,ELEIÇÃO ORDINÁRIA,1,6259,Eleições Gerais Estaduais 2026,04/10/2026,ESTADUAL,SC,SC,SANTA CATARINA,6,DEPUTADO FEDERAL,240002537086,1010,VERA DO NASCIMENTO PINHEIRO GONÇALVES,VERA PINHEIRO,#NULO,78702410591,NÃO DIVULGÁVEL,-3,#NE,PARTIDO ISOLADO,10,REPUBLICANOS,REPUBLICANOS,-1,#NULO,#NULO,#NULO,240001800350,PARTIDO ISOLADO,REPUBLICANOS,BA,25/11/1975,93863220558,4,FEMININO,6,ENSINO MÉDIO COMPLETO,3,CASADO(A),2,PRETA,278,VEREADOR,5,SUPLENTE
05/10/2026,10:14:11,2026,2,ELEIÇÃO ORDINÁRIA,1,6259,Eleições Gerais Estaduais 2026,04/10/2026,ESTADUAL,SC,SC,SANTA CATARINA,6,DEPUTADO FEDERAL,240002537826,5020,LIVIA FERREIRA PESSOA SANTOS,LÍVIA - COLETIVA SC PLURAL,#NULO,71672532191,NÃO DIVULGÁVEL,-3,#NE,FEDERAÇÃO,50,PSOL,PARTIDO SOCIALISMO E LIBERDADE,102,FEDERAÇÃO PSOL REDE,50-PSOL/18-REDE,50-PSOL/18-REDE,240001800407,FEDERAÇÃO,FEDERAÇÃO PSOL REDE (50-PSOL / 18-REDE),DF,16/01/1983,17051622020,4,FEMININO,8,SUPERIOR COMPLETO,1,SOLTEIRO(A),2,PRETA,265,PROFESSOR DE ENSINO FUNDAMENTAL,4,NÃO ELEITO
05/10/2026,10:14:11,2026,2,ELEIÇÃO ORDINÁRIA,1,6259,Eleições Gerais Estaduais 2026,04/10/2026,ESTADUAL,SC,SC,SANTA CATARINA,6,DEPUTADO FEDERAL,240002537827,5055,MARIANA SOUZA HREISEMNOU,MARI SOUZA,#NULO,9165913957,NÃO DIVULGÁVEL,-3,#NE,FEDERAÇÃO,50,PSOL,PARTIDO SOCIALISMO E LIBERDADE,102,FEDERAÇÃO PSOL REDE,50-PSOL/18-REDE,50-PSOL/18-REDE,240001800407,FEDERAÇÃO,FEDERAÇÃO PSOL REDE (50-PSOL / 18-REDE),PR,05/03/1993,99073130671,4,FEMININO,8,SUPERIOR COMPLETO,1,SOLTEIRO(A),3,PARDA,265,PROFESSOR DE ENSINO FUNDAMENTAL,4,NÃO ELEITO
05/10/2026,10:14:11,2026,2,ELEIÇÃO ORDINÁRIA,1,6259,Eleições Gerais Estaduais 2026,04/10/2026,ESTADUAL,SC,SC,SANTA CATARINA,6,DEPUTADO FEDERAL,240002537828,5013,MARCOS CORDEIRO BUENO,PROFESSOR CANGURU,#NULO,4189912948,NÃO DIVULGÁVEL,-3,#NE,FEDERAÇÃO,50,PSOL,PARTIDO SOCIALISMO E LIBERDADE,102,FEDERAÇÃO PSOL REDE,50-PSOL/18-REDE,50-PSOL/18-REDE,240001800407,FEDERAÇÃO,FEDERAÇÃO PSOL REDE (50-PSOL / 18-REDE),PR,14/11/1982,75994670647,2,MASCULINO,8,SUPERIOR COMPLETO,1,SOLTEIRO(A),1,BRANCA,265,PROFESSOR DE ENSINO FUNDAMENTAL,4,NÃO ELEITO
05/10/2026,10:14:11,2026,2,ELEIÇÃO ORDINÁRIA,1,6259,Eleições Gerais Estaduais 2026,04/10/2026,ESTADUAL,SC,SC,SANTA CATARINA,6,DEPUTADO FEDERAL,240002537829,5077,SAMARA MADUREIRA MORAIS,SAMARA MADUREIRA,#NULO,10695731750,NÃO DIVULGÁVEL,-3,#NE,FEDERAÇÃO,50,PSOL,PARTIDO SOCIALISMO E LIBERDADE,102,FEDERAÇÃO PSOL REDE,50-PSOL/18-REDE,50-PSOL/18-REDE,240001800407,FEDERAÇÃO,FEDERAÇÃO PSOL REDE (50-PSOL / 18-REDE),RJ,30/04/1985,116488650345,4,FEMININO,8,SUPERIOR COMPLETO,1,SOLTEIRO(A),1,BRANCA,142,PROFESSOR DE ENSINO SUPERIOR,4,NÃO ELEITO
05/10/2026,10:14:11,2026,2,ELEIÇÃO ORDINÁRIA,1,6259,Eleições Gerais Estaduais 2026,04/10/2026,ESTADUAL,SC,SC,SANTA CATARINA,6,DEPUTADO FEDERAL,240002537830,5075,MIRÊ SANCHEZ CHAGAS,MIRÊ CHAGAS,#NULO,84727225034,NÃO DIVULGÁVEL,-3,#NE,FEDERAÇÃO,50,PSOL,PARTIDO SOCIALISMO E LIBERDADE,102,FEDERAÇÃO PSOL REDE,50-PSOL/18-REDE,50-PSOL/18-REDE,240001800407,FEDERAÇÃO,FEDERAÇÃO PSOL REDE (50-PSOL / 18-REDE),RS,23/05/1994,108279310469,4,FEMININO,8,SUPERIOR COMPLETO,1,SOLTEIRO(A),2,PRETA,134,ASSISTENTE SOCIAL,4,NÃO ELEITO
05/10/2026,10:14:11,2026,2,ELEIÇÃO ORDINÁRIA,1,6259,Eleições Gerais Estaduais 2026,04/10/2026,ESTADUAL,SC,SC,SANTA CATARINA,6,DEPUTADO FEDERAL,240002537831,5005,LEONHARD BRAVO SEYBOTH,DRAG URBANA,#NULO,7725628908,NÃO DIVULGÁVEL,-3,#NE,FEDERAÇÃO,50,PSOL,PARTIDO SOCIALISMO E LIBERDADE,102,FEDERAÇÃO PSOL REDE,50-PSOL/18-REDE,50-PSOL/18-REDE,240001800407,FEDERAÇÃO,FEDERAÇÃO PSOL REDE (50-PSOL / 18-REDE),RS,30/07/1999,115530490450,2,MASCULINO,7,SUPERIOR INCOMPLETO,1,SOLTEIRO(A),1,BRANCA,102,ARQUITETO,4,NÃO ELEITO
05/10/2026,10:14:11,2026,2,ELEIÇÃO ORDINÁRIA,1,6259,Eleições Gerais Estaduais 2026,04/10/2026,ESTADUAL,SC,SC,SANTA CATARINA,6,DEPUTADO FEDERAL,240002537832,5024,JOSÉ INACIO SPERBER,INÁCIO SPERBER,#NULO,10421479906,NÃO DIVULGÁVEL,-3,#NE,FEDERAÇÃO,50,PSOL,PARTIDO SOCIALISMO E LIBERDADE,102,FEDERAÇÃO PSOL REDE,50-PSOL/18-REDE,50-PSOL/18-REDE,240001800407,FEDERAÇÃO,FEDERAÇÃO PSOL REDE (50-PSOL / 18-REDE),SC,20/10/2000,63757680906,2,MASCULINO,8,SUPERIOR COMPLETO,1,SOLTEIRO(A),1,BRANCA,265,PROFESSOR DE ENSINO FUNDAMENTAL,4,NÃO ELEITO
05/10/2026,10:14:11,2026,2,ELEIÇÃO ORDINÁRIA,1,6259,Eleições Gerais Estaduais 2026,04/10/2026,ESTADUAL,SC,SC,SANTA CATARINA,6,DEPUTADO FEDERAL,240002537833,5000,VICTOR DELLA GIUSTINA GASPODINI,VICTOR GASPODINI,#NULO,11112116982,NÃO DIVULGÁVEL,-3,#NE,FEDERAÇÃO,50,PSOL,PARTIDO SOCIALISMO E LIBERDADE,102,FEDERAÇÃO PSOL REDE,50-PSOL/18-REDE,50-PSOL/18-REDE,240001800407,FEDERAÇÃO,FEDERAÇÃO PSOL REDE (50-PSOL / 18-REDE),SC,12/05/1998,59156620973,2,MASCULINO,8,SUPERIOR COMPLETO,1,SOLTEIRO(A),1,BRANCA,171,JORNALISTA E REDATOR,4,NÃO ELEITO
05/10/2026,10:14:11,2026,2,ELEIÇÃO ORDINÁRIA,1,6259,Eleições Gerais Estaduais 2026,04/10/2026,ESTADUAL,SC,SC,SANTA CATARINA,6,DEPUTADO FEDERAL,240002537834,5018,SIMONE MEDEIROS MARTINS,SIMONE MEDEIROS,#NULO,91253659915,NÃO DIVULGÁVEL,-3,#NE,FEDERAÇÃO,50,PSOL,PARTIDO SOCIALISMO E LIBERDADE,102,FEDERAÇÃO PSOL REDE,50-PSOL/18-REDE,50-PSOL/18-REDE,240001800407,FEDERAÇÃO,FEDERAÇÃO PSOL REDE (50-PSOL / 18-REDE),SC,04/03/1975,33682270957,4,FEMININO,7,SUPERIOR INCOMPLETO,3,CASADO(A),1,BRANCA,248,TERAPEUTA,4,NÃO ELEITO
05/10/2026,10:14:11,2026,2,ELEIÇÃO ORDINÁRIA,1,6259,Eleições Gerais Estaduais 2026,04/10/2026,ESTADUAL,SC,SC,SANTA CATARINA,6,DEPUTADO FEDERAL,240002537835,5050,VALMIR BRAZ DE SOUZA,VALMIR BRAZ NENA,#NULO,48133442915,NÃO DIVULGÁVEL,-3,#NE,FEDERAÇÃO,50,PSOL,PARTIDO SOCIALISMO E LIBERDADE,102,FEDERAÇÃO PSOL REDE,50-PSOL/18-REDE,50-PSOL/18-REDE,240001800407,FEDERAÇÃO,FEDERAÇÃO PSOL REDE (50-PSOL / 18-REDE),SC,21/05/1962,4884040930,2,MASCULINO,7,SUPERIOR INCOMPLETO,3,CASADO(A),1,BRANCA,922,SERVIDOR PÚBLICO CIVIL APOSENTADO,4,NÃO ELEITO
05/10/2026,10:14:11,2026,2,ELEIÇÃO ORDINÁRIA,1,6259,Eleições Gerais Estaduais 2026,04/10/2026,ESTADUAL,SC,SC,SANTA CATARINA,6,DEPUTADO FEDERAL,240002537836,5010,ELSON MANOEL PEREIRA,PROFESSOR ELSON,#NULO,53403908968,NÃO DIVULGÁVEL,-3,#NE,FEDERAÇÃO,50,PSOL,PARTIDO SOCIALISMO E LIBERDADE,102,FEDERAÇÃO PSOL REDE,50-PSOL/18-REDE,50-PSOL/18-REDE,240001800407,FEDERAÇÃO,FEDERAÇÃO PSOL REDE (50-PSOL / 18-REDE),SC,01/02/1963,5356260914,2,MASCULINO,8,SUPERIOR COMPLETO,3,CASADO(A),1,BRANCA,142,PROFESSOR DE ENSINO SUPERIOR,4,NÃO ELEITO
05/10/2026,10:14:11,2026,2,ELEIÇÃO ORDINÁRIA,1,6259,Eleições Gerais Estaduais 2026,04/10/2026,ESTADUAL,SC,SC,SANTA CATARINA,6,DEPUTADO FEDERAL,240002537837,5008,BEATRIZ ALVES,BIA ALVES,#NULO,11543672906,NÃO DIVULGÁVEL,-3,#NE,FEDERAÇÃO,50,PSOL,PARTIDO SOCIALISMO E LIBERDADE,102,FEDERAÇÃO PSOL REDE,50-PSOL/18-REDE,50-PSOL/18-REDE,240001800407,FEDERAÇÃO,FEDERAÇÃO PSOL REDE (50-PSOL / 18-REDE),SC,11/06/2000,62216980981,4,FEMININO,7,SUPERIOR INCOMPLETO,1,SOLTEIRO(A),3,PARDA,243,TÉCNICO DE ENFERMAGEM E ASSEMELHADOS (EXCETO ENFERMEIRO),4,NÃO ELEITO
05/10/2026,10:14:11,2026,2,ELEIÇÃO ORDINÁRIA,1,6259,Eleições Gerais Estaduais 2026,04/10/2026,ESTADUAL,SC,SC,SANTA CATARINA,6,DEPUTADO FEDERAL,240002537838,5080,JESSICA MICHELS,JÉSSICA MICHELS,#NULO,7574390983,NÃO DIVULGÁVEL,-3,#NE,FEDERAÇÃO,50,PSOL,PARTIDO SOCIALISMO E LIBERDADE,102,FEDERAÇÃO PSOL REDE,50-PSOL/18-REDE,50-PSOL/18-REDE,240001800407,FEDERAÇÃO,FEDERAÇÃO PSOL REDE (50-PSOL / 18-REDE),SC,20/12/1990,51811140965,4,FEMININO,7,SUPERIOR INCOMPLETO,1,SOLTEIRO(A),1,BRANCA,190,FOTÓGRAFO E ASSEMELHADOS,4,NÃO ELEITO
05/10/2026,10:14:11,2026,2,ELEIÇÃO ORDINÁRIA,1,6259,Eleições Gerais Estaduais 2026,04/10/2026,ESTADUAL,SC,SC,SANTA CATARINA,6,DEPUTADO FEDERAL,240002537839,5093,GIVALDO SANTOS SANTANA,GIL SANTOS,#NULO,6984769566,NÃO DIVULGÁVEL,-3,#NE,FEDERAÇÃO,50,PSOL,PARTIDO SOCIALISMO E LIBERDADE,102,FEDERAÇÃO PSOL REDE,50-PSOL/18-REDE,50-PSOL/18-REDE,240001800407,FEDERAÇÃO,FEDERAÇÃO PSOL REDE (50-PSOL / 18-REDE),SE,18/11/1993,25003302151,2,MASCULINO,5,ENSINO MÉDIO INCOMPLETO,1,SOLTEIRO(A),3,PARDA,411,VENDEDOR DE COMÉRCIO VAREJISTA E ATACADISTA,4,NÃO ELEITO
05/10/2026,10:14:11,2026,2,ELEIÇÃO ORDINÁRIA,1,6259,Eleições Gerais Estaduais 2026,04/10/2026,ESTADUAL,SC,SC,SANTA CATARINA,6,DEPUTADO FEDERAL,240002537840,5001,THIAGO DE CASTRO MORETI,THIAGO MORETI - PROF. TATUADO,#NULO,4525666900,NÃO DIVULGÁVEL,-3,#NE,FEDERAÇÃO,50,PSOL,PARTIDO SOCIALISMO E LIBERDADE,102,FEDERAÇÃO PSOL REDE,50-PSOL/18-REDE,50-PSOL/18-REDE,240001800407,FEDERAÇÃO,FEDERAÇÃO PSOL REDE (50-PSOL / 18-REDE),SP,22/05/1984,42857720949,2,MASCULINO,8,SUPERIOR COMPLETO,3,CASADO(A),1,BRANCA,265,PROFESSOR DE ENSINO FUNDAMENTAL,4,NÃO ELEITO
05/10/2026,10:14:11,2026,2,ELEIÇÃO ORDINÁRIA,1,6259,Eleições Gerais Estaduais 2026,04/10/2026,ESTADUAL,SC,SC,SANTA CATARINA,6,DEPUTADO FEDERAL,240002537841,5040,NANDJA SCHIRLEI DA ROCHA,NANDJA XOKLENG,#NULO,5984943913,NÃO DIVULGÁVEL,-3,#NE,FEDERAÇÃO,50,PSOL,PARTIDO SOCIALISMO E LIBERDADE,102,FEDERAÇÃO PSOL REDE,50-PSOL/18-REDE,50-PSOL/18-REDE,240001800407,FEDERAÇÃO,FEDERAÇÃO PSOL REDE (50-PSOL / 18-REDE),SC,07/03/1986,46630950930,4,FEMININO,7,SUPERIOR INCOMPLETO,3,CASADO(A),5,INDÍGENA,931,"ESTUDANTE, BOLSISTA, ESTAGIÁRIO E ASSEMELHADOS",4,NÃO ELEITO
05/10/2026,10:14:11,2026,2,ELEIÇÃO ORDINÁRIA,1,6259,Eleições Gerais Estaduais 2026,04/10/2026,ESTADUAL,SC,SC,SANTA CATARINA,6,DEPUTADO FEDERAL,240002537842,5042,MARCOS VINICIUS SODRÉ E SILVA SILVESTRE,SODRÉ,#NULO,33343413801,NÃO DIVULGÁVEL,-3,#NE,FEDERAÇÃO,50,PSOL,PARTIDO SOCIALISMO E LIBERDADE,102,FEDERAÇÃO PSOL REDE,50-PSOL/18-REDE,50-PSOL/18-REDE,240001800407,FEDERAÇÃO,FEDERAÇÃO PSOL REDE (50-PSOL / 18-REDE),SP,04/08/1981,325548490183,2,MASCULINO,7,SUPERIOR INCOMPLETO,1,SOLTEIRO(A),1,BRANCA,196,GARÇOM,4,NÃO ELEITO
05/10/2026,10:14:11,2026,2,ELEIÇÃO ORDINÁRIA,1,6259,Eleições Gerais Estaduais 2026,04/10/2026,ESTADUAL,SC,SC,SANTA CATARINA,6,DEPUTADO FEDERAL,240002538096,1023,ZILANE NUNES DE SOUZA FERNANDES,ZILANE NUNES,#NULO,4490140967,NÃO DIVULGÁVEL,-3,#NE,PARTIDO ISOLADO,10,REPUBLICANOS,REPUBLICANOS,-1,#NULO,#NULO,#NULO,240001800350,PARTIDO ISOLADO,REPUBLICANOS,SC,13/01/1983,40131070965,4,FEMININO,8,SUPERIOR COMPLETO,3,CASADO(A),1,BRANCA,266,PROFESSOR DE ENSINO MÉDIO,5,SUPLENTE
05/10/2026,10:14:11,2026,2,ELEIÇÃO ORDINÁRIA,1,6259,Eleições Gerais Estaduais 2026,04/10/2026,ESTADUAL,SC,SC,SANTA CATARINA,6,DEPUTADO FEDERAL,240002538361,2007,LILIANE FREITAS LOVATO TISSEI,LILIANE DA FRADA,#NULO,1720220964,NÃO DIVULGÁVEL,-3,#NE,PARTIDO ISOLADO,20,PODE,PODEMOS,-1,#NULO,#NULO,#NULO,240001800376,PARTIDO ISOLADO,PODE,PR,05/04/1972,37941700949,4,FEMININO,8,SUPERIOR COMPLETO,1,SOLTEIRO(A),1,BRANCA,278,VEREADOR,5,SUPLENTE
05/10/2026,10:14:11,2026,2,ELEIÇÃO ORDINÁRIA,1,6259,Eleições Gerais Estaduais 2026,04/10/2026,ESTADUAL,SC,SC,SANTA CATARINA,6,DEPUTADO FEDERAL,240002538362,2002,SANDRA MACHADO DE FIGUEIREDO,DRA. SANDRA,#NULO,1347368779,NÃO DIVULGÁVEL,-3,#NE,PARTIDO ISOLADO,20,PODE,PODEMOS,-1,#NULO,#NULO,#NULO,240001800376,PARTIDO ISOLADO,PODE,RJ,24/03/1971,79311530396,4,FEMININO,8,SUPERIOR COMPLETO,3,CASADO(A),1,BRANCA,111,MÉDICO,5,SUPLENTE
05/10/2026,10:14:11,2026,2,ELEIÇÃO ORDINÁRIA,1,6259,Eleições Gerais Estaduais 2026,04/10/2026,ESTADUAL,SC,SC,SANTA CATARINA,6,DEPUTADO FEDERAL,240002538363,2004,VOLMAR JOSÉ BOSQUETTI,VOLMAR BOSQUETTI,#NULO,63477629000,NÃO DIVULGÁVEL,-3,#NE,PARTIDO ISOLADO,20,PODE,PODEMOS,-1,#NULO,#NULO,#NULO,240001800376,PARTIDO ISOLADO,PODE,RS,15/08/1971,38232070930,2,MASCULINO,8,SUPERIOR COMPLETO,3,CASADO(A),1,BRANCA,257,EMPRESÁRIO,5,SUPLENTE
05/10/2026,10:14:11,2026,2,ELEIÇÃO ORDINÁRIA,1,6259,Eleições Gerais Estaduais 2026,04/10/2026,ESTADUAL,SC,SC,SANTA CATARINA,6,DEPUTADO FEDERAL,240002538364,2040,CRISTIANE MARTA LOUREIRO,CRISTIANE LOUREIRO,#NULO,92014003904,NÃO DIVULGÁVEL,-3,#NE,PARTIDO ISOLADO,20,PODE,PODEMOS,-1,#NULO,#NULO,#NULO,240001800376,PARTIDO ISOLADO,PODE,RS,01/05/1977,33474810981,4,FEMININO,8,SUPERIOR COMPLETO,1,SOLTEIRO(A),1,BRANCA,278,VEREADOR,5,SUPLENTE
05/10/2026,10:14:11,2026,2,ELEIÇÃO ORDINÁRIA,1,6259,Eleições Gerais Estaduais 2026,04/10/2026,ESTADUAL,SC,SC,SANTA CATARINA,6,DEPUTADO FEDERAL,240002538365,2055,AILTON DE SOUZA,ITO DE SOUZA,#NULO,55052657900,NÃO DIVULGÁVEL,-3,#NE,PARTIDO ISOLADO,20,PODE,PODEMOS,-1,#NULO,#NULO,#NULO,240001800376,PARTIDO ISOLADO,PODE,SC,06/09/1964,1224030949,2,MASCULINO,6,ENSINO MÉDIO COMPLETO,3,CASADO(A),1,BRANCA,278,VEREADOR,5,SUPLENTE
05/10/2026,10:14:11,2026,2,ELEIÇÃO ORDINÁRIA,1,6259,Eleições Gerais Estaduais 2026,04/10/2026,ESTADUAL,SC,SC,SANTA CATARINA,6,DEPUTADO FEDERAL,240002538366,2026,BISMARK FABIO FUGAZZA,BISMARK DO CANAL HIPÓCRITAS,#NULO,7201479997,NÃO DIVULGÁVEL,-3,#NE,PARTIDO ISOLADO,20,PODE,PODEMOS,-1,#NULO,#NULO,#NULO,240001800376,PARTIDO ISOLADO,PODE,SC,05/05/1990,52165910949,2,MASCULINO,8,SUPERIOR COMPLETO,3,CASADO(A),1,BRANCA,257,EMPRESÁRIO,5,SUPLENTE
05/10/2026,10:14:11,2026,2,ELEIÇÃO ORDINÁRIA,1,6259,Eleições Gerais Estaduais 2026,04/10/2026,ESTADUAL,SC,SC,SANTA CATARINA,6,DEPUTADO FEDERAL,240002538367,2000,DANILO VISCONTI,DANILO VISCONTI,#NULO,5909818970,NÃO DIVULGÁVEL,-3,#NE,PARTIDO ISOLADO,20,PODE,PODEMOS,-1,#NULO,#NULO,#NULO,240001800376,PARTIDO ISOLADO,PODE,SC,06/03/1987,46772910906,2,MASCULINO,8,SUPERIOR COMPLETO,3,CASADO(A),1,BRANCA,257,EMPRESÁRIO,5,SUPLENTE
05/10/2026,10:14:11,2026,2,ELEIÇÃO ORDINÁRIA,1,6259,Eleições Gerais Estaduais 2026,04/10/2026,ESTADUAL,SC,SC,SANTA CATARINA,6,DEPUTADO FEDERAL,240002538368,2020,ANA PAULA DA SILVA,PAULINHA,#NULO,76358895915,NÃO DIVULGÁVEL,-3,#NE,PARTIDO ISOLADO,20,PODE,PODEMOS,-1,#NULO,#NULO,#NULO,240001800376,PARTIDO ISOLADO,PODE,SC,27/04/1975,32055910990,4,FEMININO,7,SUPERIOR INCOMPLETO,3,CASADO(A),1,BRANCA,277,DEPUTADO,3,ELEITO POR MÉDIA
05/10/2026,10:14:11,2026,2,ELEIÇÃO ORDINÁRIA,1,6259,Eleições Gerais Estaduais 2026,04/10/2026,ESTADUAL,SC,SC,SANTA CATARINA,6,DEPUTADO FEDERAL,240002538369,2021,REGINA APARECIDA GUZZI,REGINA GUZZI,#NULO,84603216904,NÃO DIVULGÁVEL,-3,#NE,PARTIDO ISOLADO,20,PODE,PODEMOS,-1,#NULO,#NULO,#NULO,240001800376,PARTIDO ISOLADO,PODE,SC,28/10/1974,31859850922,4,FEMININO,8,SUPERIOR COMPLETO,3,CASADO(A),1,BRANCA,923,APOSENTADO (EXCETO SERVIDOR PÚBLICO),5,SUPLENTE
05/10/2026,10:14:11,2026,2,ELEIÇÃO ORDINÁRIA,1,6259,Eleições Gerais Estaduais 2026,04/10/2026,ESTADUAL,SC,SC,SANTA CATARINA,6,DEPUTADO FEDERAL,240002538370,2014,GRAZIELA DOS SANTOS,NEGA GRAZI,#NULO,598227911,NÃO DIVULGÁVEL,-3,#NE,PARTIDO ISOLADO,20,PODE,PODEMOS,-1,#NULO,#NULO,#NULO,240001800376,PARTIDO ISOLADO,PODE,SC,22/05/1983,40626420930,4,FEMININO,6,ENSINO MÉDIO COMPLETO,3,CASADO(A),2,PRETA,999,OUTROS,5,SUPLENTE
05/10/2026,10:14:11,2026,2,ELEIÇÃO ORDINÁRIA,1,6259,Eleições Gerais Estaduais 2026,04/10/2026,ESTADUAL,SC,SC,SANTA CATARINA,6,DEPUTADO FEDERAL,240002538371,2050,GILBERTO ALCEBIADES PINHEIRO,GEMADA,#NULO,559971982,NÃO DIVULGÁVEL,-3,#NE,PARTIDO ISOLADO,20,PODE,PODEMOS,-1,#NULO,#NULO,#NULO,240001800376,PARTIDO ISOLADO,PODE,SC,25/04/1979,34147490973,2,MASCULINO,6,ENSINO MÉDIO COMPLETO,1,SOLTEIRO(A),1,BRANCA,278,VEREADOR,5,SUPLENTE
05/10/2026,10:14:11,2026,2,ELEIÇÃO ORDINÁRIA,1,6259,Eleições Gerais Estaduais 2026,04/10/2026,ESTADUAL,SC,SC,SANTA CATARINA,6,DEPUTADO FEDERAL,240002538372,2022,ROSINEI DE SOUZA HORACIO,ROSINEY HORACIO,#NULO,66008387953,NÃO DIVULGÁVEL,-3,#NE,PARTIDO ISOLADO,20,PODE,PODEMOS,-1,#NULO,#NULO,#NULO,240001800376,PARTIDO ISOLADO,PODE,SC,21/05/1974,27259060949,2,MASCULINO,8,SUPERIOR COMPLETO,3,CASADO(A),1,BRANCA,999,OUTROS,5,SUPLENTE
05/10/2026,10:14:11,2026,2,ELEIÇÃO ORDINÁRIA,1,6259,Eleições Gerais Estaduais 2026,04/10/2026,ESTADUAL,SC,SC,SANTA CATARINA,6,DEPUTADO FEDERAL,240002538373,2077,JOAB HAMILTON DA COSTA,JOAB DA PESCA,#NULO,3691690939,NÃO DIVULGÁVEL,-3,#NE,PARTIDO ISOLADO,20,PODE,PODEMOS,-1,#NULO,#NULO,#NULO,240001800376,PARTIDO ISOLADO,PODE,SC,29/12/1981,34247980906,2,MASCULINO,6,ENSINO MÉDIO COMPLETO,1,SOLTEIRO(A),1,BRANCA,604,PESCADOR,5,SUPLENTE
05/10/2026,10:14:11,2026,2,ELEIÇÃO ORDINÁRIA,1,6259,Eleições Gerais Estaduais 2026,04/10/2026,ESTADUAL,SC,SC,SANTA CATARINA,6,DEPUTADO FEDERAL,240002538374,2030,MELISSA DO AMARAL RIBEIRO DE MEDEIROS,MELISSA MEDEIROS,#NULO,75341832949,NÃO DIVULGÁVEL,-3,#NE,PARTIDO ISOLADO,20,PODE,PODEMOS,-1,#NULO,#NULO,#NULO,240001800376,PARTIDO ISOLADO,PODE,SC,18/05/1971,26798050906,4,FEMININO,6,ENSINO MÉDIO COMPLETO,3,CASADO(A),1,BRANCA,999,OUTROS,5,SUPLENTE
05/10/2026,10:14:11,2026,2,ELEIÇÃO ORDINÁRIA,1,6259,Eleições Gerais Estaduais 2026,04/10/2026,ESTADUAL,SC,SC,SANTA CATARINA,6,DEPUTADO FEDERAL,240002538375,2010,RICARDO COSTA FRANCO DE CAMARGO,RICARDO GANEM,#NULO,35379182836,NÃO DIVULGÁVEL,-3,#NE,PARTIDO ISOLADO,20,PODE,PODEMOS,-1,#NULO,#NULO,#NULO,240001800376,PARTIDO ISOLADO,PODE,SP,12/05/1987,335162990116,2,MASCULINO,8,SUPERIOR COMPLETO,3,CASADO(A),3,PARDA,999,OUTROS,5,SUPLENTE
05/10/2026,10:14:11,2026,2,ELEIÇÃO ORDINÁRIA,1,6259,Eleições Gerais Estaduais 2026,04/10/2026,ESTADUAL,SC,SC,SANTA CATARINA,6,DEPUTADO FEDERAL,240002539368,2212,CARLOS HENRIQUE DE LIMA,SARGENTO LIMA,#NULO,91903920949,NÃO DIVULGÁVEL,-3,#NE,PARTIDO ISOLADO,22,PL,PARTIDO LIBERAL,-1,#NULO,#NULO,#NULO,240001800417,PARTIDO ISOLADO,PL,MG,06/08/1972,57725180671,2,MASCULINO,8,SUPERIOR COMPLETO,3,CASADO(A),1,BRANCA,277,DEPUTADO,2,ELEITO POR QP
05/10/2026,10:14:11,2026,2,ELEIÇÃO ORDINÁRIA,1,6259,Eleições Gerais Estaduais 2026,04/10/2026,ESTADUAL,SC,SC,SANTA CATARINA,6,DEPUTADO FEDERAL,240002539369,2202,MARTA FERREIRA DA LUZ,MARTINHA FERREIRA,#NULO,2799967990,NÃO DIVULGÁVEL,-3,#NE,PARTIDO ISOLADO,22,PL,PARTIDO LIBERAL,-1,#NULO,#NULO,#NULO,240001800417,PARTIDO ISOLADO,PL,PR,14/11/1977,62695850612,4,FEMININO,6,ENSINO MÉDIO COMPLETO,1,SOLTEIRO(A),1,BRANCA,278,VEREADOR,5,SUPLENTE
05/10/2026,10:14:11,2026,2,ELEIÇÃO ORDINÁRIA,1,6259,Eleições Gerais Estaduais 2026,04/10/2026,ESTADUAL,SC,SC,SANTA CATARINA,6,DEPUTADO FEDERAL,240002539370,2223,MARCELO LEMOS DOS REIS,DR. MARCELO REIS,#NULO,1090306725,NÃO DIVULGÁVEL,-3,#NE,PARTIDO ISOLADO,22,PL,PARTIDO LIBERAL,-1,#NULO,#NULO,#NULO,240001800417,PARTIDO ISOLADO,PL,RJ,29/01/1970,74799420388,2,MASCULINO,8,SUPERIOR COMPLETO,3,CASADO(A),1,BRANCA,111,MÉDICO,5,SUPLENTE
05/10/2026,10:14:11,2026,2,ELEIÇÃO ORDINÁRIA,1,6259,Eleições Gerais Estaduais 2026,04/10/2026,ESTADUAL,SC,SC,SANTA CATARINA,6,DEPUTADO FEDERAL,240002539371,2222,JAIR RENAN VALLE BOLSONARO,JAIR BOLSONARO,#NULO,4225321185,NÃO DIVULGÁVEL,-3,#NE,PARTIDO ISOLADO,22,PL,PARTIDO LIBERAL,-1,#NULO,#NULO,#NULO,240001800417,PARTIDO ISOLADO,PL,RJ,10/04/1998,158405780310,2,MASCULINO,7,SUPERIOR INCOMPLETO,1,SOLTEIRO(A),1,BRANCA,278,VEREADOR,2,ELEITO POR QP
05/10/2026,10:14:11,2026,2,ELEIÇÃO ORDINÁRIA,1,6259,Eleições Gerais Estaduais 2026,04/10/2026,ESTADUAL,SC,SC,SANTA CATARINA,6,DEPUTADO FEDERAL,240002539372,2216,VALDIR COLATTO,VALDIR COLATTO,#NULO,16261577900,NÃO DIVULGÁVEL,-3,#NE,PARTIDO ISOLADO,22,PL,PARTIDO LIBERAL,-1,#NULO,#NULO,#NULO,240001800417,PARTIDO ISOLADO,PL,RS,15/10/1949,17393690981,2,MASCULINO,8,SUPERIOR COMPLETO,3,CASADO(A),1,BRANCA,101,ENGENHEIRO,5,SUPLENTE
05/10/2026,10:14:11,2026,2,ELEIÇÃO ORDINÁRIA,1,6259,Eleições Gerais Estaduais 2026,04/10/2026,ESTADUAL,SC,SC,SANTA CATARINA,6,DEPUTADO FEDERAL,240002539373,2244,JULIETHE NITZ WANDALEN,JULIETHE NITZ,#NULO,3691194958,NÃO DIVULGÁVEL,-3,#NE,PARTIDO ISOLADO,22,PL,PARTIDO LIBERAL,-1,#NULO,#NULO,#NULO,240001800417,PARTIDO ISOLADO,PL,SC,22/01/1982,40618890973,4,FEMININO,8,SUPERIOR COMPLETO,3,CASADO(A),1,BRANCA,131,ADVOGADO,5,SUPLENTE
05/10/2026,10:14:11,2026,2,ELEIÇÃO ORDINÁRIA,1,6259,Eleições Gerais Estaduais 2026,04/10/2026,ESTADUAL,SC,SC,SANTA CATARINA,6,DEPUTADO FEDERAL,240002539374,2277,ISMAEL DOS SANTOS,ISMAEL DOS SANTOS,#NULO,51371944920,NÃO DIVULGÁVEL,-3,#NE,PARTIDO ISOLADO,22,PL,PARTIDO LIBERAL,-1,#NULO,#NULO,#NULO,240001800417,PARTIDO ISOLADO,PL,SC,16/07/1965,1001650957,2,MASCULINO,8,SUPERIOR COMPLETO,3,CASADO(A),1,BRANCA,277,DEPUTADO,5,SUPLENTE
05/10/2026,10:14:11,2026,2,ELEIÇÃO ORDINÁRIA,1,6259,Eleições Gerais Estaduais 2026,04/10/2026,ESTADUAL,SC,SC,SANTA CATARINA,6,DEPUTADO FEDERAL,240002539375,2221,FERNANDO CORDEIRO DOS SANTOS,FERNANDO CORDEIRO,#NULO,7669505907,NÃO DIVULGÁVEL,-3,#NE,PARTIDO ISOLADO,22,PL,PARTIDO LIBERAL,-1,#NULO,#NULO,#NULO,240001800417,PARTIDO ISOLADO,PL,SC,14/11/1990,51882200957,2,MASCULINO,6,ENSINO MÉDIO COMPLETO,3,CASADO(A),1,BRANCA,278,VEREADOR,5,SUPLENTE
05/10/2026,10:14:11,2026,2,ELEIÇÃO ORDINÁRIA,1,6259,Eleições Gerais Estaduais 2026,04/10/2026,ESTADUAL,SC,SC,SANTA CATARINA,6,DEPUTADO FEDERAL,240002539376,2211,DANIEL COSTA DE FREITAS,DANIEL FREITAS,#NULO,3751859926,NÃO DIVULGÁVEL,-3,#NE,PARTIDO ISOLADO,22,PL,PARTIDO LIBERAL,-1,#NULO,#NULO,#NULO,240001800417,PARTIDO ISOLADO,PL,SC,03/04/1982,41521570990,2,MASCULINO,8,SUPERIOR COMPLETO,3,CASADO(A),1,BRANCA,277,DEPUTADO,3,ELEITO POR MÉDIA
05/10/2026,10:14:11,2026,2,ELEIÇÃO ORDINÁRIA,1,6259,Eleições Gerais Estaduais 2026,04/10/2026,ESTADUAL,SC,SC,SANTA CATARINA,6,DEPUTADO FEDERAL,240002539377,2200,RICARDO ZANATTA GUIDI,RICARDO GUIDI,#NULO,95128140997,NÃO DIVULGÁVEL,-3,#NE,PARTIDO ISOLADO,22,PL,PARTIDO LIBERAL,-1,#NULO,#NULO,#NULO,240001800417,PARTIDO ISOLADO,PL,SC,28/09/1977,33822590906,2,MASCULINO,8,SUPERIOR COMPLETO,3,CASADO(A),1,BRANCA,257,EMPRESÁRIO,3,ELEITO POR MÉDIA
05/10/2026,10:14:11,2026,2,ELEIÇÃO ORDINÁRIA,1,6259,Eleições Gerais Estaduais 2026,04/10/2026,ESTADUAL,SC,SC,SANTA CATARINA,6,DEPUTADO FEDERAL,240002539378,2233,JULIA PEDROSO ZANATTA,JULIA ZANATTA,#NULO,4796165908,NÃO DIVULGÁVEL,-3,#NE,PARTIDO ISOLADO,22,PL,PARTIDO LIBERAL,-1,#NULO,#NULO,#NULO,240001800417,PARTIDO ISOLADO,PL,SC,20/03/1985,44245220906,4,FEMININO,8,SUPERIOR COMPLETO,1,SOLTEIRO(A),1,BRANCA,131,ADVOGADO,2,ELEITO POR QP
05/10/2026,10:14:11,2026,2,ELEIÇÃO ORDINÁRIA,1,6259,Eleições Gerais Estaduais 2026,04/10/2026,ESTADUAL,SC,SC,SANTA CATARINA,6,DEPUTADO FEDERAL,240002539379,2248,MANOELLA VIEIRA DA SILVA,MANU VIEIRA,#NULO,862832942,NÃO DIVULGÁVEL,-3,#NE,PARTIDO ISOLADO,22,PL,PARTIDO LIBERAL,-1,#NULO,#NULO,#NULO,240001800417,PARTIDO ISOLADO,PL,SC,18/07/1982,38946220906,4,FEMININO,8,SUPERIOR COMPLETO,1,SOLTEIRO(A),1,BRANCA,278,VEREADOR,5,SUPLENTE
05/10/2026,10:14:11,2026,2,ELEIÇÃO ORDINÁRIA,1,6259,Eleições Gerais Estaduais 2026,04/10/2026,ESTADUAL,SC,SC,SANTA CATARINA,6,DEPUTADO FEDERAL,240002539380,2288,JOAO PAULO KARAM KLEINUBING,JOÃO PAULO KLEINÜBING,#NULO,90140362991,NÃO DIVULGÁVEL,-3,#NE,PARTIDO ISOLADO,22,PL,PARTIDO LIBERAL,-1,#NULO,#NULO,#NULO,240001800417,PARTIDO ISOLADO,PL,SC,19/12/1972,26738410949,2,MASCULINO,8,SUPERIOR COMPLETO,3,CASADO(A),1,BRANCA,125,ADMINISTRADOR,5,SUPLENTE
05/10/2026,10:14:11,2026,2,ELEIÇÃO ORDINÁRIA,1,6259,Eleições Gerais Estaduais 2026,04/10/2026,ESTADUAL,SC,SC,SANTA CATARINA,6,DEPUTADO FEDERAL,240002539381,2201,FERNANDA DE SOUZA CORDOVA,FERNANDA CÓRDOVA,#NULO,714263966,NÃO DIVULGÁVEL,-3,#NE,PARTIDO ISOLADO,22,PL,PARTIDO LIBERAL,-1,#NULO,#NULO,#NULO,240001800417,PARTIDO ISOLADO,PL,SC,17/02/1982,39887920981,4,FEMININO,8,SUPERIOR COMPLETO,3,CASADO(A),1,BRANCA,125,ADMINISTRADOR,5,SUPLENTE
05/10/2026,10:14:11,2026,2,ELEIÇÃO ORDINÁRIA,1,6259,Eleições Gerais Estaduais 2026,04/10/2026,ESTADUAL,SC,SC,SANTA CATARINA,6,DEPUTADO FEDERAL,240002539382,2210,DANIELA CRISTINA REINEHR,DANIELA REINEHR,#NULO,1932951997,NÃO DIVULGÁVEL,-3,#NE,PARTIDO ISOLADO,22,PL,PARTIDO LIBERAL,-1,#NULO,#NULO,#NULO,240001800417,PARTIDO ISOLADO,PL,SC,04/04/1977,33253390906,4,FEMININO,8,SUPERIOR COMPLETO,3,CASADO(A),1,BRANCA,277,DEPUTADO,2,ELEITO POR QP
05/10/2026,10:14:11,2026,2,ELEIÇÃO ORDINÁRIA,1,6259,Eleições Gerais Estaduais 2026,04/10/2026,ESTADUAL,SC,SC,SANTA CATARINA,6,DEPUTADO FEDERAL,240002539383,2299,RUBENS ANGIOLETTI,ANGIOLETTI RUBENS,#NULO,69024987920,NÃO DIVULGÁVEL,-3,#NE,PARTIDO ISOLADO,22,PL,PARTIDO LIBERAL,-1,#NULO,#NULO,#NULO,240001800417,PARTIDO ISOLADO,PL,SP,30/05/1971,26967810922,2,MASCULINO,8,SUPERIOR COMPLETO,3,CASADO(A),1,BRANCA,171,JORNALISTA E REDATOR,5,SUPLENTE
05/10/2026,10:14:11,2026,2,ELEIÇÃO ORDINÁRIA,1,6259,Eleições Gerais Estaduais 2026,04/10/2026,ESTADUAL,SC,SC,SANTA CATARINA,6,DEPUTADO FEDERAL,240002539384,2220,MARCOS ANTONIO PEREIRA GOMES,ZÉ TROVÃO,#NULO,36400681817,NÃO DIVULGÁVEL,-3,#NE,PARTIDO ISOLADO,22,PL,PARTIDO LIBERAL,-1,#NULO,#NULO,#NULO,240001800417,PARTIDO ISOLADO,PL,SP,22/07/1988,353755810183,2,MASCULINO,6,ENSINO MÉDIO COMPLETO,9,DIVORCIADO(A),1,BRANCA,277,DEPUTADO,2,ELEITO POR QP
05/10/2026,10:14:11,2026,2,ELEIÇÃO ORDINÁRIA,1,6259,Eleições Gerais Estaduais 2026,04/10/2026,ESTADUAL,SC,SC,SANTA CATARINA,6,DEPUTADO FEDERAL,240002539586,8080,ANDRE LUIZ MAYKOT FILHO,ANDRE DREJAN,#NULO,13108401998,NÃO DIVULGÁVEL,-3,#NE,PARTIDO ISOLADO,80,UP,UNIDADE POPULAR,-1,#NULO,#NULO,#NULO,240001800459,PARTIDO ISOLADO,UP,SC,30/01/2001,68892340990,2,MASCULINO,6,ENSINO MÉDIO COMPLETO,1,SOLTEIRO(A),1,BRANCA,206,INDUSTRIAL,4,NÃO ELEITO
05/10/2026,10:14:11,2026,2,ELEIÇÃO ORDINÁRIA,1,6259,Eleições Gerais Estaduais 2026,04/10/2026,ESTADUAL,SC,SC,SANTA CATARINA,6,DEPUTADO FEDERAL,240002539633,2322,ROSELI MORAES SILVA,ROSELI MORAES (ROSE),#NULO,86288431915,NÃO DIVULGÁVEL,-3,#NE,FEDERAÇÃO,23,CIDADANIA,CIDADANIA,100,FEDERAÇÃO PSDB CIDADANIA,45-PSDB/23-CIDADANIA,45-PSDB/23-CIDADANIA,240001800461,FEDERAÇÃO,FEDERAÇÃO PSDB CIDADANIA (45-PSDB / 23-CIDADANIA),PR,18/07/1971,29648170930,4,FEMININO,8,SUPERIOR COMPLETO,3,CASADO(A),1,BRANCA,999,OUTROS,4,NÃO ELEITO
05/10/2026,10:14:11,2026,2,ELEIÇÃO ORDINÁRIA,1,6259,Eleições Gerais Estaduais 2026,04/10/2026,ESTADUAL,SC,SC,SANTA CATARINA,6,DEPUTADO FEDERAL,240002539634,2345,ARLEI DA SILVA,ARLEI,#NULO,53479173004,NÃO DIVULGÁVEL,-3,#NE,FEDERAÇÃO,23,CIDADANIA,CIDADANIA,100,FEDERAÇÃO PSDB CIDADANIA,45-PSDB/23-CIDADANIA,45-PSDB/23-CIDADANIA,240001800461,FEDERAÇÃO,FEDERAÇÃO PSDB CIDADANIA (45-PSDB / 23-CIDADANIA),RS,20/09/1970,39267360990,2,MASCULINO,7,SUPERIOR INCOMPLETO,3,CASADO(A),1,BRANCA,999,OUTROS,4,NÃO ELEITO
05/10/2026,10:14:11,2026,2,ELEIÇÃO ORDINÁRIA,1,6259,Eleições Gerais Estaduais 2026,04/10/2026,ESTADUAL,SC,SC,SANTA CATARINA,6,DEPUTADO FEDERAL,240002539635,2323,BARBARA KAWALL CONNOLLY,DRA. BARBARA KAWALL,#NULO,5310070907,NÃO DIVULGÁVEL,-3,#NE,FEDERAÇÃO,23,CIDADANIA,CIDADANIA,100,FEDERAÇÃO PSDB CIDADANIA,45-PSDB/23-CIDADANIA,45-PSDB/23-CIDADANIA,240001800461,FEDERAÇÃO,FEDERAÇÃO PSDB CIDADANIA (45-PSDB / 23-CIDADANIA),SP,12/01/1988,92292470604,4,FEMININO,8,SUPERIOR COMPLETO,9,DIVORCIADO(A),1,BRANCA,111,MÉDICO,4,NÃO ELEITO
05/10/2026,10:14:11,2026,2,ELEIÇÃO ORDINÁRIA,1,6259,Eleições Gerais Estaduais 2026,04/10/2026,ESTADUAL,SC,SC,SANTA CATARINA,6,DEPUTADO FEDERAL,240002541395,1588,VINICIUS RODRIGUES RAMOS,VINI PROTETOR DE ANIMAIS,#NULO,4321822920,NÃO DIVULGÁVEL,-3,#NE,PARTIDO ISOLADO,15,MDB,MOVIMENTO DEMOCRÁTICO BRASILEIRO,-1,#NULO,#NULO,#NULO,240001800480,PARTIDO ISOLADO,MDB,RS,27/11/1983,42957420973,2,MASCULINO,8,SUPERIOR COMPLETO,1,SOLTEIRO(A),1,BRANCA,257,EMPRESÁRIO,5,SUPLENTE
05/10/2026,10:14:11,2026,2,ELEIÇÃO ORDINÁRIA,1,6259,Eleições Gerais Estaduais 2026,04/10/2026,ESTADUAL,SC,SC,SANTA CATARINA,6,DEPUTADO FEDERAL,240002541396,1500,CLEITON MÁRCIO FOSSÁ,CLEITON FOSSÁ,#NULO,2951135963,NÃO DIVULGÁVEL,-3,#NE,PARTIDO ISOLADO,15,MDB,MOVIMENTO DEMOCRÁTICO BRASILEIRO,-1,#NULO,#NULO,#NULO,240001800480,PARTIDO ISOLADO,MDB,SC,26/12/1979,35536820990,2,MASCULINO,8,SUPERIOR COMPLETO,3,CASADO(A),1,BRANCA,131,ADVOGADO,5,SUPLENTE
05/10/2026,10:14:11,2026,2,ELEIÇÃO ORDINÁRIA,1,6259,Eleições Gerais Estaduais 2026,04/10/2026,ESTADUAL,SC,SC,SANTA CATARINA,6,DEPUTADO FEDERAL,240002541397,1590,CLOSMAR ZAGONEL,ZAGONEL,#NULO,65192117968,NÃO DIVULGÁVEL,-3,#NE,PARTIDO ISOLADO,15,MDB,MOVIMENTO DEMOCRÁTICO BRASILEIRO,-1,#NULO,#NULO,#NULO,240001800480,PARTIDO ISOLADO,MDB,SC,01/01/1968,3060760949,2,MASCULINO,6,ENSINO MÉDIO COMPLETO,1,SOLTEIRO(A),1,BRANCA,278,VEREADOR,5,SUPLENTE
05/10/2026,10:14:11,2026,2,ELEIÇÃO ORDINÁRIA,1,6259,Eleições Gerais Estaduais 2026,04/10/2026,ESTADUAL,SC,SC,SANTA CATARINA,6,DEPUTADO FEDERAL,240002541398,1516,DANUBIA MANARIN SANT ANNA,DANI SANT ANNA,#NULO,5841483994,NÃO DIVULGÁVEL,-3,#NE,PARTIDO ISOLADO,15,MDB,MOVIMENTO DEMOCRÁTICO BRASILEIRO,-1,#NULO,#NULO,#NULO,240001800480,PARTIDO ISOLADO,MDB,SC,17/01/1988,47493880973,4,FEMININO,8,SUPERIOR COMPLETO,1,SOLTEIRO(A),1,BRANCA,125,ADMINISTRADOR,5,SUPLENTE
05/10/2026,10:14:11,2026,2,ELEIÇÃO ORDINÁRIA,1,6259,Eleições Gerais Estaduais 2026,04/10/2026,ESTADUAL,SC,SC,SANTA CATARINA,6,DEPUTADO FEDERAL,240002541399,1567,CIRO ANDRÉ QUINTINO,CIRO,#NULO,89599411900,NÃO DIVULGÁVEL,-3,#NE,PARTIDO ISOLADO,15,MDB,MOVIMENTO DEMOCRÁTICO BRASILEIRO,-1,#NULO,#NULO,#NULO,240001800480,PARTIDO ISOLADO,MDB,SC,11/01/1973,29151030914,2,MASCULINO,8,SUPERIOR COMPLETO,1,SOLTEIRO(A),1,BRANCA,278,VEREADOR,5,SUPLENTE
05/10/2026,10:14:11,2026,2,ELEIÇÃO ORDINÁRIA,1,6259,Eleições Gerais Estaduais 2026,04/10/2026,ESTADUAL,SC,SC,SANTA CATARINA,6,DEPUTADO FEDERAL,240002541400,1523,NATALIA LUCIA PETRY,PROFESSORA NATÁLIA,#NULO,45921920959,NÃO DIVULGÁVEL,-3,#NE,PARTIDO ISOLADO,15,MDB,MOVIMENTO DEMOCRÁTICO BRASILEIRO,-1,#NULO,#NULO,#NULO,240001800480,PARTIDO ISOLADO,MDB,SC,16/08/1961,7571210965,4,FEMININO,8,SUPERIOR COMPLETO,1,SOLTEIRO(A),1,BRANCA,278,VEREADOR,5,SUPLENTE
05/10/2026,10:14:11,2026,2,ELEIÇÃO ORDINÁRIA,1,6259,Eleições Gerais Estaduais 2026,04/10/2026,ESTADUAL,SC,SC,SANTA CATARINA,6,DEPUTADO FEDERAL,240002541401,1540,RODRIGO COELHO,RODRIGO COELHO,#NULO,3000053930,NÃO DIVULGÁVEL,-3,#NE,PARTIDO ISOLADO,15,MDB,MOVIMENTO DEMOCRÁTICO BRASILEIRO,-1,#NULO,#NULO,#NULO,240001800480,PARTIDO ISOLADO,MDB,SC,29/06/1980,35328720906,2,MASCULINO,8,SUPERIOR COMPLETO,3,CASADO(A),1,BRANCA,131,ADVOGADO,5,SUPLENTE
05/10/2026,10:14:11,2026,2,ELEIÇÃO ORDINÁRIA,1,6259,Eleições Gerais Estaduais 2026,04/10/2026,ESTADUAL,SC,SC,SANTA CATARINA,6,DEPUTADO FEDERAL,240002541402,1527,RAQUEL CRISTINA BÄCHTOLD,RAQUEL DA REURB,#NULO,1044836954,NÃO DIVULGÁVEL,-3,#NE,PARTIDO ISOLADO,15,MDB,MOVIMENTO DEMOCRÁTICO BRASILEIRO,-1,#NULO,#NULO,#NULO,240001800480,PARTIDO ISOLADO,MDB,SC,28/05/1985,86181090620,4,FEMININO,6,ENSINO MÉDIO COMPLETO,3,CASADO(A),1,BRANCA,257,EMPRESÁRIO,5,SUPLENTE
05/10/2026,10:14:11,2026,2,ELEIÇÃO ORDINÁRIA,1,6259,Eleições Gerais Estaduais 2026,04/10/2026,ESTADUAL,SC,SC,SANTA CATARINA,6,DEPUTADO FEDERAL,240002541403,1555,ANGELA DOS SANTOS OLIVEIRA RODRIGUES,ANGELA CAD UNICO,#NULO,2460909950,NÃO DIVULGÁVEL,-3,#NE,PARTIDO ISOLADO,15,MDB,MOVIMENTO DEMOCRÁTICO BRASILEIRO,-1,#NULO,#NULO,#NULO,240001800480,PARTIDO ISOLADO,MDB,SC,06/01/1973,34068300990,4,FEMININO,3,ENSINO FUNDAMENTAL INCOMPLETO,3,CASADO(A),1,BRANCA,298,SERVIDOR PÚBLICO MUNICIPAL,5,SUPLENTE
05/10/2026,10:14:11,2026,2,ELEIÇÃO ORDINÁRIA,1,6259,Eleições Gerais Estaduais 2026,04/10/2026,ESTADUAL,SC,SC,SANTA CATARINA,6,DEPUTADO FEDERAL,240002541404,1550,MARIA JOSE PAULO DA ROSA,MARIA JOSE,#NULO,54874564968,NÃO DIVULGÁVEL,-3,#NE,PARTIDO ISOLADO,15,MDB,MOVIMENTO DEMOCRÁTICO BRASILEIRO,-1,#NULO,#NULO,#NULO,240001800480,PARTIDO ISOLADO,MDB,SC,15/02/1964,9877070906,4,FEMININO,6,ENSINO MÉDIO COMPLETO,3,CASADO(A),1,BRANCA,257,EMPRESÁRIO,4,NÃO ELEITO
05/10/2026,10:14:11,2026,2,ELEIÇÃO ORDINÁRIA,1,6259,Eleições Gerais Estaduais 2026,04/10/2026,ESTADUAL,SC,SC,SANTA CATARINA,6,DEPUTADO FEDERAL,240002541405,1570,ELOI JOSE QUEGE,DR.ELOI,#NULO,74021958991,NÃO DIVULGÁVEL,-3,#NE,PARTIDO ISOLADO,15,MDB,MOVIMENTO DEMOCRÁTICO BRASILEIRO,-1,#NULO,#NULO,#NULO,240001800480,PARTIDO ISOLADO,MDB,SC,19/04/1968,35185580990,2,MASCULINO,8,SUPERIOR COMPLETO,3,CASADO(A),1,BRANCA,111,MÉDICO,4,NÃO ELEITO
05/10/2026,10:14:11,2026,2,ELEIÇÃO ORDINÁRIA,1,6259,Eleições Gerais Estaduais 2026,04/10/2026,ESTADUAL,SC,SC,SANTA CATARINA,6,DEPUTADO FEDERAL,240002541406,1510,RAFAEL PEZENTI,PEZENTI,#NULO,5735414933,NÃO DIVULGÁVEL,-3,#NE,PARTIDO ISOLADO,15,MDB,MOVIMENTO DEMOCRÁTICO BRASILEIRO,-1,#NULO,#NULO,#NULO,240001800480,PARTIDO ISOLADO,MDB,SC,06/06/1987,45262810906,2,MASCULINO,8,SUPERIOR COMPLETO,3,CASADO(A),1,BRANCA,171,JORNALISTA E REDATOR,2,ELEITO POR QP
05/10/2026,10:14:11,2026,2,ELEIÇÃO ORDINÁRIA,1,6259,Eleições Gerais Estaduais 2026,04/10/2026,ESTADUAL,SC,SC,SANTA CATARINA,6,DEPUTADO FEDERAL,240002541407,1598,JOAO MARCOS MATOS,JOAO MATOS,#NULO,91043506934,NÃO DIVULGÁVEL,-3,#NE,PARTIDO ISOLADO,15,MDB,MOVIMENTO DEMOCRÁTICO BRASILEIRO,-1,#NULO,#NULO,#NULO,240001800480,PARTIDO ISOLADO,MDB,SC,03/11/1973,29973960914,2,MASCULINO,8,SUPERIOR COMPLETO,3,CASADO(A),1,BRANCA,257,EMPRESÁRIO,5,SUPLENTE
05/10/2026,10:14:11,2026,2,ELEIÇÃO ORDINÁRIA,1,6259,Eleições Gerais Estaduais 2026,04/10/2026,ESTADUAL,SC,SC,SANTA CATARINA,6,DEPUTADO FEDERAL,240002541408,1560,VALDIR VITAL COBALCHINI,VALDIR COBALCHINI,#NULO,33944709187,NÃO DIVULGÁVEL,-3,#NE,PARTIDO ISOLADO,15,MDB,MOVIMENTO DEMOCRÁTICO BRASILEIRO,-1,#NULO,#NULO,#NULO,240001800480,PARTIDO ISOLADO,MDB,SC,07/09/1963,21918810930,2,MASCULINO,8,SUPERIOR COMPLETO,3,CASADO(A),1,BRANCA,277,DEPUTADO,5,SUPLENTE
05/10/2026,10:14:11,2026,2,ELEIÇÃO ORDINÁRIA,1,6259,Eleições Gerais Estaduais 2026,04/10/2026,ESTADUAL,SC,SC,SANTA CATARINA,6,DEPUTADO FEDERAL,240002541409,1515,JOAO MARCELO FRETTA ZAPPELINI,JOMA FRETTA,#NULO,2060935946,NÃO DIVULGÁVEL,-3,#NE,PARTIDO ISOLADO,15,MDB,MOVIMENTO DEMOCRÁTICO BRASILEIRO,-1,#NULO,#NULO,#NULO,240001800480,PARTIDO ISOLADO,MDB,SC,22/04/1977,33420060981,2,MASCULINO,8,SUPERIOR COMPLETO,3,CASADO(A),1,BRANCA,131,ADVOGADO,5,SUPLENTE
05/10/2026,10:14:11,2026,2,ELEIÇÃO ORDINÁRIA,1,6259,Eleições Gerais Estaduais 2026,04/10/2026,ESTADUAL,SC,SC,SANTA CATARINA,6,DEPUTADO FEDERAL,240002541410,1509,ÉDINA RAQUEL RUAS,PROF.. ÉDINA,#NULO,73639990900,NÃO DIVULGÁVEL,-3,#NE,PARTIDO ISOLADO,15,MDB,MOVIMENTO DEMOCRÁTICO BRASILEIRO,-1,#NULO,#NULO,#NULO,240001800480,PARTIDO ISOLADO,MDB,SC,24/09/1970,25455710906,4,FEMININO,8,SUPERIOR COMPLETO,9,DIVORCIADO(A),1,BRANCA,265,PROFESSOR DE ENSINO FUNDAMENTAL,5,SUPLENTE
05/10/2026,10:14:11,2026,2,ELEIÇÃO ORDINÁRIA,1,6259,Eleições Gerais Estaduais 2026,04/10/2026,ESTADUAL,SC,SC,SANTA CATARINA,6,DEPUTADO FEDERAL,240002541411,1551,TEODORO MARCELO ADAO,TEODORO,#NULO,35570648836,NÃO DIVULGÁVEL,-3,#NE,PARTIDO ISOLADO,15,MDB,MOVIMENTO DEMOCRÁTICO BRASILEIRO,-1,#NULO,#NULO,#NULO,240001800480,PARTIDO ISOLADO,MDB,SP,28/09/1986,329203490159,2,MASCULINO,5,ENSINO MÉDIO INCOMPLETO,1,SOLTEIRO(A),2,PRETA,221,MOTOBOY,5,SUPLENTE
05/10/2026,10:14:11,2026,2,ELEIÇÃO ORDINÁRIA,1,6259,Eleições Gerais Estaduais 2026,04/10/2026,ESTADUAL,SC,SC,SANTA CATARINA,6,DEPUTADO FEDERAL,240002541412,8000,AMANDA CARDOSO WENCESLAU,AMANDA WENCESLAU,#NULO,8075482948,NÃO DIVULGÁVEL,-3,#NE,PARTIDO ISOLADO,80,UP,UNIDADE POPULAR,-1,#NULO,#NULO,#NULO,240001800459,PARTIDO ISOLADO,UP,SC,04/11/2001,63218680922,4,FEMININO,7,SUPERIOR INCOMPLETO,1,SOLTEIRO(A),2,PRETA,246,"TÉCNICO DE OBRAS CIVIS, ESTRADAS, SANEAMENTO E ASSEMELHADOS",4,NÃO ELEITO
05/10/2026,10:14:11,2026,2,ELEIÇÃO ORDINÁRIA,1,6259,Eleições Gerais Estaduais 2026,04/10/2026,ESTADUAL,SC,SC,SANTA CATARINA,6,DEPUTADO FEDERAL,240002541915,4444,FABIO LUIZ SCHIOCHET FILHO,FABIO SCHIOCHET,#NULO,4116230952,NÃO DIVULGÁVEL,-3,#NE,FEDERAÇÃO,44,UNIÃO,UNIÃO BRASIL,104,FEDERAÇÃO UNIÃO PROGRESSISTA,44-UNIÃO/11-PP,44-UNIÃO/11-PP,240001800590,FEDERAÇÃO,FEDERAÇÃO UNIÃO PROGRESSISTA (44-UNIÃO / 11-PP),SC,31/05/1988,47528120957,2,MASCULINO,8,SUPERIOR COMPLETO,3,CASADO(A),1,BRANCA,277,DEPUTADO,5,SUPLENTE
05/10/2026,10:14:11,2026,2,ELEIÇÃO ORDINÁRIA,1,6259,Eleições Gerais Estaduais 2026,04/10/2026,ESTADUAL,SC,SC,SANTA CATARINA,6,DEPUTADO FEDERAL,240002541916,1130,ANDRE RICARDO CALLAI,ANDRÉ CALLAI,#NULO,2869565941,NÃO DIVULGÁVEL,-3,#NE,FEDERAÇÃO,11,PP,PROGRESSISTAS,104,FEDERAÇÃO UNIÃO PROGRESSISTA,44-UNIÃO/11-PP,44-UNIÃO/11-PP,240001800590,FEDERAÇÃO,FEDERAÇÃO UNIÃO PROGRESSISTA (44-UNIÃO / 11-PP),SC,28/11/1977,32742510973,2,MASCULINO,8,SUPERIOR COMPLETO,1,SOLTEIRO(A),1,BRANCA,171,JORNALISTA E REDATOR,5,SUPLENTE
05/10/2026,10:14:11,2026,2,ELEIÇÃO ORDINÁRIA,1,6259,Eleições Gerais Estaduais 2026,04/10/2026,ESTADUAL,SC,SC,SANTA CATARINA,6,DEPUTADO FEDERAL,240002541917,4411,CARLOS MOISES DA SILVA,CARLOS MOISÉS,#NULO,62528084900,NÃO DIVULGÁVEL,-3,#NE,FEDERAÇÃO,44,UNIÃO,UNIÃO BRASIL,104,FEDERAÇÃO UNIÃO PROGRESSISTA,44-UNIÃO/11-PP,44-UNIÃO/11-PP,240001800590,FEDERAÇÃO,FEDERAÇÃO UNIÃO PROGRESSISTA (44-UNIÃO / 11-PP),SC,17/08/1967,6023180957,2,MASCULINO,8,SUPERIOR COMPLETO,3,CASADO(A),1,BRANCA,295,MEMBRO DAS FORÇAS ARMADAS,5,SUPLENTE
05/10/2026,10:14:11,2026,2,ELEIÇÃO ORDINÁRIA,1,6259,Eleições Gerais Estaduais 2026,04/10/2026,ESTADUAL,SC,SC,SANTA CATARINA,6,DEPUTADO FEDERAL,240002541918,4455,TANIA REGINA LARSON,TANIA LARSON,#NULO,48633798972,NÃO DIVULGÁVEL,-3,#NE,FEDERAÇÃO,44,UNIÃO,UNIÃO BRASIL,104,FEDERAÇÃO UNIÃO PROGRESSISTA,44-UNIÃO/11-PP,44-UNIÃO/11-PP,240001800590,FEDERAÇÃO,FEDERAÇÃO UNIÃO PROGRESSISTA (44-UNIÃO / 11-PP),SC,09/05/1965,9497160914,4,FEMININO,8,SUPERIOR COMPLETO,3,CASADO(A),1,BRANCA,278,VEREADOR,5,SUPLENTE
05/10/2026,10:14:11,2026,2,ELEIÇÃO ORDINÁRIA,1,6259,Eleições Gerais Estaduais 2026,04/10/2026,ESTADUAL,SC,SC,SANTA CATARINA,6,DEPUTADO FEDERAL,240002541919,1111,JOSE MILTON SCHEFFER,ZÉ MILTON,#NULO,41700759949,NÃO DIVULGÁVEL,-3,#NE,FEDERAÇÃO,11,PP,PROGRESSISTAS,104,FEDERAÇÃO UNIÃO PROGRESSISTA,44-UNIÃO/11-PP,44-UNIÃO/11-PP,240001800590,FEDERAÇÃO,FEDERAÇÃO UNIÃO PROGRESSISTA (44-UNIÃO / 11-PP),SC,13/09/1960,19410940981,2,MASCULINO,8,SUPERIOR COMPLETO,3,CASADO(A),1,BRANCA,103,AGRÔNOMO,2,ELEITO POR QP
05/10/2026,10:14:11,2026,2,ELEIÇÃO ORDINÁRIA,1,6259,Eleições Gerais Estaduais 2026,04/10/2026,ESTADUAL,SC,SC,SANTA CATARINA,6,DEPUTADO FEDERAL,240002541920,4477,HORTENCIA SALETT MULLER TIERLING,HORTÊNCIA TIERLING,#NULO,48054836015,NÃO DIVULGÁVEL,-3,#NE,FEDERAÇÃO,44,UNIÃO,UNIÃO BRASIL,104,FEDERAÇÃO UNIÃO PROGRESSISTA,44-UNIÃO/11-PP,44-UNIÃO/11-PP,240001800590,FEDERAÇÃO,FEDERAÇÃO UNIÃO PROGRESSISTA (44-UNIÃO / 11-PP),RS,15/05/1967,32323230990,4,FEMININO,8,SUPERIOR COMPLETO,3,CASADO(A),1,BRANCA,117,FARMACÊUTICO,5,SUPLENTE
05/10/2026,10:14:11,2026,2,ELEIÇÃO ORDINÁRIA,1,6259,Eleições Gerais Estaduais 2026,04/10/2026,ESTADUAL,SC,SC,SANTA CATARINA,6,DEPUTADO FEDERAL,240002541921,4407,LISIANE ANZANELLO,DRA. LISIANE ANZANELLO,#NULO,57358567900,NÃO DIVULGÁVEL,-3,#NE,FEDERAÇÃO,44,UNIÃO,UNIÃO BRASIL,104,FEDERAÇÃO UNIÃO PROGRESSISTA,44-UNIÃO/11-PP,44-UNIÃO/11-PP,240001800590,FEDERAÇÃO,FEDERAÇÃO UNIÃO PROGRESSISTA (44-UNIÃO / 11-PP),RS,20/01/1963,5308260973,4,FEMININO,8,SUPERIOR COMPLETO,9,DIVORCIADO(A),1,BRANCA,111,MÉDICO,5,SUPLENTE
05/10/2026,10:14:11,2026,2,ELEIÇÃO ORDINÁRIA,1,6259,Eleições Gerais Estaduais 2026,04/10/2026,ESTADUAL,SC,SC,SANTA CATARINA,6,DEPUTADO FEDERAL,240002541922,1144,JEAN DANIEL DOS SANTOS PIROLA,JEAN PIROLA,#NULO,2126402916,NÃO DIVULGÁVEL,-3,#NE,FEDERAÇÃO,11,PP,PROGRESSISTAS,104,FEDERAÇÃO UNIÃO PROGRESSISTA,44-UNIÃO/11-PP,44-UNIÃO/11-PP,240001800590,FEDERAÇÃO,FEDERAÇÃO UNIÃO PROGRESSISTA (44-UNIÃO / 11-PP),SC,04/01/1978,27602470981,2,MASCULINO,8,SUPERIOR COMPLETO,3,CASADO(A),1,BRANCA,131,ADVOGADO,5,SUPLENTE
05/10/2026,10:14:11,2026,2,ELEIÇÃO ORDINÁRIA,1,6259,Eleições Gerais Estaduais 2026,04/10/2026,ESTADUAL,SC,SC,SANTA CATARINA,6,DEPUTADO FEDERAL,240002541923,1102,ROSEMAR SANTOS DE FREITAS,ROSE DA ITOUPAVAZINHA,#NULO,79193358920,NÃO DIVULGÁVEL,-3,#NE,FEDERAÇÃO,11,PP,PROGRESSISTAS,104,FEDERAÇÃO UNIÃO PROGRESSISTA,44-UNIÃO/11-PP,44-UNIÃO/11-PP,240001800590,FEDERAÇÃO,FEDERAÇÃO UNIÃO PROGRESSISTA (44-UNIÃO / 11-PP),PR,26/05/1975,30853140914,4,FEMININO,8,SUPERIOR COMPLETO,9,DIVORCIADO(A),3,PARDA,581,DONA DE CASA,5,SUPLENTE
05/10/2026,10:14:11,2026,2,ELEIÇÃO ORDINÁRIA,1,6259,Eleições Gerais Estaduais 2026,04/10/2026,ESTADUAL,SC,SC,SANTA CATARINA,6,DEPUTADO FEDERAL,240002541924,4467,DERIAN DE OLIVEIRA CAMPOS,DERIAN CAMPOS,#NULO,26535581810,NÃO DIVULGÁVEL,-3,#NE,FEDERAÇÃO,44,UNIÃO,UNIÃO BRASIL,104,FEDERAÇÃO UNIÃO PROGRESSISTA,44-UNIÃO/11-PP,44-UNIÃO/11-PP,240001800590,FEDERAÇÃO,FEDERAÇÃO UNIÃO PROGRESSISTA (44-UNIÃO / 11-PP),SP,08/07/1978,60846580957,2,MASCULINO,8,SUPERIOR COMPLETO,3,CASADO(A),1,BRANCA,257,EMPRESÁRIO,5,SUPLENTE
05/10/2026,10:14:11,2026,2,ELEIÇÃO ORDINÁRIA,1,6259,Eleições Gerais Estaduais 2026,04/10/2026,ESTADUAL,SC,SC,SANTA CATARINA,6,DEPUTADO FEDERAL,240002541925,4400,JANE STEFENN,JANE STEFENN,#NULO,83834117900,NÃO DIVULGÁVEL,-3,#NE,FEDERAÇÃO,44,UNIÃO,UNIÃO BRASIL,104,FEDERAÇÃO UNIÃO PROGRESSISTA,44-UNIÃO/11-PP,44-UNIÃO/11-PP,240001800590,FEDERAÇÃO,FEDERAÇÃO UNIÃO PROGRESSISTA (44-UNIÃO / 11-PP),SC,13/09/1974,29108870906,4,FEMININO,8,SUPERIOR COMPLETO,9,DIVORCIADO(A),1,BRANCA,169,COMERCIANTE,5,SUPLENTE
05/10/2026,10:14:11,2026,2,ELEIÇÃO ORDINÁRIA,1,6259,Eleições Gerais Estaduais 2026,04/10/2026,ESTADUAL,SC,SC,SANTA CATARINA,6,DEPUTADO FEDERAL,240002541926,1133,ANGELA REGINA HEINZEN AMIN HELOU,ANGELA AMIN,#NULO,29316715920,NÃO DIVULGÁVEL,-3,#NE,FEDERAÇÃO,11,PP,PROGRESSISTAS,104,FEDERAÇÃO UNIÃO PROGRESSISTA,44-UNIÃO/11-PP,44-UNIÃO/11-PP,240001800590,FEDERAÇÃO,FEDERAÇÃO UNIÃO PROGRESSISTA (44-UNIÃO / 11-PP),SC,20/12/1953,5815520957,4,FEMININO,8,SUPERIOR COMPLETO,3,CASADO(A),1,BRANCA,923,APOSENTADO (EXCETO SERVIDOR PÚBLICO),5,SUPLENTE
05/10/2026,10:14:11,2026,2,ELEIÇÃO ORDINÁRIA,1,6259,Eleições Gerais Estaduais 2026,04/10/2026,ESTADUAL,SC,SC,SANTA CATARINA,6,DEPUTADO FEDERAL,240002541927,1112,SERGIO LUIZ SEVERINO,SERGINHO ADVOGADO,#NULO,57537895953,NÃO DIVULGÁVEL,-3,#NE,FEDERAÇÃO,11,PP,PROGRESSISTAS,104,FEDERAÇÃO UNIÃO PROGRESSISTA,44-UNIÃO/11-PP,44-UNIÃO/11-PP,240001800590,FEDERAÇÃO,FEDERAÇÃO UNIÃO PROGRESSISTA (44-UNIÃO / 11-PP),SC,29/11/1965,11116820906,2,MASCULINO,8,SUPERIOR COMPLETO,3,CASADO(A),1,BRANCA,131,ADVOGADO,5,SUPLENTE
05/10/2026,10:14:11,2026,2,ELEIÇÃO ORDINÁRIA,1,6259,Eleições Gerais Estaduais 2026,04/10/2026,ESTADUAL,SC,SC,SANTA CATARINA,6,DEPUTADO FEDERAL,240002541928,4410,DEBORA ANGELICA PARISOTTO,DÉBORA PARISOTTO,#NULO,50862995,NÃO DIVULGÁVEL,-3,#NE,FEDERAÇÃO,44,UNIÃO,UNIÃO BRASIL,104,FEDERAÇÃO UNIÃO PROGRESSISTA,44-UNIÃO/11-PP,44-UNIÃO/11-PP,240001800590,FEDERAÇÃO,FEDERAÇÃO UNIÃO PROGRESSISTA (44-UNIÃO / 11-PP),PR,05/04/1977,32678730981,4,FEMININO,8,SUPERIOR COMPLETO,3,CASADO(A),1,BRANCA,910,SACERDOTE OU MEMBRO DE ORDEM OU SEITA RELIGIOSA,5,SUPLENTE
05/10/2026,10:14:11,2026,2,ELEIÇÃO ORDINÁRIA,1,6259,Eleições Gerais Estaduais 2026,04/10/2026,ESTADUAL,SC,SC,SANTA CATARINA,6,DEPUTADO FEDERAL,240002541929,1122,LUIZ ARMANDO SCHROEDER REIS,CORONEL ARMANDO,#NULO,49906780797,NÃO DIVULGÁVEL,-3,#NE,FEDERAÇÃO,11,PP,PROGRESSISTAS,104,FEDERAÇÃO UNIÃO PROGRESSISTA,44-UNIÃO/11-PP,44-UNIÃO/11-PP,240001800590,FEDERAÇÃO,FEDERAÇÃO UNIÃO PROGRESSISTA (44-UNIÃO / 11-PP),RJ,23/06/1957,30906940965,2,MASCULINO,8,SUPERIOR COMPLETO,3,CASADO(A),1,BRANCA,295,MEMBRO DAS FORÇAS ARMADAS,5,SUPLENTE
05/10/2026,10:14:11,2026,2,ELEIÇÃO ORDINÁRIA,1,6259,Eleições Gerais Estaduais 2026,04/10/2026,ESTADUAL,SC,SC,SANTA CATARINA,6,DEPUTADO FEDERAL,240002543042,4040,ANA CECILIA SIRINO,ANA SIRINO,#NULO,2210167914,NÃO DIVULGÁVEL,-3,#NE,PARTIDO ISOLADO,40,PSB,PARTIDO SOCIALISTA BRASILEIRO,-1,#NULO,#NULO,#NULO,240001800692,PARTIDO ISOLADO,PSB,SC,17/04/1981,35951560973,4,FEMININO,8,SUPERIOR COMPLETO,1,SOLTEIRO(A),1,BRANCA,131,ADVOGADO,4,NÃO ELEITO
05/10/2026,10:14:11,2026,2,ELEIÇÃO ORDINÁRIA,1,6259,Eleições Gerais Estaduais 2026,04/10/2026,ESTADUAL,SC,SC,SANTA CATARINA,6,DEPUTADO FEDERAL,240002543043,4033,ALAN ALVES MOREIRA,.ALAN ALVES MOREIRA,#NULO,421407905,NÃO DIVULGÁVEL,-3,#NE,PARTIDO ISOLADO,40,PSB,PARTIDO SOCIALISTA BRASILEIRO,-1,#NULO,#NULO,#NULO,240001800692,PARTIDO ISOLADO,PSB,SC,18/02/1979,36531170906,2,MASCULINO,7,SUPERIOR INCOMPLETO,1,SOLTEIRO(A),1,BRANCA,185,ESCRITOR E CRÍTICO,4,NÃO ELEITO
05/10/2026,10:14:11,2026,2,ELEIÇÃO ORDINÁRIA,1,6259,Eleições Gerais Estaduais 2026,04/10/2026,ESTADUAL,SC,SC,SANTA CATARINA,6,DEPUTADO FEDERAL,240002543044,2700,JOÃO NATANAEL DORNELLES DA FONTOURA,JOÃO FONTOURA,#NULO,88234703072,NÃO DIVULGÁVEL,-3,#NE,PARTIDO ISOLADO,27,DC,DEMOCRACIA CRISTÃ,-1,#NULO,#NULO,#NULO,240001800693,PARTIDO ISOLADO,DC,RS,26/12/1974,58484630493,2,MASCULINO,4,ENSINO FUNDAMENTAL COMPLETO,5,VIÚVO(A),1,BRANCA,214,ESCULTOR E PINTOR,4,NÃO ELEITO
05/10/2026,10:14:11,2026,2,ELEIÇÃO ORDINÁRIA,1,6259,Eleições Gerais Estaduais 2026,04/10/2026,ESTADUAL,SC,SC,SANTA CATARINA,6,DEPUTADO FEDERAL,240002543045,2723,FRANCISCO FIGURA NETO,FRANCIS NETO,#NULO,729746992,NÃO DIVULGÁVEL,-3,#NE,PARTIDO ISOLADO,27,DC,DEMOCRACIA CRISTÃ,-1,#NULO,#NULO,#NULO,240001800693,PARTIDO ISOLADO,DC,SC,14/01/1983,44856420930,2,MASCULINO,8,SUPERIOR COMPLETO,1,SOLTEIRO(A),1,BRANCA,257,EMPRESÁRIO,4,NÃO ELEITO
05/10/2026,10:14:11,2026,2,ELEIÇÃO ORDINÁRIA,1,6259,Eleições Gerais Estaduais 2026,04/10/2026,ESTADUAL,SC,SC,SANTA CATARINA,6,DEPUTADO FEDERAL,240002543046,2744,TAIZE ZAGONEL,TAIZE ZAGONEL,#NULO,7819932961,NÃO DIVULGÁVEL,-3,#NE,PARTIDO ISOLADO,27,DC,DEMOCRACIA CRISTÃ,-1,#NULO,#NULO,#NULO,240001800693,PARTIDO ISOLADO,DC,SC,28/02/1991,47102020906,4,FEMININO,5,ENSINO MÉDIO INCOMPLETO,1,SOLTEIRO(A),1,BRANCA,196,GARÇOM,4,NÃO ELEITO
05/10/2026,10:14:11,2026,2,ELEIÇÃO ORDINÁRIA,1,6259,Eleições Gerais Estaduais 2026,04/10/2026,ESTADUAL,SC,SC,SANTA CATARINA,6,DEPUTADO FEDERAL,240002543047,2755,CLAIR DA SILVA,CLER DA SILVA,#NULO,2036040918,NÃO DIVULGÁVEL,-3,#NE,PARTIDO ISOLADO,27,DC,DEMOCRACIA CRISTÃ,-1,#NULO,#NULO,#NULO,240001800693,PARTIDO ISOLADO,DC,SC,12/05/1978,33472620990,4,FEMININO,8,SUPERIOR COMPLETO,1,SOLTEIRO(A),1,BRANCA,161,PRODUTOR DE ESPETÁCULOS PÚBLICOS,4,NÃO ELEITO
05/10/2026,10:14:11,2026,2,ELEIÇÃO ORDINÁRIA,1,6259,Eleições Gerais Estaduais 2026,04/10/2026,ESTADUAL,SC,SC,SANTA CATARINA,6,DEPUTADO FEDERAL,240002543048,2799,GILIARDI DORN,GILIARDI DORN,#NULO,4425443918,NÃO DIVULGÁVEL,-3,#NE,PARTIDO ISOLADO,27,DC,DEMOCRACIA CRISTÃ,-1,#NULO,#NULO,#NULO,240001800693,PARTIDO ISOLADO,DC,SC,03/05/1985,43143800965,2,MASCULINO,8,SUPERIOR COMPLETO,9,DIVORCIADO(A),1,BRANCA,125,ADMINISTRADOR,4,NÃO ELEITO
05/10/2026,10:14:11,2026,2,ELEIÇÃO ORDINÁRIA,1,6259,Eleições Gerais Estaduais 2026,04/10/2026,ESTADUAL,SC,SC,SANTA CATARINA,6,DEPUTADO FEDERAL,240002543049,2730,DJEIKSSON FELIPE PRIOR STRINGHINI,DJEIKSSON STRINGHINI,#NULO,7368333902,NÃO DIVULGÁVEL,-3,#NE,PARTIDO ISOLADO,27,DC,DEMOCRACIA CRISTÃ,-1,#NULO,#NULO,#NULO,240001800693,PARTIDO ISOLADO,DC,SC,01/02/1996,57182060906,2,MASCULINO,8,SUPERIOR COMPLETO,1,SOLTEIRO(A),1,BRANCA,101,ENGENHEIRO,4,NÃO ELEITO
05/10/2026,10:14:11,2026,2,ELEIÇÃO ORDINÁRIA,1,6259,Eleições Gerais Estaduais 2026,04/10/2026,ESTADUAL,SC,SC,SANTA CATARINA,6,DEPUTADO FEDERAL,240002543050,2722,SERGIO DE GIACOMETTI,SERGIO DA FARMACIA,#NULO,38420392987,NÃO DIVULGÁVEL,-3,#NE,PARTIDO ISOLADO,27,DC,DEMOCRACIA CRISTÃ,-1,#NULO,#NULO,#NULO,240001800693,PARTIDO ISOLADO,DC,SC,07/07/1957,7901980949,2,MASCULINO,8,SUPERIOR COMPLETO,3,CASADO(A),1,BRANCA,301,DIRETOR DE EMPRESAS,4,NÃO ELEITO
05/10/2026,10:14:11,2026,2,ELEIÇÃO ORDINÁRIA,1,6259,Eleições Gerais Estaduais 2026,04/10/2026,ESTADUAL,SC,SC,SANTA CATARINA,6,DEPUTADO FEDERAL,240002543051,2788,SIMONE APARECIDA XAVIER,SIMONE XAVIER,#NULO,82146152915,NÃO DIVULGÁVEL,-3,#NE,PARTIDO ISOLADO,27,DC,DEMOCRACIA CRISTÃ,-1,#NULO,#NULO,#NULO,240001800693,PARTIDO ISOLADO,DC,SC,20/04/1968,4526930973,4,FEMININO,8,SUPERIOR COMPLETO,1,SOLTEIRO(A),1,BRANCA,137,RELAÇÕES-PÚBLICAS,4,NÃO ELEITO
05/10/2026,10:14:11,2026,2,ELEIÇÃO ORDINÁRIA,1,6259,Eleições Gerais Estaduais 2026,04/10/2026,ESTADUAL,SC,SC,SANTA CATARINA,6,DEPUTADO FEDERAL,240002543052,2727,ELIAS DE LIMA,ELIAS DE LIMA,#NULO,2052827927,NÃO DIVULGÁVEL,-3,#NE,PARTIDO ISOLADO,27,DC,DEMOCRACIA CRISTÃ,-1,#NULO,#NULO,#NULO,240001800693,PARTIDO ISOLADO,DC,SC,03/02/1979,36898900922,2,MASCULINO,6,ENSINO MÉDIO COMPLETO,3,CASADO(A),1,BRANCA,257,EMPRESÁRIO,4,NÃO ELEITO
05/10/2026,10:14:11,2026,2,ELEIÇÃO ORDINÁRIA,1,6259,Eleições Gerais Estaduais 2026,04/10/2026,ESTADUAL,SC,SC,SANTA CATARINA,6,DEPUTADO FEDERAL,240002543053,2739,CLAUDIOMIR CASTILHO RAMOS,CLAUDIOMIR CASTILHO RAMOS,#NULO,58203168949,NÃO DIVULGÁVEL,-3,#NE,PARTIDO ISOLADO,27,DC,DEMOCRACIA CRISTÃ,-1,#NULO,#NULO,#NULO,240001800693,PARTIDO ISOLADO,DC,SC,26/11/1969,27301710906,2,MASCULINO,7,SUPERIOR INCOMPLETO,3,CASADO(A),3,PARDA,235,PROFESSOR E INSTRUTOR DE FORMAÇÃO PROFISSIONAL,4,NÃO ELEITO
05/10/2026,10:14:11,2026,2,ELEIÇÃO ORDINÁRIA,1,6259,Eleições Gerais Estaduais 2026,04/10/2026,ESTADUAL,SC,SC,SANTA CATARINA,6,DEPUTADO FEDERAL,240002543054,2777,FRANCISCA KRUCK RODRIGUES DA SILVA,FRAN KRUCK,#NULO,82782547968,NÃO DIVULGÁVEL,-3,#NE,PARTIDO ISOLADO,27,DC,DEMOCRACIA CRISTÃ,-1,#NULO,#NULO,#NULO,240001800693,PARTIDO ISOLADO,DC,SC,05/02/1974,30139090906,4,FEMININO,6,ENSINO MÉDIO COMPLETO,3,CASADO(A),3,PARDA,411,VENDEDOR DE COMÉRCIO VAREJISTA E ATACADISTA,4,NÃO ELEITO
05/10/2026,10:14:11,2026,2,ELEIÇÃO ORDINÁRIA,1,6259,Eleições Gerais Estaduais 2026,04/10/2026,ESTADUAL,SC,SC,SANTA CATARINA,6,DEPUTADO FEDERAL,240002543055,2733,LETÍCIA PALOMA KWOLL VARGAS,LETICIA PALOMA,#NULO,8117710919,NÃO DIVULGÁVEL,-3,#NE,PARTIDO ISOLADO,27,DC,DEMOCRACIA CRISTÃ,-1,#NULO,#NULO,#NULO,240001800693,PARTIDO ISOLADO,DC,RS,24/09/2001,64611570949,4,FEMININO,8,SUPERIOR COMPLETO,3,CASADO(A),1,BRANCA,403,"CORRETOR DE IMÓVEIS, SEGUROS, TÍTULOS E VALORES",4,NÃO ELEITO
05/10/2026,10:14:11,2026,2,ELEIÇÃO ORDINÁRIA,1,6259,Eleições Gerais Estaduais 2026,04/10/2026,ESTADUAL,SC,SC,SANTA CATARINA,6,DEPUTADO FEDERAL,240002543056,2712,ANTONIO ALBERTO MOREIRA RAMOS,TONY RAMOS,#NULO,2080604996,NÃO DIVULGÁVEL,-3,#NE,PARTIDO ISOLADO,27,DC,DEMOCRACIA CRISTÃ,-1,#NULO,#NULO,#NULO,240001800693,PARTIDO ISOLADO,DC,PR,27/08/1977,36484090914,2,MASCULINO,3,ENSINO FUNDAMENTAL INCOMPLETO,3,CASADO(A),3,PARDA,411,VENDEDOR DE COMÉRCIO VAREJISTA E ATACADISTA,4,NÃO ELEITO
05/10/2026,10:14:11,2026,2,ELEIÇÃO ORDINÁRIA,1,6259,Eleições Gerais Estaduais 2026,04/10/2026,ESTADUAL,SC,SC,SANTA CATARINA,6,DEPUTADO FEDERAL,240002543057,2701,VALDEMIR ANTONIO DOS SANTOS,MIRO DO CANTO GAÚCHO,#NULO,43740766972,NÃO DIVULGÁVEL,-3,#NE,PARTIDO ISOLADO,27,DC,DEMOCRACIA CRISTÃ,-1,#NULO,#NULO,#NULO,240001800693,PARTIDO ISOLADO,DC,PR,03/07/1958,11889070914,2,MASCULINO,4,ENSINO FUNDAMENTAL COMPLETO,3,CASADO(A),1,BRANCA,169,COMERCIANTE,4,NÃO ELEITO
05/10/2026,10:14:11,2026,2,ELEIÇÃO ORDINÁRIA,1,6259,Eleições Gerais Estaduais 2026,04/10/2026,ESTADUAL,SC,SC,SANTA CATARINA,6,DEPUTADO FEDERAL,240002543058,2711,LUCIANA LOPES FERREIRA,LUCIANA LOPES,#NULO,50856421200,NÃO DIVULGÁVEL,-3,#NE,PARTIDO ISOLADO,27,DC,DEMOCRACIA CRISTÃ,-1,#NULO,#NULO,#NULO,240001800693,PARTIDO ISOLADO,DC,PR,17/06/1975,7840982356,4,FEMININO,3,ENSINO FUNDAMENTAL INCOMPLETO,1,SOLTEIRO(A),1,BRANCA,512,CABELEIREIRO E BARBEIRO,4,NÃO ELEITO
05/10/2026,10:14:11,2026,2,ELEIÇÃO ORDINÁRIA,1,6259,Eleições Gerais Estaduais 2026,04/10/2026,ESTADUAL,SC,SC,SANTA CATARINA,6,DEPUTADO FEDERAL,240002543059,2707,JOÃO MARCELO GALBIATTI BIAGIOTTI,MARCELO BIAGIOTTI,#NULO,10580405885,NÃO DIVULGÁVEL,-3,#NE,PARTIDO ISOLADO,27,DC,DEMOCRACIA CRISTÃ,-1,#NULO,#NULO,#NULO,240001800693,PARTIDO ISOLADO,DC,SP,30/04/1969,163786520167,2,MASCULINO,8,SUPERIOR COMPLETO,3,CASADO(A),1,BRANCA,237,REPRESENTANTE COMERCIAL,4,NÃO ELEITO
05/10/2026,10:14:11,2026,2,ELEIÇÃO ORDINÁRIA,1,6259,Eleições Gerais Estaduais 2026,04/10/2026,ESTADUAL,SC,SC,SANTA CATARINA,6,DEPUTADO FEDERAL,240002543060,2789,JACKSON SOARES DA SILVA,JACKSON SOARES,#NULO,6334378910,NÃO DIVULGÁVEL,-3,#NE,PARTIDO ISOLADO,27,DC,DEMOCRACIA CRISTÃ,-1,#NULO,#NULO,#NULO,240001800693,PARTIDO ISOLADO,DC,PR,02/06/1986,47541160949,2,MASCULINO,4,ENSINO FUNDAMENTAL COMPLETO,1,SOLTEIRO(A),1,BRANCA,163,CANTOR E COMPOSITOR,4,NÃO ELEITO
05/10/2026,10:14:11,2026,2,ELEIÇÃO ORDINÁRIA,1,6259,Eleições Gerais Estaduais 2026,04/10/2026,ESTADUAL,SC,SC,SANTA CATARINA,6,DEPUTADO FEDERAL,240002544674,1477,SANTIAGO DA SILVA CESAR,SANTIAGO CESAR,#NULO,15635415725,NÃO DIVULGÁVEL,-3,#NE,PARTIDO ISOLADO,14,MISSÃO,PARTIDO MISSÃO,-1,#NULO,#NULO,#NULO,240001800740,PARTIDO ISOLADO,MISSÃO,RJ,25/09/1995,157532280337,2,MASCULINO,8,SUPERIOR COMPLETO,3,CASADO(A),3,PARDA,266,PROFESSOR DE ENSINO MÉDIO,4,NÃO ELEITO
05/10/2026,10:14:11,2026,2,ELEIÇÃO ORDINÁRIA,1,6259,Eleições Gerais Estaduais 2026,04/10/2026,ESTADUAL,SC,SC,SANTA CATARINA,6,DEPUTADO FEDERAL,240002544675,1426,ADRIANA CUSTODIO LINO,ADRIANA CUSTODIO LINO,#NULO,87098741949,NÃO DIVULGÁVEL,-3,#NE,PARTIDO ISOLADO,14,MISSÃO,PARTIDO MISSÃO,-1,#NULO,#NULO,#NULO,240001800740,PARTIDO ISOLADO,MISSÃO,SC,26/01/1975,29595630906,4,FEMININO,8,SUPERIOR COMPLETO,3,CASADO(A),1,BRANCA,297,SERVIDOR PÚBLICO ESTADUAL,4,NÃO ELEITO
05/10/2026,10:14:11,2026,2,ELEIÇÃO ORDINÁRIA,1,6259,Eleições Gerais Estaduais 2026,04/10/2026,ESTADUAL,SC,SC,SANTA CATARINA,6,DEPUTADO FEDERAL,240002544676,1407,ANNA PAOLA REICHERT PINHEIRO ALVES VARGAS,ANNA VARGAS,#NULO,73562190182,NÃO DIVULGÁVEL,-3,#NE,PARTIDO ISOLADO,14,MISSÃO,PARTIDO MISSÃO,-1,#NULO,#NULO,#NULO,240001800740,PARTIDO ISOLADO,MISSÃO,PR,08/09/1987,93232950604,4,FEMININO,8,SUPERIOR COMPLETO,3,CASADO(A),1,BRANCA,172,PUBLICITÁRIO,4,NÃO ELEITO
05/10/2026,10:14:11,2026,2,ELEIÇÃO ORDINÁRIA,1,6259,Eleições Gerais Estaduais 2026,04/10/2026,ESTADUAL,SC,SC,SANTA CATARINA,6,DEPUTADO FEDERAL,240002544677,1444,LARISSA BECKER KAMERS,LARISSA BECKER KAMERS,#NULO,9467671905,NÃO DIVULGÁVEL,-3,#NE,PARTIDO ISOLADO,14,MISSÃO,PARTIDO MISSÃO,-1,#NULO,#NULO,#NULO,240001800740,PARTIDO ISOLADO,MISSÃO,PR,06/09/1997,59425460965,4,FEMININO,6,ENSINO MÉDIO COMPLETO,3,CASADO(A),1,BRANCA,257,EMPRESÁRIO,4,NÃO ELEITO
05/10/2026,10:14:11,2026,2,ELEIÇÃO ORDINÁRIA,1,6259,Eleições Gerais Estaduais 2026,04/10/2026,ESTADUAL,SC,SC,SANTA CATARINA,6,DEPUTADO FEDERAL,240002544678,1440,PABLO HENRIQUE CARVALHO TESSARI,PABLO TESSARI,#NULO,8488006993,NÃO DIVULGÁVEL,-3,#NE,PARTIDO ISOLADO,14,MISSÃO,PARTIDO MISSÃO,-1,#NULO,#NULO,#NULO,240001800740,PARTIDO ISOLADO,MISSÃO,SC,11/10/2000,63700330965,2,MASCULINO,6,ENSINO MÉDIO COMPLETO,1,SOLTEIRO(A),3,PARDA,158,TÉCNICO EM INFORMÁTICA,4,NÃO ELEITO
05/10/2026,10:14:11,2026,2,ELEIÇÃO ORDINÁRIA,1,6259,Eleições Gerais Estaduais 2026,04/10/2026,ESTADUAL,SC,SC,SANTA CATARINA,6,DEPUTADO FEDERAL,240002544679,1415,ARTUR DE FARIAS VIEIRA,TUCO FARIAS,#NULO,10030628903,NÃO DIVULGÁVEL,-3,#NE,PARTIDO ISOLADO,14,MISSÃO,PARTIDO MISSÃO,-1,#NULO,#NULO,#NULO,240001800740,PARTIDO ISOLADO,MISSÃO,SC,13/12/2004,67237830957,2,MASCULINO,7,SUPERIOR INCOMPLETO,1,SOLTEIRO(A),1,BRANCA,999,OUTROS,4,NÃO ELEITO
05/10/2026,10:14:11,2026,2,ELEIÇÃO ORDINÁRIA,1,6259,Eleições Gerais Estaduais 2026,04/10/2026,ESTADUAL,SC,SC,SANTA CATARINA,6,DEPUTADO FEDERAL,240002544680,1411,MARCOS BOETTCHER,MARCOS BOETTCHER,#NULO,1577346920,NÃO DIVULGÁVEL,-3,#NE,PARTIDO ISOLADO,14,MISSÃO,PARTIDO MISSÃO,-1,#NULO,#NULO,#NULO,240001800740,PARTIDO ISOLADO,MISSÃO,SC,11/01/1977,32927750949,2,MASCULINO,8,SUPERIOR COMPLETO,1,SOLTEIRO(A),1,BRANCA,124,CONTADOR,4,NÃO ELEITO
05/10/2026,10:14:11,2026,2,ELEIÇÃO ORDINÁRIA,1,6259,Eleições Gerais Estaduais 2026,04/10/2026,ESTADUAL,SC,SC,SANTA CATARINA,6,DEPUTADO FEDERAL,240002544681,1400,ANDIARA RAFAELA FERREIRA NOGUEIRA,ANDIARA FERREIRA,#NULO,8586932914,NÃO DIVULGÁVEL,-3,#NE,PARTIDO ISOLADO,14,MISSÃO,PARTIDO MISSÃO,-1,#NULO,#NULO,#NULO,240001800740,PARTIDO ISOLADO,MISSÃO,PR,13/09/1992,99583720604,4,FEMININO,8,SUPERIOR COMPLETO,1,SOLTEIRO(A),1,BRANCA,131,ADVOGADO,4,NÃO ELEITO
05/10/2026,10:14:11,2026,2,ELEIÇÃO ORDINÁRIA,1,6259,Eleições Gerais Estaduais 2026,04/10/2026,ESTADUAL,SC,SC,SANTA CATARINA,6,DEPUTADO FEDERAL,240002544682,1414,FELIPE BARCELLOS MONTE RASO,FELIPE BARCELLOS,#NULO,13109883902,NÃO DIVULGÁVEL,-3,#NE,PARTIDO ISOLADO,14,MISSÃO,PARTIDO MISSÃO,-1,#NULO,#NULO,#NULO,240001800740,PARTIDO ISOLADO,MISSÃO,RJ,06/08/2004,66951910973,2,MASCULINO,7,SUPERIOR INCOMPLETO,1,SOLTEIRO(A),1,BRANCA,125,ADMINISTRADOR,4,NÃO ELEITO
05/10/2026,10:14:11,2026,2,ELEIÇÃO ORDINÁRIA,1,6259,Eleições Gerais Estaduais 2026,04/10/2026,ESTADUAL,SC,SC,SANTA CATARINA,6,DEPUTADO FEDERAL,240002544683,1422,ANDRESSA DE OLIVEIRA,ANDRESSA DE OLIVEIRA,#NULO,8586067989,NÃO DIVULGÁVEL,-3,#NE,PARTIDO ISOLADO,14,MISSÃO,PARTIDO MISSÃO,-1,#NULO,#NULO,#NULO,240001800740,PARTIDO ISOLADO,MISSÃO,SC,29/07/1993,56869580949,4,FEMININO,6,ENSINO MÉDIO COMPLETO,1,SOLTEIRO(A),4,AMARELA,591,ALFAIATE E COSTUREIRO,4,NÃO ELEITO
05/10/2026,10:14:11,2026,2,ELEIÇÃO ORDINÁRIA,1,6259,Eleições Gerais Estaduais 2026,04/10/2026,ESTADUAL,SC,SC,SANTA CATARINA,6,DEPUTADO FEDERAL,240002544684,1404,ANA BEATRIZ KOERICH,ANA BEATRIZ KOERICH,#NULO,13677960916,NÃO DIVULGÁVEL,-3,#NE,PARTIDO ISOLADO,14,MISSÃO,PARTIDO MISSÃO,-1,#NULO,#NULO,#NULO,240001800740,PARTIDO ISOLADO,MISSÃO,SC,23/12/2004,69249910914,4,FEMININO,8,SUPERIOR COMPLETO,1,SOLTEIRO(A),1,BRANCA,190,FOTÓGRAFO E ASSEMELHADOS,4,NÃO ELEITO
05/10/2026,10:14:11,2026,2,ELEIÇÃO ORDINÁRIA,1,6259,Eleições Gerais Estaduais 2026,04/10/2026,ESTADUAL,SC,SC,SANTA CATARINA,6,DEPUTADO FEDERAL,240002544685,1410,VAGNER VISOLI,VAGNER VISOLI,#NULO,772120960,NÃO DIVULGÁVEL,-3,#NE,PARTIDO ISOLADO,14,MISSÃO,PARTIDO MISSÃO,-1,#NULO,#NULO,#NULO,240001800740,PARTIDO ISOLADO,MISSÃO,SC,13/12/1980,38078370965,2,MASCULINO,8,SUPERIOR COMPLETO,3,CASADO(A),1,BRANCA,125,ADMINISTRADOR,4,NÃO ELEITO
05/10/2026,10:14:11,2026,2,ELEIÇÃO ORDINÁRIA,1,6259,Eleições Gerais Estaduais 2026,04/10/2026,ESTADUAL,SC,SC,SANTA CATARINA,6,DEPUTADO FEDERAL,240002544686,1450,BRUNO HENRIQUE DIAS DE SOUZA,BRUNO DIAS,#NULO,10376622962,NÃO DIVULGÁVEL,-3,#NE,PARTIDO ISOLADO,14,MISSÃO,PARTIDO MISSÃO,-1,#NULO,#NULO,#NULO,240001800740,PARTIDO ISOLADO,MISSÃO,PR,19/06/1998,111305390604,2,MASCULINO,8,SUPERIOR COMPLETO,1,SOLTEIRO(A),1,BRANCA,169,COMERCIANTE,4,NÃO ELEITO
05/10/2026,10:14:11,2026,2,ELEIÇÃO ORDINÁRIA,1,6259,Eleições Gerais Estaduais 2026,04/10/2026,ESTADUAL,SC,SC,SANTA CATARINA,6,DEPUTADO FEDERAL,240002544687,1494,LUCAS FERREIRA SILVEIRA,LUCAS SILVEIRA,#NULO,85389730020,NÃO DIVULGÁVEL,-3,#NE,PARTIDO ISOLADO,14,MISSÃO,PARTIDO MISSÃO,-1,#NULO,#NULO,#NULO,240001800740,PARTIDO ISOLADO,MISSÃO,RS,04/11/1994,110020040493,2,MASCULINO,7,SUPERIOR INCOMPLETO,3,CASADO(A),1,BRANCA,170,COMERCIÁRIO,4,NÃO ELEITO
05/10/2026,10:14:11,2026,2,ELEIÇÃO ORDINÁRIA,1,6259,Eleições Gerais Estaduais 2026,04/10/2026,ESTADUAL,SC,SC,SANTA CATARINA,6,DEPUTADO FEDERAL,240002544688,1456,PAULO JOSUÉ LIMA PEREIRA,PAULO JOSUÉ,#NULO,9742563900,NÃO DIVULGÁVEL,-3,#NE,PARTIDO ISOLADO,14,MISSÃO,PARTIDO MISSÃO,-1,#NULO,#NULO,#NULO,240001800740,PARTIDO ISOLADO,MISSÃO,RS,03/06/2000,61287530990,2,MASCULINO,8,SUPERIOR COMPLETO,1,SOLTEIRO(A),1,BRANCA,131,ADVOGADO,4,NÃO ELEITO
05/10/2026,10:14:11,2026,2,ELEIÇÃO ORDINÁRIA,1,6259,Eleições Gerais Estaduais 2026,04/10/2026,ESTADUAL,SC,SC,SANTA CATARINA,6,DEPUTADO FEDERAL,240002544689,1401,JODY FRANK ROMEIRO ALVES QUEIROZ,FRANK LÔBO,#NULO,1170533841,NÃO DIVULGÁVEL,-3,#NE,PARTIDO ISOLADO,14,MISSÃO,PARTIDO MISSÃO,-1,#NULO,#NULO,#NULO,240001800740,PARTIDO ISOLADO,MISSÃO,DF,08/03/1962,4740290973,2,MASCULINO,8,SUPERIOR COMPLETO,1,SOLTEIRO(A),1,BRANCA,257,EMPRESÁRIO,4,NÃO ELEITO
05/10/2026,10:14:11,2026,2,ELEIÇÃO ORDINÁRIA,1,6259,Eleições Gerais Estaduais 2026,04/10/2026,ESTADUAL,SC,SC,SANTA CATARINA,6,DEPUTADO FEDERAL,240002544690,1430,JHORDAM BRITO DOS SANTOS,JORDAM BRITO,#NULO,18111846770,NÃO DIVULGÁVEL,-3,#NE,PARTIDO ISOLADO,14,MISSÃO,PARTIDO MISSÃO,-1,#NULO,#NULO,#NULO,240001800740,PARTIDO ISOLADO,MISSÃO,BA,30/04/2001,65108590906,2,MASCULINO,6,ENSINO MÉDIO COMPLETO,3,CASADO(A),3,PARDA,596,AUXILIAR DE LABORATÓRIO,4,NÃO ELEITO
05/10/2026,10:14:11,2026,2,ELEIÇÃO ORDINÁRIA,1,6259,Eleições Gerais Estaduais 2026,04/10/2026,ESTADUAL,SC,SC,SANTA CATARINA,6,DEPUTADO FEDERAL,240002548529,5533,EDIANE APARECIDA FOLLE,EDI FOLLE,#NULO,2567268928,NÃO DIVULGÁVEL,-3,#NE,PARTIDO ISOLADO,55,PSD,PARTIDO SOCIAL DEMOCRÁTICO,-1,#NULO,#NULO,#NULO,240001800920,PARTIDO ISOLADO,PSD,MT,23/09/1980,36210680949,4,FEMININO,8,SUPERIOR COMPLETO,1,SOLTEIRO(A),1,BRANCA,134,ASSISTENTE SOCIAL,5,SUPLENTE
05/10/2026,10:14:11,2026,2,ELEIÇÃO ORDINÁRIA,1,6259,Eleições Gerais Estaduais 2026,04/10/2026,ESTADUAL,SC,SC,SANTA CATARINA,6,DEPUTADO FEDERAL,240002548530,5550,TEREZINHA MARIA DYBAS,TEREZINHA DYBAS,#NULO,66586674972,NÃO DIVULGÁVEL,-3,#NE,PARTIDO ISOLADO,55,PSD,PARTIDO SOCIAL DEMOCRÁTICO,-1,#NULO,#NULO,#NULO,240001800920,PARTIDO ISOLADO,PSD,PR,27/08/1971,26221050957,4,FEMININO,8,SUPERIOR COMPLETO,3,CASADO(A),1,BRANCA,131,ADVOGADO,5,SUPLENTE
05/10/2026,10:14:11,2026,2,ELEIÇÃO ORDINÁRIA,1,6259,Eleições Gerais Estaduais 2026,04/10/2026,ESTADUAL,SC,SC,SANTA CATARINA,6,DEPUTADO FEDERAL,240002548531,5504,VANESSA WITIUK FERREIRA,VANESSA WITIUK DA CAUSA ANIMAL,#NULO,8640090971,NÃO DIVULGÁVEL,-3,#NE,PARTIDO ISOLADO,55,PSD,PARTIDO SOCIAL DEMOCRÁTICO,-1,#NULO,#NULO,#NULO,240001800920,PARTIDO ISOLADO,PSD,PR,13/04/1992,53490730981,4,FEMININO,8,SUPERIOR COMPLETO,1,SOLTEIRO(A),1,BRANCA,112,VETERINÁRIO,5,SUPLENTE
05/10/2026,10:14:11,2026,2,ELEIÇÃO ORDINÁRIA,1,6259,Eleições Gerais Estaduais 2026,04/10/2026,ESTADUAL,SC,SC,SANTA CATARINA,6,DEPUTADO FEDERAL,240002548532,5500,CRISTIANO JOSE DOS SANTOS,CRISTIANO DA PROTEÇÃO ANIMAL,#NULO,3010311931,NÃO DIVULGÁVEL,-3,#NE,PARTIDO ISOLADO,55,PSD,PARTIDO SOCIAL DEMOCRÁTICO,-1,#NULO,#NULO,#NULO,240001800920,PARTIDO ISOLADO,PSD,RJ,10/04/1980,34475000914,2,MASCULINO,7,SUPERIOR INCOMPLETO,1,SOLTEIRO(A),1,BRANCA,257,EMPRESÁRIO,5,SUPLENTE
05/10/2026,10:14:11,2026,2,ELEIÇÃO ORDINÁRIA,1,6259,Eleições Gerais Estaduais 2026,04/10/2026,ESTADUAL,SC,SC,SANTA CATARINA,6,DEPUTADO FEDERAL,240002548533,5522,JOAO BAPTISTA MARTINS NETO,JOÃO MARTINS,#NULO,7797837945,NÃO DIVULGÁVEL,-3,#NE,PARTIDO ISOLADO,55,PSD,PARTIDO SOCIAL DEMOCRÁTICO,-1,#NULO,#NULO,#NULO,240001800920,PARTIDO ISOLADO,PSD,SC,29/06/1990,51338880922,2,MASCULINO,6,ENSINO MÉDIO COMPLETO,3,CASADO(A),1,BRANCA,257,EMPRESÁRIO,5,SUPLENTE
05/10/2026,10:14:11,2026,2,ELEIÇÃO ORDINÁRIA,1,6259,Eleições Gerais Estaduais 2026,04/10/2026,ESTADUAL,SC,SC,SANTA CATARINA,6,DEPUTADO FEDERAL,240002548534,5555,SILVIO ALEXANDRE ZANCANARO,SILVIO ALEXANDRE ZANCANARO,#NULO,87158175987,NÃO DIVULGÁVEL,-3,#NE,PARTIDO ISOLADO,55,PSD,PARTIDO SOCIAL DEMOCRÁTICO,-1,#NULO,#NULO,#NULO,240001800920,PARTIDO ISOLADO,PSD,SC,09/03/1976,31870140973,2,MASCULINO,8,SUPERIOR COMPLETO,3,CASADO(A),1,BRANCA,124,CONTADOR,5,SUPLENTE
05/10/2026,10:14:11,2026,2,ELEIÇÃO ORDINÁRIA,1,6259,Eleições Gerais Estaduais 2026,04/10/2026,ESTADUAL,SC,SC,SANTA CATARINA,6,DEPUTADO FEDERAL,240002548535,5511,JULIO CESAR GARCIA,JULIO GARCIA,#NULO,7788460915,NÃO DIVULGÁVEL,-3,#NE,PARTIDO ISOLADO,55,PSD,PARTIDO SOCIAL DEMOCRÁTICO,-1,#NULO,#NULO,#NULO,240001800920,PARTIDO ISOLADO,PSD,SC,28/03/1950,14621540914,2,MASCULINO,6,ENSINO MÉDIO COMPLETO,9,DIVORCIADO(A),1,BRANCA,297,SERVIDOR PÚBLICO ESTADUAL,2,ELEITO POR QP
05/10/2026,10:14:11,2026,2,ELEIÇÃO ORDINÁRIA,1,6259,Eleições Gerais Estaduais 2026,04/10/2026,ESTADUAL,SC,SC,SANTA CATARINA,6,DEPUTADO FEDERAL,240002548536,5580,WILSON TREVISAN,TREVISAN,#NULO,34599886904,NÃO DIVULGÁVEL,-3,#NE,PARTIDO ISOLADO,55,PSD,PARTIDO SOCIAL DEMOCRÁTICO,-1,#NULO,#NULO,#NULO,240001800920,PARTIDO ISOLADO,PSD,SC,01/09/1957,17964690957,2,MASCULINO,8,SUPERIOR COMPLETO,3,CASADO(A),1,BRANCA,257,EMPRESÁRIO,5,SUPLENTE
05/10/2026,10:14:11,2026,2,ELEIÇÃO ORDINÁRIA,1,6259,Eleições Gerais Estaduais 2026,04/10/2026,ESTADUAL,SC,SC,SANTA CATARINA,6,DEPUTADO FEDERAL,240002548537,5577,ANA PAULA REITER,ANA REITER,#NULO,7578446932,NÃO DIVULGÁVEL,-3,#NE,PARTIDO ISOLADO,55,PSD,PARTIDO SOCIAL DEMOCRÁTICO,-1,#NULO,#NULO,#NULO,240001800920,PARTIDO ISOLADO,PSD,SC,24/06/1991,50539160973,4,FEMININO,8,SUPERIOR COMPLETO,1,SOLTEIRO(A),1,BRANCA,131,ADVOGADO,5,SUPLENTE
05/10/2026,10:14:11,2026,2,ELEIÇÃO ORDINÁRIA,1,6259,Eleições Gerais Estaduais 2026,04/10/2026,ESTADUAL,SC,SC,SANTA CATARINA,6,DEPUTADO FEDERAL,240002548538,5508,ASCENDINO BATISTA OLIVEIRA,PASTOR ASCENDINO BATISTA,#NULO,92118992904,NÃO DIVULGÁVEL,-3,#NE,PARTIDO ISOLADO,55,PSD,PARTIDO SOCIAL DEMOCRÁTICO,-1,#NULO,#NULO,#NULO,240001800920,PARTIDO ISOLADO,PSD,SC,18/03/1978,31141580973,2,MASCULINO,8,SUPERIOR COMPLETO,3,CASADO(A),1,BRANCA,999,OUTROS,5,SUPLENTE
05/10/2026,10:14:11,2026,2,ELEIÇÃO ORDINÁRIA,1,6259,Eleições Gerais Estaduais 2026,04/10/2026,ESTADUAL,SC,SC,SANTA CATARINA,6,DEPUTADO FEDERAL,240002548539,5588,JOÃO RAIMUNDO COLOMBO,RAIMUNDO COLOMBO,#NULO,29568420991,NÃO DIVULGÁVEL,-3,#NE,PARTIDO ISOLADO,55,PSD,PARTIDO SOCIAL DEMOCRÁTICO,-1,#NULO,#NULO,#NULO,240001800920,PARTIDO ISOLADO,PSD,SC,28/02/1955,10172580906,2,MASCULINO,5,ENSINO MÉDIO INCOMPLETO,9,DIVORCIADO(A),1,BRANCA,234,PRODUTOR AGROPECUÁRIO,5,SUPLENTE
05/10/2026,10:14:11,2026,2,ELEIÇÃO ORDINÁRIA,1,6259,Eleições Gerais Estaduais 2026,04/10/2026,ESTADUAL,SC,SC,SANTA CATARINA,6,DEPUTADO FEDERAL,240002548540,5515,DEISE DAIANA XAVIER CARDOSO,DEISE CARDOSO,#NULO,573441910,NÃO DIVULGÁVEL,-3,#NE,PARTIDO ISOLADO,55,PSD,PARTIDO SOCIAL DEMOCRÁTICO,-1,#NULO,#NULO,#NULO,240001800920,PARTIDO ISOLADO,PSD,SC,26/07/1981,39263010906,4,FEMININO,8,SUPERIOR COMPLETO,9,DIVORCIADO(A),1,BRANCA,131,ADVOGADO,5,SUPLENTE
05/10/2026,10:14:11,2026,2,ELEIÇÃO ORDINÁRIA,1,6259,Eleições Gerais Estaduais 2026,04/10/2026,ESTADUAL,SC,SC,SANTA CATARINA,6,DEPUTADO FEDERAL,240002548541,5510,HENRIQUE GERALDO FOLSTER JUNIOR,HENRIQUE FOLSTER,#NULO,4628840903,NÃO DIVULGÁVEL,-3,#NE,PARTIDO ISOLADO,55,PSD,PARTIDO SOCIAL DEMOCRÁTICO,-1,#NULO,#NULO,#NULO,240001800920,PARTIDO ISOLADO,PSD,SC,28/10/1984,44349520914,2,MASCULINO,8,SUPERIOR COMPLETO,3,CASADO(A),1,BRANCA,266,PROFESSOR DE ENSINO MÉDIO,5,SUPLENTE
05/10/2026,10:14:11,2026,2,ELEIÇÃO ORDINÁRIA,1,6259,Eleições Gerais Estaduais 2026,04/10/2026,ESTADUAL,SC,SC,SANTA CATARINA,6,DEPUTADO FEDERAL,240002548542,5525,PATRICIA LISBOA SANTOS BISSONI,PATRICIA LISBOA,#NULO,94061777572,NÃO DIVULGÁVEL,-3,#NE,PARTIDO ISOLADO,55,PSD,PARTIDO SOCIAL DEMOCRÁTICO,-1,#NULO,#NULO,#NULO,240001800920,PARTIDO ISOLADO,PSD,SE,22/10/1978,19152122143,4,FEMININO,8,SUPERIOR COMPLETO,3,CASADO(A),3,PARDA,172,PUBLICITÁRIO,5,SUPLENTE
05/10/2026,10:14:11,2026,2,ELEIÇÃO ORDINÁRIA,1,6259,Eleições Gerais Estaduais 2026,04/10/2026,ESTADUAL,SC,SC,SANTA CATARINA,6,DEPUTADO FEDERAL,240002551491,1522,ROBERTO LUIZ SALUM,ROBERTO SALUM,#NULO,28886402953,NÃO DIVULGÁVEL,-3,#NE,PARTIDO ISOLADO,15,MDB,MOVIMENTO DEMOCRÁTICO BRASILEIRO,-1,#NULO,#NULO,#NULO,240001800480,PARTIDO ISOLADO,MDB,SC,13/10/1956,5345500922,2,MASCULINO,8,SUPERIOR COMPLETO,1,SOLTEIRO(A),1,BRANCA,171,JORNALISTA E REDATOR,-1,#NULO
05/10/2026,10:14:11,2026,2,ELEIÇÃO ORDINÁRIA,1,6259,Eleições Gerais Estaduais 2026,04/10/2026,ESTADUAL,SC,SC,SANTA CATARINA,6,DEPUTADO FEDERAL,240002551663,2500,FABIANO DA SILVA,FABIANO PATRIOTA,#NULO,459649981,NÃO DIVULGÁVEL,-3,#NE,FEDERAÇÃO,25,PRD,PARTIDO RENOVACAO DEMOCRATICA,103,FEDERAÇÃO RENOVAÇÃO SOLIDÁRIA,25-PRD/77-SOLIDARIEDADE,25-PRD/77-SOLIDARIEDADE,240001801185,FEDERAÇÃO,FEDERAÇÃO RENOVAÇÃO SOLIDÁRIA (25-PRD / 77-SOLIDARIEDADE),SC,13/12/1975,31683300949,2,MASCULINO,7,SUPERIOR INCOMPLETO,9,DIVORCIADO(A),1,BRANCA,257,EMPRESÁRIO,4,NÃO ELEITO
05/10/2026,10:14:11,2026,2,ELEIÇÃO ORDINÁRIA,1,6259,Eleições Gerais Estaduais 2026,04/10/2026,ESTADUAL,SC,SC,SANTA CATARINA,6,DEPUTADO FEDERAL,240002551664,2552,MICHELLE SCHWANKE,MICHELLE SCHWANKE,#NULO,98829122904,NÃO DIVULGÁVEL,-3,#NE,FEDERAÇÃO,25,PRD,PARTIDO RENOVACAO DEMOCRATICA,103,FEDERAÇÃO RENOVAÇÃO SOLIDÁRIA,25-PRD/77-SOLIDARIEDADE,25-PRD/77-SOLIDARIEDADE,240001801185,FEDERAÇÃO,FEDERAÇÃO RENOVAÇÃO SOLIDÁRIA (25-PRD / 77-SOLIDARIEDADE),SC,15/07/1974,30633190922,4,FEMININO,8,SUPERIOR COMPLETO,1,SOLTEIRO(A),1,BRANCA,102,ARQUITETO,4,NÃO ELEITO
05/10/2026,10:14:11,2026,2,ELEIÇÃO ORDINÁRIA,1,6259,Eleições Gerais Estaduais 2026,04/10/2026,ESTADUAL,SC,SC,SANTA CATARINA,6,DEPUTADO FEDERAL,240002551665,2557,LINDAMERI DE OLIVEIRA RODRIGUES,LINDAMERI RODRIGUES,#NULO,10011095970,NÃO DIVULGÁVEL,-3,#NE,FEDERAÇÃO,25,PRD,PARTIDO RENOVACAO DEMOCRATICA,103,FEDERAÇÃO RENOVAÇÃO SOLIDÁRIA,25-PRD/77-SOLIDARIEDADE,25-PRD/77-SOLIDARIEDADE,240001801185,FEDERAÇÃO,FEDERAÇÃO RENOVAÇÃO SOLIDÁRIA (25-PRD / 77-SOLIDARIEDADE),SC,26/12/1996,60491720981,4,FEMININO,3,ENSINO FUNDAMENTAL INCOMPLETO,1,SOLTEIRO(A),1,BRANCA,581,DONA DE CASA,4,NÃO ELEITO
05/10/2026,10:14:11,2026,2,ELEIÇÃO ORDINÁRIA,1,6259,Eleições Gerais Estaduais 2026,04/10/2026,ESTADUAL,SC,SC,SANTA CATARINA,6,DEPUTADO FEDERAL,240002551666,7707,ADRIANA MAZZUCCO ZANELATO,ADRIANA MAZZUCCO,#NULO,2937701906,NÃO DIVULGÁVEL,-3,#NE,FEDERAÇÃO,77,SOLIDARIEDADE,SOLIDARIEDADE,103,FEDERAÇÃO RENOVAÇÃO SOLIDÁRIA,25-PRD/77-SOLIDARIEDADE,25-PRD/77-SOLIDARIEDADE,240001801185,FEDERAÇÃO,FEDERAÇÃO RENOVAÇÃO SOLIDÁRIA (25-PRD / 77-SOLIDARIEDADE),SC,02/07/1974,31524980922,4,FEMININO,3,ENSINO FUNDAMENTAL INCOMPLETO,9,DIVORCIADO(A),1,BRANCA,169,COMERCIANTE,4,NÃO ELEITO
05/10/2026,10:14:11,2026,2,ELEIÇÃO ORDINÁRIA,1,6259,Eleições Gerais Estaduais 2026,04/10/2026,ESTADUAL,SC,SC,SANTA CATARINA,6,DEPUTADO FEDERAL,240002551667,2522,ALEXSANDRO BURNIER,ALEX BURNIER,#NULO,6254606933,NÃO DIVULGÁVEL,-3,#NE,FEDERAÇÃO,25,PRD,PARTIDO RENOVACAO DEMOCRATICA,103,FEDERAÇÃO RENOVAÇÃO SOLIDÁRIA,25-PRD/77-SOLIDARIEDADE,25-PRD/77-SOLIDARIEDADE,240001801185,FEDERAÇÃO,FEDERAÇÃO RENOVAÇÃO SOLIDÁRIA (25-PRD / 77-SOLIDARIEDADE),SC,15/06/1988,51006420914,2,MASCULINO,6,ENSINO MÉDIO COMPLETO,3,CASADO(A),1,BRANCA,278,VEREADOR,4,NÃO ELEITO
05/10/2026,10:14:11,2026,2,ELEIÇÃO ORDINÁRIA,1,6259,Eleições Gerais Estaduais 2026,04/10/2026,ESTADUAL,SC,SC,SANTA CATARINA,6,DEPUTADO FEDERAL,240002551668,2555,DECIO ANTONIO MOSER,DECIO MOSER,#NULO,812382900,NÃO DIVULGÁVEL,-3,#NE,FEDERAÇÃO,25,PRD,PARTIDO RENOVACAO DEMOCRATICA,103,FEDERAÇÃO RENOVAÇÃO SOLIDÁRIA,25-PRD/77-SOLIDARIEDADE,25-PRD/77-SOLIDARIEDADE,240001801185,FEDERAÇÃO,FEDERAÇÃO RENOVAÇÃO SOLIDÁRIA (25-PRD / 77-SOLIDARIEDADE),SC,16/08/1944,1439680957,2,MASCULINO,8,SUPERIOR COMPLETO,3,CASADO(A),1,BRANCA,999,OUTROS,4,NÃO ELEITO
05/10/2026,10:14:11,2026,2,ELEIÇÃO ORDINÁRIA,1,6259,Eleições Gerais Estaduais 2026,04/10/2026,ESTADUAL,SC,SC,SANTA CATARINA,6,DEPUTADO FEDERAL,240002551669,7777,CLEBER LUCIANO SANTANA,CABO SANTANA,#NULO,58573070234,NÃO DIVULGÁVEL,-3,#NE,FEDERAÇÃO,77,SOLIDARIEDADE,SOLIDARIEDADE,103,FEDERAÇÃO RENOVAÇÃO SOLIDÁRIA,25-PRD/77-SOLIDARIEDADE,25-PRD/77-SOLIDARIEDADE,240001801185,FEDERAÇÃO,FEDERAÇÃO RENOVAÇÃO SOLIDÁRIA (25-PRD / 77-SOLIDARIEDADE),PR,15/03/1976,38431610906,2,MASCULINO,8,SUPERIOR COMPLETO,1,SOLTEIRO(A),3,PARDA,999,OUTROS,4,NÃO ELEITO
05/10/2026,10:14:11,2026,2,ELEIÇÃO ORDINÁRIA,1,6259,Eleições Gerais Estaduais 2026,04/10/2026,ESTADUAL,SC,SC,SANTA CATARINA,6,DEPUTADO FEDERAL,240002551670,2526,VAGNER BRAGA TEBALDE,VAGNÃO DO TÊXTIL,#NULO,4678213996,NÃO DIVULGÁVEL,-3,#NE,FEDERAÇÃO,25,PRD,PARTIDO RENOVACAO DEMOCRATICA,103,FEDERAÇÃO RENOVAÇÃO SOLIDÁRIA,25-PRD/77-SOLIDARIEDADE,25-PRD/77-SOLIDARIEDADE,240001801185,FEDERAÇÃO,FEDERAÇÃO RENOVAÇÃO SOLIDÁRIA (25-PRD / 77-SOLIDARIEDADE),PR,27/06/1986,88245370639,2,MASCULINO,8,SUPERIOR COMPLETO,3,CASADO(A),1,BRANCA,101,ENGENHEIRO,4,NÃO ELEITO
05/10/2026,10:14:11,2026,2,ELEIÇÃO ORDINÁRIA,1,6259,Eleições Gerais Estaduais 2026,04/10/2026,ESTADUAL,SC,SC,SANTA CATARINA,6,DEPUTADO FEDERAL,240002551671,2575,DINARA CAROLINE DE OLIVEIRA,CAROL UBER,#NULO,3261649950,NÃO DIVULGÁVEL,-3,#NE,FEDERAÇÃO,25,PRD,PARTIDO RENOVACAO DEMOCRATICA,103,FEDERAÇÃO RENOVAÇÃO SOLIDÁRIA,25-PRD/77-SOLIDARIEDADE,25-PRD/77-SOLIDARIEDADE,240001801185,FEDERAÇÃO,FEDERAÇÃO RENOVAÇÃO SOLIDÁRIA (25-PRD / 77-SOLIDARIEDADE),PR,05/07/1980,67520630647,4,FEMININO,4,ENSINO FUNDAMENTAL COMPLETO,5,VIÚVO(A),1,BRANCA,999,OUTROS,4,NÃO ELEITO
05/10/2026,10:14:11,2026,2,ELEIÇÃO ORDINÁRIA,1,6259,Eleições Gerais Estaduais 2026,04/10/2026,ESTADUAL,SC,SC,SANTA CATARINA,6,DEPUTADO FEDERAL,240002551672,2577,MARIA ANGELITA BURGEL FRANKE,ANGEL,#NULO,90664167934,NÃO DIVULGÁVEL,-3,#NE,FEDERAÇÃO,25,PRD,PARTIDO RENOVACAO DEMOCRATICA,103,FEDERAÇÃO RENOVAÇÃO SOLIDÁRIA,25-PRD/77-SOLIDARIEDADE,25-PRD/77-SOLIDARIEDADE,240001801185,FEDERAÇÃO,FEDERAÇÃO RENOVAÇÃO SOLIDÁRIA (25-PRD / 77-SOLIDARIEDADE),PR,22/10/1978,35583890949,4,FEMININO,7,SUPERIOR INCOMPLETO,9,DIVORCIADO(A),1,BRANCA,257,EMPRESÁRIO,4,NÃO ELEITO
05/10/2026,10:14:11,2026,2,ELEIÇÃO ORDINÁRIA,1,6259,Eleições Gerais Estaduais 2026,04/10/2026,ESTADUAL,SC,SC,SANTA CATARINA,6,DEPUTADO FEDERAL,240002551673,2520,GUILHERME HENRIQUE DE OLIVEIRA,GUILHERME HENRIQUE,#NULO,6283892990,NÃO DIVULGÁVEL,-3,#NE,FEDERAÇÃO,25,PRD,PARTIDO RENOVACAO DEMOCRATICA,103,FEDERAÇÃO RENOVAÇÃO SOLIDÁRIA,25-PRD/77-SOLIDARIEDADE,25-PRD/77-SOLIDARIEDADE,240001801185,FEDERAÇÃO,FEDERAÇÃO RENOVAÇÃO SOLIDÁRIA (25-PRD / 77-SOLIDARIEDADE),SC,02/01/1988,46703060930,2,MASCULINO,8,SUPERIOR COMPLETO,1,SOLTEIRO(A),1,BRANCA,101,ENGENHEIRO,4,NÃO ELEITO
05/10/2026,10:14:11,2026,2,ELEIÇÃO ORDINÁRIA,1,6259,Eleições Gerais Estaduais 2026,04/10/2026,ESTADUAL,SC,SC,SANTA CATARINA,6,DEPUTADO FEDERAL,240002551674,7722,JORGE GODINHO DA SILVA,GODINHO,#NULO,51164027972,NÃO DIVULGÁVEL,-3,#NE,FEDERAÇÃO,77,SOLIDARIEDADE,SOLIDARIEDADE,103,FEDERAÇÃO RENOVAÇÃO SOLIDÁRIA,25-PRD/77-SOLIDARIEDADE,25-PRD/77-SOLIDARIEDADE,240001801185,FEDERAÇÃO,FEDERAÇÃO RENOVAÇÃO SOLIDÁRIA (25-PRD / 77-SOLIDARIEDADE),RS,06/07/1962,29675370957,2,MASCULINO,5,ENSINO MÉDIO INCOMPLETO,3,CASADO(A),3,PARDA,125,ADMINISTRADOR,4,NÃO ELEITO
05/10/2026,10:14:11,2026,2,ELEIÇÃO ORDINÁRIA,1,6259,Eleições Gerais Estaduais 2026,04/10/2026,ESTADUAL,SC,SC,SANTA CATARINA,6,DEPUTADO FEDERAL,240002551676,7090,HAMILTON MENDES DE OLIVEIRA,INDIO FOTOGRAFO,#NULO,74635760944,NÃO DIVULGÁVEL,-3,#NE,PARTIDO ISOLADO,70,AVANTE,AVANTE,-1,#NULO,#NULO,#NULO,240001801186,PARTIDO ISOLADO,AVANTE,PR,24/09/1968,28044510973,2,MASCULINO,3,ENSINO FUNDAMENTAL INCOMPLETO,1,SOLTEIRO(A),3,PARDA,190,FOTÓGRAFO E ASSEMELHADOS,4,NÃO ELEITO
05/10/2026,10:14:11,2026,2,ELEIÇÃO ORDINÁRIA,1,6259,Eleições Gerais Estaduais 2026,04/10/2026,ESTADUAL,SC,SC,SANTA CATARINA,6,DEPUTADO FEDERAL,240002551677,7040,CLAUDIO WESLEY DA SILVA,CLAUDINHO DO FUTEBOL,#NULO,29421727894,NÃO DIVULGÁVEL,-3,#NE,PARTIDO ISOLADO,70,AVANTE,AVANTE,-1,#NULO,#NULO,#NULO,240001801186,PARTIDO ISOLADO,AVANTE,SP,13/04/1981,245691080116,2,MASCULINO,7,SUPERIOR INCOMPLETO,3,CASADO(A),2,PRETA,298,SERVIDOR PÚBLICO MUNICIPAL,4,NÃO ELEITO
05/10/2026,10:14:11,2026,2,ELEIÇÃO ORDINÁRIA,1,6259,Eleições Gerais Estaduais 2026,04/10/2026,ESTADUAL,SC,SC,SANTA CATARINA,6,DEPUTADO FEDERAL,240002551678,7072,MICHELLE SILVIA PAIVA,MICHELLE PAIVA,#NULO,2151505979,NÃO DIVULGÁVEL,-3,#NE,PARTIDO ISOLADO,70,AVANTE,AVANTE,-1,#NULO,#NULO,#NULO,240001801186,PARTIDO ISOLADO,AVANTE,PR,25/04/1978,32801460973,4,FEMININO,7,SUPERIOR INCOMPLETO,9,DIVORCIADO(A),3,PARDA,297,SERVIDOR PÚBLICO ESTADUAL,4,NÃO ELEITO
05/10/2026,10:14:11,2026,2,ELEIÇÃO ORDINÁRIA,1,6259,Eleições Gerais Estaduais 2026,04/10/2026,ESTADUAL,SC,SC,SANTA CATARINA,6,DEPUTADO FEDERAL,240002551679,7013,SABRINA DA CONCEICAO ANTONIO,A SABRINA DA CONCEIÇÃO,SABRINA DA CONCEICAO ANTONIO,6735105656,NÃO DIVULGÁVEL,-3,#NE,PARTIDO ISOLADO,70,AVANTE,AVANTE,-1,#NULO,#NULO,#NULO,240001801186,PARTIDO ISOLADO,AVANTE,MG,11/06/1984,152974240256,4,FEMININO,6,ENSINO MÉDIO COMPLETO,1,SOLTEIRO(A),2,PRETA,257,EMPRESÁRIO,4,NÃO ELEITO
05/10/2026,10:14:11,2026,2,ELEIÇÃO ORDINÁRIA,1,6259,Eleições Gerais Estaduais 2026,04/10/2026,ESTADUAL,SC,SC,SANTA CATARINA,6,DEPUTADO FEDERAL,240002551680,7007,ANGEL MIGUEL GOMES SCHON,DJ ANGEL,ANGEL MIGUEL GOMES SCHON,13109087960,NÃO DIVULGÁVEL,-3,#NE,PARTIDO ISOLADO,70,AVANTE,AVANTE,-1,#NULO,#NULO,#NULO,240001801186,PARTIDO ISOLADO,AVANTE,PR,07/04/2004,67277940922,4,FEMININO,6,ENSINO MÉDIO COMPLETO,1,SOLTEIRO(A),1,BRANCA,170,COMERCIÁRIO,4,NÃO ELEITO
05/10/2026,10:14:11,2026,2,ELEIÇÃO ORDINÁRIA,1,6259,Eleições Gerais Estaduais 2026,04/10/2026,ESTADUAL,SC,SC,SANTA CATARINA,6,DEPUTADO FEDERAL,240002551681,7077,RUTINEIA FONSECA QUINZEN KOPP,RUTI QUINZEN,#NULO,62048465072,NÃO DIVULGÁVEL,-3,#NE,PARTIDO ISOLADO,70,AVANTE,AVANTE,-1,#NULO,#NULO,#NULO,240001801186,PARTIDO ISOLADO,AVANTE,RS,19/12/1977,79044680493,4,FEMININO,8,SUPERIOR COMPLETO,7,SEPARADO(A) JUDICIALMENTE,1,BRANCA,257,EMPRESÁRIO,4,NÃO ELEITO
05/10/2026,10:14:11,2026,2,ELEIÇÃO ORDINÁRIA,1,6259,Eleições Gerais Estaduais 2026,04/10/2026,ESTADUAL,SC,SC,SANTA CATARINA,6,DEPUTADO FEDERAL,240002551682,7017,RODRIGO MICHALSKI SIMÃO,RODRIGO SIMÃO,#NULO,72241888087,NÃO DIVULGÁVEL,-3,#NE,PARTIDO ISOLADO,70,AVANTE,AVANTE,-1,#NULO,#NULO,#NULO,240001801186,PARTIDO ISOLADO,AVANTE,RS,05/01/1978,71100990477,2,MASCULINO,7,SUPERIOR INCOMPLETO,1,SOLTEIRO(A),1,BRANCA,411,VENDEDOR DE COMÉRCIO VAREJISTA E ATACADISTA,4,NÃO ELEITO
05/10/2026,10:14:11,2026,2,ELEIÇÃO ORDINÁRIA,1,6259,Eleições Gerais Estaduais 2026,04/10/2026,ESTADUAL,SC,SC,SANTA CATARINA,6,DEPUTADO FEDERAL,240002551683,7020,SADI MIGUEL RIBEIRO,SADI RIBEIRO,#NULO,60783532920,NÃO DIVULGÁVEL,-3,#NE,PARTIDO ISOLADO,70,AVANTE,AVANTE,-1,#NULO,#NULO,#NULO,240001801186,PARTIDO ISOLADO,AVANTE,SC,28/09/1966,7928120922,2,MASCULINO,7,SUPERIOR INCOMPLETO,3,CASADO(A),3,PARDA,257,EMPRESÁRIO,4,NÃO ELEITO
05/10/2026,10:14:11,2026,2,ELEIÇÃO ORDINÁRIA,1,6259,Eleições Gerais Estaduais 2026,04/10/2026,ESTADUAL,SC,SC,SANTA CATARINA,6,DEPUTADO FEDERAL,240002551684,7012,DAIANE CAMPOS AMERICO BITTENCOURTE,DAIANE AMERICO,#NULO,6797341981,NÃO DIVULGÁVEL,-3,#NE,PARTIDO ISOLADO,70,AVANTE,AVANTE,-1,#NULO,#NULO,#NULO,240001801186,PARTIDO ISOLADO,AVANTE,SC,07/10/1988,49086960906,4,FEMININO,8,SUPERIOR COMPLETO,9,DIVORCIADO(A),1,BRANCA,257,EMPRESÁRIO,4,NÃO ELEITO
05/10/2026,10:14:11,2026,2,ELEIÇÃO ORDINÁRIA,1,6259,Eleições Gerais Estaduais 2026,04/10/2026,ESTADUAL,SC,SC,SANTA CATARINA,6,DEPUTADO FEDERAL,240002551685,7022,LEVI RIOSCHI,LEVI RIOSCHI,#NULO,78779243991,NÃO DIVULGÁVEL,-3,#NE,PARTIDO ISOLADO,70,AVANTE,AVANTE,-1,#NULO,#NULO,#NULO,240001801186,PARTIDO ISOLADO,AVANTE,SC,29/08/1973,31287820949,2,MASCULINO,8,SUPERIOR COMPLETO,9,DIVORCIADO(A),3,PARDA,291,OCUPANTE DE CARGO EM COMISSÃO,4,NÃO ELEITO
05/10/2026,10:14:11,2026,2,ELEIÇÃO ORDINÁRIA,1,6259,Eleições Gerais Estaduais 2026,04/10/2026,ESTADUAL,SC,SC,SANTA CATARINA,6,DEPUTADO FEDERAL,240002551686,7001,ALEX ALEXANDRE DALLA VECCHIO RUDNISKI,POLAQUINHO,#NULO,4927631940,NÃO DIVULGÁVEL,-3,#NE,PARTIDO ISOLADO,70,AVANTE,AVANTE,-1,#NULO,#NULO,#NULO,240001801186,PARTIDO ISOLADO,AVANTE,SC,27/02/1986,43439920965,2,MASCULINO,8,SUPERIOR COMPLETO,3,CASADO(A),1,BRANCA,101,ENGENHEIRO,-1,#NULO
05/10/2026,10:14:11,2026,2,ELEIÇÃO ORDINÁRIA,1,6259,Eleições Gerais Estaduais 2026,04/10/2026,ESTADUAL,SC,SC,SANTA CATARINA,6,DEPUTADO FEDERAL,240002551687,7000,MAURI JOSÉ DARTORA,MAURI DAS LAJOTAS,#NULO,62530658900,NÃO DIVULGÁVEL,-3,#NE,PARTIDO ISOLADO,70,AVANTE,AVANTE,-1,#NULO,#NULO,#NULO,240001801186,PARTIDO ISOLADO,AVANTE,SC,09/05/1967,25843580930,2,MASCULINO,4,ENSINO FUNDAMENTAL COMPLETO,1,SOLTEIRO(A),1,BRANCA,257,EMPRESÁRIO,4,NÃO ELEITO
05/10/2026,10:14:11,2026,2,ELEIÇÃO ORDINÁRIA,1,6259,Eleições Gerais Estaduais 2026,04/10/2026,ESTADUAL,SC,SC,SANTA CATARINA,6,DEPUTADO FEDERAL,240002551688,7044,RICARDO JOSÉ RODRIGUES,RICARDO RODRIGUES,#NULO,73978264900,NÃO DIVULGÁVEL,-3,#NE,PARTIDO ISOLADO,70,AVANTE,AVANTE,-1,#NULO,#NULO,#NULO,240001801186,PARTIDO ISOLADO,AVANTE,SC,13/07/1972,25565610930,2,MASCULINO,6,ENSINO MÉDIO COMPLETO,3,CASADO(A),1,BRANCA,403,"CORRETOR DE IMÓVEIS, SEGUROS, TÍTULOS E VALORES",4,NÃO ELEITO
05/10/2026,10:14:11,2026,2,ELEIÇÃO ORDINÁRIA,1,6259,Eleições Gerais Estaduais 2026,04/10/2026,ESTADUAL,SC,SC,SANTA CATARINA,6,DEPUTADO FEDERAL,240002551689,7088,IVO PAULINO MACHADO,IVO MACHADO,#NULO,62747754715,NÃO DIVULGÁVEL,-3,#NE,PARTIDO ISOLADO,70,AVANTE,AVANTE,-1,#NULO,#NULO,#NULO,240001801186,PARTIDO ISOLADO,AVANTE,SC,19/05/1960,24430210981,2,MASCULINO,6,ENSINO MÉDIO COMPLETO,9,DIVORCIADO(A),1,BRANCA,403,"CORRETOR DE IMÓVEIS, SEGUROS, TÍTULOS E VALORES",4,NÃO ELEITO
05/10/2026,10:14:11,2026,2,ELEIÇÃO ORDINÁRIA,1,6259,Eleições Gerais Estaduais 2026,04/10/2026,ESTADUAL,SC,SC,SANTA CATARINA,6,DEPUTADO FEDERAL,240002551690,7070,DAVI MESQUITA LOPES DE ALMEIDA,DAVI ALMEIDA,#NULO,18622563731,NÃO DIVULGÁVEL,-3,#NE,PARTIDO ISOLADO,70,AVANTE,AVANTE,-1,#NULO,#NULO,#NULO,240001801186,PARTIDO ISOLADO,AVANTE,RJ,12/08/2000,172826590345,2,MASCULINO,7,SUPERIOR INCOMPLETO,1,SOLTEIRO(A),2,PRETA,257,EMPRESÁRIO,4,NÃO ELEITO
05/10/2026,10:14:11,2026,2,ELEIÇÃO ORDINÁRIA,1,6259,Eleições Gerais Estaduais 2026,04/10/2026,ESTADUAL,SC,SC,SANTA CATARINA,6,DEPUTADO FEDERAL,240002551691,7080,LUIZ HENRIQUE BERNARDO DA SILVA,LUIZÃO DE CHAPECÓ,#NULO,37566202715,NÃO DIVULGÁVEL,-3,#NE,PARTIDO ISOLADO,70,AVANTE,AVANTE,-1,#NULO,#NULO,#NULO,240001801186,PARTIDO ISOLADO,AVANTE,RJ,10/06/1957,21340710345,2,MASCULINO,7,SUPERIOR INCOMPLETO,9,DIVORCIADO(A),2,PRETA,601,AGRICULTOR,4,NÃO ELEITO
05/10/2026,10:14:11,2026,2,ELEIÇÃO ORDINÁRIA,1,6259,Eleições Gerais Estaduais 2026,04/10/2026,ESTADUAL,SC,SC,SANTA CATARINA,6,DEPUTADO FEDERAL,240002551692,7055,MARIA ANGÉLICA COSTA,PROFESSORA ANGÉLICA,#NULO,35247630653,NÃO DIVULGÁVEL,-3,#NE,PARTIDO ISOLADO,70,AVANTE,AVANTE,-1,#NULO,#NULO,#NULO,240001801186,PARTIDO ISOLADO,AVANTE,MG,29/06/1960,5427620922,4,FEMININO,8,SUPERIOR COMPLETO,5,VIÚVO(A),2,PRETA,922,SERVIDOR PÚBLICO CIVIL APOSENTADO,4,NÃO ELEITO
05/10/2026,10:14:11,2026,2,ELEIÇÃO ORDINÁRIA,1,6259,Eleições Gerais Estaduais 2026,04/10/2026,ESTADUAL,SC,SC,SANTA CATARINA,6,DEPUTADO FEDERAL,240002551730,1172,SIMONE KATSWINCKEL DA SILVA,SIMONE KATSWINCKEL,#NULO,88686825915,NÃO DIVULGÁVEL,-3,#NE,FEDERAÇÃO,11,PP,PROGRESSISTAS,104,FEDERAÇÃO UNIÃO PROGRESSISTA,44-UNIÃO/11-PP,44-UNIÃO/11-PP,240001800590,FEDERAÇÃO,FEDERAÇÃO UNIÃO PROGRESSISTA (44-UNIÃO / 11-PP),RJ,05/02/1972,26951060914,4,FEMININO,7,SUPERIOR INCOMPLETO,1,SOLTEIRO(A),2,PRETA,394,AUXILIAR DE ESCRITÓRIO E ASSEMELHADOS,5,SUPLENTE
05/10/2026,10:14:11,2026,2,ELEIÇÃO ORDINÁRIA,1,6259,Eleições Gerais Estaduais 2026,04/10/2026,ESTADUAL,SC,SC,SANTA CATARINA,6,DEPUTADO FEDERAL,240002552192,7010,SERGIO FIORE DOS SANTOS MARINELLO,SERGIO MARINELLO,#NULO,2473883947,NÃO DIVULGÁVEL,-3,#NE,PARTIDO ISOLADO,70,AVANTE,AVANTE,-1,#NULO,#NULO,#NULO,240001801186,PARTIDO ISOLADO,AVANTE,SP,10/11/1979,66155880663,2,MASCULINO,8,SUPERIOR COMPLETO,1,SOLTEIRO(A),1,BRANCA,257,EMPRESÁRIO,4,NÃO ELEITO
05/10/2026,10:14:11,2026,2,ELEIÇÃO ORDINÁRIA,1,6259,Eleições Gerais Estaduais 2026,04/10/2026,ESTADUAL,SC,SC,SANTA CATARINA,6,DEPUTADO FEDERAL,240002552940,7712,SILVANA DA SILVA SILVANO,ENGENHEIRA SILVANA SILVANO,#NULO,481161902,NÃO DIVULGÁVEL,-3,#NE,FEDERAÇÃO,77,SOLIDARIEDADE,SOLIDARIEDADE,103,FEDERAÇÃO RENOVAÇÃO SOLIDÁRIA,25-PRD/77-SOLIDARIEDADE,25-PRD/77-SOLIDARIEDADE,240001801185,FEDERAÇÃO,FEDERAÇÃO RENOVAÇÃO SOLIDÁRIA (25-PRD / 77-SOLIDARIEDADE),SC,16/03/1978,37645310957,4,FEMININO,8,SUPERIOR COMPLETO,1,SOLTEIRO(A),1,BRANCA,101,ENGENHEIRO,4,NÃO ELEITO
05/10/2026,10:14:11,2026,2,ELEIÇÃO ORDINÁRIA,1,6259,Eleições Gerais Estaduais 2026,04/10/2026,ESTADUAL,SC,SC,SANTA CATARINA,6,DEPUTADO FEDERAL,240002552941,2525,ROSANGELA CARMINATTI,ROSANGELA CARMINATTI,#NULO,2457607922,NÃO DIVULGÁVEL,-3,#NE,FEDERAÇÃO,25,PRD,PARTIDO RENOVACAO DEMOCRATICA,103,FEDERAÇÃO RENOVAÇÃO SOLIDÁRIA,25-PRD/77-SOLIDARIEDADE,25-PRD/77-SOLIDARIEDADE,240001801185,FEDERAÇÃO,FEDERAÇÃO RENOVAÇÃO SOLIDÁRIA (25-PRD / 77-SOLIDARIEDADE),SC,29/07/1976,34947580922,4,FEMININO,7,SUPERIOR INCOMPLETO,3,CASADO(A),1,BRANCA,403,"CORRETOR DE IMÓVEIS, SEGUROS, TÍTULOS E VALORES",4,NÃO ELEITO
05/10/2026,10:14:11,2026,2,ELEIÇÃO ORDINÁRIA,1,6259,Eleições Gerais Estaduais 2026,04/10/2026,ESTADUAL,SC,SC,SANTA CATARINA,6,DEPUTADO FEDERAL,240002553053,2080,LUIZ FERNANDO FERREIRA,FERNANDO FERREIRA (GÊMEOS),#NULO,8212746941,NÃO DIVULGÁVEL,-3,#NE,PARTIDO ISOLADO,20,PODE,PODEMOS,-1,#NULO,#NULO,#NULO,240001800376,PARTIDO ISOLADO,PODE,SC,29/09/1994,54772330981,2,MASCULINO,8,SUPERIOR COMPLETO,1,SOLTEIRO(A),1,BRANCA,131,ADVOGADO,5,SUPLENTE
05/10/2026,10:14:11,2026,2,ELEIÇÃO ORDINÁRIA,1,6259,Eleições Gerais Estaduais 2026,04/10/2026,ESTADUAL,SC,SC,SANTA CATARINA,6,DEPUTADO FEDERAL,240002553054,2090,ELAINE CRISTINA CASAS FLORIANO,ELAINE CASAS,#NULO,5945351903,NÃO DIVULGÁVEL,-3,#NE,PARTIDO ISOLADO,20,PODE,PODEMOS,-1,#NULO,#NULO,#NULO,240001800376,PARTIDO ISOLADO,PODE,SC,05/12/1986,47563750930,4,FEMININO,7,SUPERIOR INCOMPLETO,3,CASADO(A),1,BRANCA,581,DONA DE CASA,5,SUPLENTE
05/10/2026,10:14:11,2026,2,ELEIÇÃO ORDINÁRIA,1,6259,Eleições Gerais Estaduais 2026,04/10/2026,ESTADUAL,SC,SC,SANTA CATARINA,6,DEPUTADO FEDERAL,240002553720,2929,ARTHUR CESCONETTO SOUZA,ARTHUR CESCONETTO,#NULO,11263659985,NÃO DIVULGÁVEL,-3,#NE,PARTIDO ISOLADO,29,PCO,PARTIDO DA CAUSA OPERÁRIA,-1,#NULO,#NULO,#NULO,240001801439,PARTIDO ISOLADO,PCO,SC,20/01/2002,63608900914,2,MASCULINO,5,ENSINO MÉDIO INCOMPLETO,1,SOLTEIRO(A),1,BRANCA,931,"ESTUDANTE, BOLSISTA, ESTAGIÁRIO E ASSEMELHADOS",4,NÃO ELEITO
05/10/2026,10:14:11,2026,2,ELEIÇÃO ORDINÁRIA,1,6259,Eleições Gerais Estaduais 2026,04/10/2026,ESTADUAL,SC,SC,SANTA CATARINA,6,DEPUTADO FEDERAL,240002553721,2999,ANA PAULA ADAO,ANA PAULA ADÃO,#NULO,461568950,NÃO DIVULGÁVEL,-3,#NE,PARTIDO ISOLADO,29,PCO,PARTIDO DA CAUSA OPERÁRIA,-1,#NULO,#NULO,#NULO,240001801439,PARTIDO ISOLADO,PCO,SC,23/05/1981,37897410914,4,FEMININO,8,SUPERIOR COMPLETO,1,SOLTEIRO(A),1,BRANCA,593,DESPACHANTE,4,NÃO ELEITO
05/10/2026,10:14:11,2026,2,ELEIÇÃO ORDINÁRIA,1,6259,Eleições Gerais Estaduais 2026,04/10/2026,ESTADUAL,SC,SC,SANTA CATARINA,6,DEPUTADO FEDERAL,240002554036,2510,MARCOS ROGERIO COLARES,MARCOS COLARES,#NULO,63831155968,NÃO DIVULGÁVEL,-3,#NE,FEDERAÇÃO,25,PRD,PARTIDO RENOVACAO DEMOCRATICA,103,FEDERAÇÃO RENOVAÇÃO SOLIDÁRIA,25-PRD/77-SOLIDARIEDADE,25-PRD/77-SOLIDARIEDADE,240001801185,FEDERAÇÃO,FEDERAÇÃO RENOVAÇÃO SOLIDÁRIA (25-PRD / 77-SOLIDARIEDADE),SC,07/11/1964,17047230949,2,MASCULINO,8,SUPERIOR COMPLETO,3,CASADO(A),1,BRANCA,257,EMPRESÁRIO,4,NÃO ELEITO
05/10/2026,10:14:11,2026,2,ELEIÇÃO ORDINÁRIA,1,6259,Eleições Gerais Estaduais 2026,04/10/2026,ESTADUAL,SC,SC,SANTA CATARINA,6,DEPUTADO FEDERAL,240002554185,7767,GLENDA CATIUSSALA CABRERA DA SILVA BONI,GLENDA BONI,#NULO,7530028928,NÃO DIVULGÁVEL,-3,#NE,FEDERAÇÃO,77,SOLIDARIEDADE,SOLIDARIEDADE,103,FEDERAÇÃO RENOVAÇÃO SOLIDÁRIA,25-PRD/77-SOLIDARIEDADE,25-PRD/77-SOLIDARIEDADE,240001801185,FEDERAÇÃO,FEDERAÇÃO RENOVAÇÃO SOLIDÁRIA (25-PRD / 77-SOLIDARIEDADE),PR,15/09/1989,58894860914,4,FEMININO,6,ENSINO MÉDIO COMPLETO,1,SOLTEIRO(A),1,BRANCA,303,GERENTE,4,NÃO ELEITO
